{
    "63e3f699-08ee-4bc6-91c0-449a23bea0b4": {
        "name": "Y/N",
        "character_uuid": "8c05e531-d7a2-4093-a743-2034016072f8",
        "text": {
            "en": "",
            "fr": "",
            "es": "(...)"
        },
        "parent": "root",
        "next": "89128e1e-263f-477f-bdb1-2f15da7e0ddf"
    },
    "89128e1e-263f-477f-bdb1-2f15da7e0ddf": {
        "name": "Y/N",
        "character_uuid": "8c05e531-d7a2-4093-a743-2034016072f8",
        "text": {
            "en": "",
            "fr": "",
            "es": "(...) "
        },
        "parent": "63e3f699-08ee-4bc6-91c0-449a23bea0b4",
        "next": "f3df552e-2a93-4736-97a1-8b937f33f18e"
    },
    "f3df552e-2a93-4736-97a1-8b937f33f18e": {
        "name": "Y/N",
        "character_uuid": "8c05e531-d7a2-4093-a743-2034016072f8",
        "text": {
            "en": "",
            "fr": "",
            "es": "(...)"
        },
        "parent": "89128e1e-263f-477f-bdb1-2f15da7e0ddf",
        "next": "1abc2147-da94-4964-b99f-e43e0b0c1be3"
    },
    "1abc2147-da94-4964-b99f-e43e0b0c1be3": {
        "name": "Y/N",
        "character_uuid": "8c05e531-d7a2-4093-a743-2034016072f8",
        "text": {
            "en": "",
            "fr": "",
            "es": "(... qué sueño...)"
        },
        "parent": "f3df552e-2a93-4736-97a1-8b937f33f18e",
        "next": "8ab8a023-c326-4493-8a02-41dade13efdb"
    },
    "8ab8a023-c326-4493-8a02-41dade13efdb": {
        "name": "Y/N",
        "character_uuid": "8c05e531-d7a2-4093-a743-2034016072f8",
        "text": {
            "en": "",
            "fr": "",
            "es": "(....)"
        },
        "parent": "1abc2147-da94-4964-b99f-e43e0b0c1be3",
        "next": "b2f5c8c1-311f-4229-9686-2d31d091ed71"
    },
    "b2f5c8c1-311f-4229-9686-2d31d091ed71": {
        "name": "Y/N",
        "character_uuid": "8c05e531-d7a2-4093-a743-2034016072f8",
        "text": {
            "en": "",
            "fr": "",
            "es": ".....HOY ES LA PRESENTACIÓN DE CLASE!!"
        },
        "parent": "8ab8a023-c326-4493-8a02-41dade13efdb",
        "next": "e18c69d4-388f-4ce6-86b7-6a0997202cfe"
    },
    "e18c69d4-388f-4ce6-86b7-6a0997202cfe": {
        "name": "Y/N",
        "character_uuid": "8c05e531-d7a2-4093-a743-2034016072f8",
        "text": {
            "en": "",
            "fr": "",
            "es": "*Me levanto corriendo de la cama para prepararme para ir a clase*"
        },
        "parent": "b2f5c8c1-311f-4229-9686-2d31d091ed71",
        "next": "cb038381-7c23-499b-8ba2-c177b650b232"
    },
    "cb038381-7c23-499b-8ba2-c177b650b232": {
        "name": "Y/N",
        "character_uuid": "8c05e531-d7a2-4093-a743-2034016072f8",
        "text": {
            "en": "",
            "fr": "",
            "es": "(Hoy es la presentación del primer dia de clase, y yo tengo que estar presente...)"
        },
        "parent": "e18c69d4-388f-4ce6-86b7-6a0997202cfe",
        "next": "8e4f0059-d14b-42c2-9945-17a83f0b38eb"
    },
    "8e4f0059-d14b-42c2-9945-17a83f0b38eb": {
        "name": "Y/N",
        "character_uuid": "8c05e531-d7a2-4093-a743-2034016072f8",
        "text": {
            "en": "",
            "fr": "",
            "es": "(Qué sueño...)"
        },
        "next": "121db8da-5f70-4919-98be-fd81c19e0b5d",
        "parent": "cb038381-7c23-499b-8ba2-c177b650b232",
        "signals": {
            "parent": "8e4f0059-d14b-42c2-9945-17a83f0b38eb",
            "eventName": {
                "String": "changeBg"
            },
            "changeBg": {
                "String": "pasillo"
            }
        }
    },
    "121db8da-5f70-4919-98be-fd81c19e0b5d": {
        "name": "Y/N",
        "character_uuid": "8c05e531-d7a2-4093-a743-2034016072f8",
        "text": {
            "en": "",
            "fr": "",
            "es": "(... esto me pasa por apuntarme a ayudar a estudiantes de intercambio...)"
        },
        "parent": "8e4f0059-d14b-42c2-9945-17a83f0b38eb",
        "next": "feb33a2d-bd0a-4cc0-ad06-f169d1ce911e"
    },
    "feb33a2d-bd0a-4cc0-ad06-f169d1ce911e": {
        "name": "Y/N",
        "character_uuid": "8c05e531-d7a2-4093-a743-2034016072f8",
        "text": {
            "en": "",
            "fr": "",
            "es": "(... solo será un año... no puede ser para tanto,  ¿no?)"
        },
        "parent": "121db8da-5f70-4919-98be-fd81c19e0b5d",
        "next": "42df5f78-ac16-4b1a-901a-c187b5ae6981"
    },
    "42df5f78-ac16-4b1a-901a-c187b5ae6981": {
        "name": "Y/N",
        "character_uuid": "8c05e531-d7a2-4093-a743-2034016072f8",
        "text": {
            "en": "",
            "fr": "",
            "es": "(...)"
        },
        "parent": "feb33a2d-bd0a-4cc0-ad06-f169d1ce911e",
        "next": "cbb2fa70-155c-4b88-a9a0-200d38b6331c",
        "signals": {
            "eventName": {
                "String": "changeBg"
            },
            "changeBg": {
                "String": "clase"
            },
            "parent": "42df5f78-ac16-4b1a-901a-c187b5ae6981"
        }
    },
    "cbb2fa70-155c-4b88-a9a0-200d38b6331c": {
        "name": "Y/N",
        "character_uuid": "8c05e531-d7a2-4093-a743-2034016072f8",
        "text": {
            "en": "",
            "fr": "",
            "es": "(Hay gente esperando en la clase ya... ¿debería acercarme?)"
        },
        "parent": "42df5f78-ac16-4b1a-901a-c187b5ae6981",
        "choices": [
            {
                "text": {
                    "en": "",
                    "fr": "",
                    "es": "   Acercarse y saludar   "
                },
                "next": "f7ab2a00-6fc1-40bb-9d2f-7848d8d035a7",
                "parent": "cbb2fa70-155c-4b88-a9a0-200d38b6331c"
            },
            {
                "text": {
                    "en": "",
                    "fr": "",
                    "es": "   Quedarse en una esquina esperando   "
                },
                "next": "68fd83c9-4326-431a-b99e-029ec8d4e1b4",
                "parent": "cbb2fa70-155c-4b88-a9a0-200d38b6331c"
            },
            {
                "text": {
                    "en": "",
                    "fr": "",
                    "es": "   Entrar haciendo la croqueta   "
                },
                "next": "ac66d1e1-7ef1-49bc-8f4a-c0ea640cec6a",
                "parent": "cbb2fa70-155c-4b88-a9a0-200d38b6331c"
            }
        ],
        "signals": {
            "parent": "cbb2fa70-155c-4b88-a9a0-200d38b6331c",
            "eventName": {
                "String": "everyoneEnter"
            }
        }
    },
    "ac66d1e1-7ef1-49bc-8f4a-c0ea640cec6a": {
        "name": "Matthew",
        "character_uuid": "aee2b52c-ac9f-493d-80d3-e32f0584141b",
        "text": {
            "en": "",
            "fr": "",
            "es": "NO FUCKING WAY "
        },
        "parent": "8e38abc1-195c-4def-b651-5c1cb4033bbe",
        "next": "1dd4ddbb-6c99-464b-b743-850e6426564d"
    },
    "1dd4ddbb-6c99-464b-b743-850e6426564d": {
        "name": "Matthew",
        "character_uuid": "aee2b52c-ac9f-493d-80d3-e32f0584141b",
        "text": {
            "en": "",
            "fr": "",
            "es": "YO QUIERO TAMBIÉN"
        },
        "parent": "ac66d1e1-7ef1-49bc-8f4a-c0ea640cec6a",
        "next": "a84cfc4a-1409-4130-9ef1-46a1b6373b55"
    },
    "a84cfc4a-1409-4130-9ef1-46a1b6373b55": {
        "name": "Matthew",
        "character_uuid": "aee2b52c-ac9f-493d-80d3-e32f0584141b",
        "text": {
            "en": "",
            "fr": "",
            "es": "*El chico con la sudadera roja hace la croqueta con un poco de dificultad*"
        },
        "parent": "1dd4ddbb-6c99-464b-b743-850e6426564d",
        "next": "8f3810c5-8767-4623-bd37-bc3d1d04ccfd",
        "signals": {
            "parent": "a84cfc4a-1409-4130-9ef1-46a1b6373b55",
            "eventName": {
                "String": "affinityUp"
            },
            "affinityUp": {
                "String": "matthew"
            }
        }
    },
    "8f3810c5-8767-4623-bd37-bc3d1d04ccfd": {
        "name": "Camille",
        "character_uuid": "2459fb62-fca4-4c9a-b38d-1f868103de0d",
        "text": {
            "en": "",
            "fr": "",
            "es": "*La chica de la boina le mira de reojo con cara molesta*"
        },
        "parent": "a84cfc4a-1409-4130-9ef1-46a1b6373b55",
        "next": "944810be-7980-4713-9946-a79d3a820af7"
    },
    "944810be-7980-4713-9946-a79d3a820af7": {
        "name": "Delilah",
        "character_uuid": "46e24c71-186e-4df5-9a9b-8b83461d3a92",
        "text": {
            "en": "",
            "fr": "",
            "es": "*La chica de la falda rosa se sorprende pero le aplaude por lo bajín*"
        },
        "parent": "8f3810c5-8767-4623-bd37-bc3d1d04ccfd",
        "next": "1ff82495-f8a6-4b97-9e49-e8552c9c7608"
    },
    "1ff82495-f8a6-4b97-9e49-e8552c9c7608": {
        "name": "Richard",
        "character_uuid": "f69f8c71-d246-4a25-a343-48ef9efe33af",
        "text": {
            "en": "",
            "fr": "",
            "es": "*El chico del jersey esta ignorando la situación... está muy concentrado en su movil*"
        },
        "parent": "944810be-7980-4713-9946-a79d3a820af7",
        "next": "a5936a0d-a855-4bd9-a7cf-cd7ab5c51a89"
    },
    "a5936a0d-a855-4bd9-a7cf-cd7ab5c51a89": {
        "name": "Y/N",
        "character_uuid": "8c05e531-d7a2-4093-a743-2034016072f8",
        "text": {
            "en": "",
            "fr": "",
            "es": "(... la que me espera...)"
        },
        "parent": "047eb787-4ac4-44bf-be72-669204cc4f47",
        "signals": {
            "eventName": {
                "String": "changeBg"
            },
            "changeBg": {
                "String": "fondo_negro"
            },
            "parent": "a5936a0d-a855-4bd9-a7cf-cd7ab5c51a89"
        },
        "next": "08fdbcb1-da76-4e6c-8b91-f6c3c74ce756"
    },
    "68fd83c9-4326-431a-b99e-029ec8d4e1b4": {
        "name": "Y/N",
        "character_uuid": "8c05e531-d7a2-4093-a743-2034016072f8",
        "text": {
            "en": "",
            "fr": "",
            "es": "(....)"
        },
        "parent": "b512d5d0-7853-46db-a3b9-7341f40a4d47",
        "next": "e92afdd8-176f-4f8b-81f6-d376a78617d6"
    },
    "f7ab2a00-6fc1-40bb-9d2f-7848d8d035a7": {
        "name": "Y/N",
        "character_uuid": "8c05e531-d7a2-4093-a743-2034016072f8",
        "text": {
            "en": "",
            "fr": "",
            "es": "¡Hola!"
        },
        "parent": "85d45e99-2454-4774-8681-8539a253c5eb",
        "next": "48b913f4-5a09-4433-b58a-915b4173bbc0"
    },
    "e92afdd8-176f-4f8b-81f6-d376a78617d6": {
        "name": "Y/N",
        "character_uuid": "8c05e531-d7a2-4093-a743-2034016072f8",
        "text": {
            "en": "",
            "fr": "",
            "es": "(...)"
        },
        "parent": "68fd83c9-4326-431a-b99e-029ec8d4e1b4",
        "next": "eed46b5c-062e-4245-8ee0-b15d5a8d8317"
    },
    "eed46b5c-062e-4245-8ee0-b15d5a8d8317": {
        "name": "Y/N",
        "character_uuid": "8c05e531-d7a2-4093-a743-2034016072f8",
        "text": {
            "en": "",
            "fr": "",
            "es": "(.... qué incómodo....)"
        },
        "parent": "e92afdd8-176f-4f8b-81f6-d376a78617d6",
        "next": "9b6bcd5b-c699-496b-853f-80a54f3a8754"
    },
    "9b6bcd5b-c699-496b-853f-80a54f3a8754": {
        "name": "Y/N",
        "character_uuid": "8c05e531-d7a2-4093-a743-2034016072f8",
        "text": {
            "en": "",
            "fr": "",
            "es": "(...)"
        },
        "parent": "eed46b5c-062e-4245-8ee0-b15d5a8d8317",
        "next": "240ce6e1-d4fd-4d35-b243-a055a3985c8d"
    },
    "240ce6e1-d4fd-4d35-b243-a055a3985c8d": {
        "name": "Y/N",
        "character_uuid": "8c05e531-d7a2-4093-a743-2034016072f8",
        "text": {
            "en": "",
            "fr": "",
            "es": "ugh..."
        },
        "parent": "9b6bcd5b-c699-496b-853f-80a54f3a8754",
        "next": "a5936a0d-a855-4bd9-a7cf-cd7ab5c51a89"
    },
    "48b913f4-5a09-4433-b58a-915b4173bbc0": {
        "name": "Y/N",
        "character_uuid": "8c05e531-d7a2-4093-a743-2034016072f8",
        "text": {
            "en": "",
            "fr": "",
            "es": "Me llamo y/n ¿Qué tal?"
        },
        "parent": "f7ab2a00-6fc1-40bb-9d2f-7848d8d035a7",
        "next": "33a169ae-8c1a-4649-9aae-23c21a0f3d34"
    },
    "33a169ae-8c1a-4649-9aae-23c21a0f3d34": {
        "name": "Matthew",
        "character_uuid": "aee2b52c-ac9f-493d-80d3-e32f0584141b",
        "text": {
            "en": "",
            "fr": "",
            "es": "Wuolaaaass :D"
        },
        "parent": "48b913f4-5a09-4433-b58a-915b4173bbc0",
        "next": "c081397e-36a2-405e-9aba-fba4e3c6d213"
    },
    "c081397e-36a2-405e-9aba-fba4e3c6d213": {
        "name": "Richard",
        "character_uuid": "f69f8c71-d246-4a25-a343-48ef9efe33af",
        "text": {
            "en": "",
            "fr": "",
            "es": "Buenos días"
        },
        "parent": "33a169ae-8c1a-4649-9aae-23c21a0f3d34",
        "next": "91a44877-c137-4b17-b690-351b6b83132d"
    },
    "91a44877-c137-4b17-b690-351b6b83132d": {
        "name": "Delilah",
        "character_uuid": "46e24c71-186e-4df5-9a9b-8b83461d3a92",
        "text": {
            "en": "",
            "fr": "",
            "es": "Holi :3"
        },
        "parent": "c081397e-36a2-405e-9aba-fba4e3c6d213",
        "next": "047eb787-4ac4-44bf-be72-669204cc4f47"
    },
    "047eb787-4ac4-44bf-be72-669204cc4f47": {
        "name": "Camille",
        "character_uuid": "2459fb62-fca4-4c9a-b38d-1f868103de0d",
        "text": {
            "en": "",
            "fr": "",
            "es": "Bonjour"
        },
        "parent": "91a44877-c137-4b17-b690-351b6b83132d",
        "next": "a5936a0d-a855-4bd9-a7cf-cd7ab5c51a89"
    },
    "08fdbcb1-da76-4e6c-8b91-f6c3c74ce756": {
        "name": "Y/N",
        "character_uuid": "8c05e531-d7a2-4093-a743-2034016072f8",
        "text": {
            "en": "",
            "fr": "",
            "es": "*Las clases pasan con normalidad*"
        },
        "parent": "a5936a0d-a855-4bd9-a7cf-cd7ab5c51a89",
        "next": "17f05f6a-a793-4085-901c-07c42030e75b",
        "signals": {
            "parent": "08fdbcb1-da76-4e6c-8b91-f6c3c74ce756",
            "eventName": {
                "String": "everyoneExit"
            }
        }
    },
    "17f05f6a-a793-4085-901c-07c42030e75b": {
        "name": "Y/N",
        "character_uuid": "8c05e531-d7a2-4093-a743-2034016072f8",
        "text": {
            "en": "",
            "fr": "",
            "es": "    "
        },
        "parent": "08fdbcb1-da76-4e6c-8b91-f6c3c74ce756"
    },
    "root": {
        "next": "63e3f699-08ee-4bc6-91c0-449a23bea0b4"
    },
    "__editor": {
        "root": {
            "uuid": "root",
            "offset": [
                -160,
                80
            ]
        },
        "dialogues": [
            {
                "uuid": "63e3f699-08ee-4bc6-91c0-449a23bea0b4",
                "offset": [
                    80,
                    -60
                ],
                "parent": "root"
            },
            {
                "uuid": "89128e1e-263f-477f-bdb1-2f15da7e0ddf",
                "offset": [
                    520,
                    -60
                ]
            },
            {
                "uuid": "f3df552e-2a93-4736-97a1-8b937f33f18e",
                "offset": [
                    940,
                    -60
                ]
            },
            {
                "uuid": "1abc2147-da94-4964-b99f-e43e0b0c1be3",
                "offset": [
                    1380,
                    -60
                ]
            },
            {
                "uuid": "8ab8a023-c326-4493-8a02-41dade13efdb",
                "offset": [
                    1800,
                    -60
                ]
            },
            {
                "uuid": "b2f5c8c1-311f-4229-9686-2d31d091ed71",
                "offset": [
                    2200,
                    -60
                ]
            },
            {
                "uuid": "e18c69d4-388f-4ce6-86b7-6a0997202cfe",
                "offset": [
                    2640,
                    -60
                ]
            },
            {
                "uuid": "cb038381-7c23-499b-8ba2-c177b650b232",
                "offset": [
                    2640,
                    360
                ]
            },
            {
                "uuid": "8e4f0059-d14b-42c2-9945-17a83f0b38eb",
                "offset": [
                    2240,
                    360
                ]
            },
            {
                "uuid": "121db8da-5f70-4919-98be-fd81c19e0b5d",
                "offset": [
                    1840,
                    360
                ]
            },
            {
                "uuid": "feb33a2d-bd0a-4cc0-ad06-f169d1ce911e",
                "offset": [
                    1420,
                    340
                ]
            },
            {
                "uuid": "42df5f78-ac16-4b1a-901a-c187b5ae6981",
                "offset": [
                    520,
                    320
                ]
            },
            {
                "uuid": "cbb2fa70-155c-4b88-a9a0-200d38b6331c",
                "offset": [
                    20,
                    360
                ]
            },
            {
                "uuid": "ac66d1e1-7ef1-49bc-8f4a-c0ea640cec6a",
                "offset": [
                    420,
                    1100
                ]
            },
            {
                "uuid": "1dd4ddbb-6c99-464b-b743-850e6426564d",
                "offset": [
                    820,
                    1100
                ]
            },
            {
                "uuid": "a84cfc4a-1409-4130-9ef1-46a1b6373b55",
                "offset": [
                    1220,
                    1100
                ]
            },
            {
                "uuid": "8f3810c5-8767-4623-bd37-bc3d1d04ccfd",
                "offset": [
                    1620,
                    1100
                ]
            },
            {
                "uuid": "944810be-7980-4713-9946-a79d3a820af7",
                "offset": [
                    2020,
                    1100
                ]
            },
            {
                "uuid": "1ff82495-f8a6-4b97-9e49-e8552c9c7608",
                "offset": [
                    2420,
                    1100
                ]
            },
            {
                "uuid": "a5936a0d-a855-4bd9-a7cf-cd7ab5c51a89",
                "offset": [
                    2960,
                    1460
                ]
            },
            {
                "uuid": "68fd83c9-4326-431a-b99e-029ec8d4e1b4",
                "offset": [
                    420,
                    1520
                ]
            },
            {
                "uuid": "f7ab2a00-6fc1-40bb-9d2f-7848d8d035a7",
                "offset": [
                    420,
                    1960
                ]
            },
            {
                "uuid": "e92afdd8-176f-4f8b-81f6-d376a78617d6",
                "offset": [
                    840,
                    1520
                ]
            },
            {
                "uuid": "eed46b5c-062e-4245-8ee0-b15d5a8d8317",
                "offset": [
                    1260,
                    1520
                ]
            },
            {
                "uuid": "9b6bcd5b-c699-496b-853f-80a54f3a8754",
                "offset": [
                    1640,
                    1520
                ]
            },
            {
                "uuid": "240ce6e1-d4fd-4d35-b243-a055a3985c8d",
                "offset": [
                    2060,
                    1520
                ]
            },
            {
                "uuid": "48b913f4-5a09-4433-b58a-915b4173bbc0",
                "offset": [
                    840,
                    1960
                ]
            },
            {
                "uuid": "33a169ae-8c1a-4649-9aae-23c21a0f3d34",
                "offset": [
                    1280,
                    1960
                ]
            },
            {
                "uuid": "c081397e-36a2-405e-9aba-fba4e3c6d213",
                "offset": [
                    1740,
                    1960
                ]
            },
            {
                "uuid": "91a44877-c137-4b17-b690-351b6b83132d",
                "offset": [
                    2140,
                    1960
                ]
            },
            {
                "uuid": "047eb787-4ac4-44bf-be72-669204cc4f47",
                "offset": [
                    2540,
                    1960
                ]
            },
            {
                "uuid": "08fdbcb1-da76-4e6c-8b91-f6c3c74ce756",
                "offset": [
                    3440,
                    1460
                ]
            },
            {
                "uuid": "17f05f6a-a793-4085-901c-07c42030e75b",
                "offset": [
                    3900,
                    1460
                ]
            }
        ],
        "conditions": [],
        "signals": [
            {
                "uuid": "5ec52e17-b555-4f06-aab2-6fcda85e10be",
                "offset": [
                    2520,
                    700
                ],
                "parent": "8e4f0059-d14b-42c2-9945-17a83f0b38eb"
            },
            {
                "uuid": "4cad6cb0-db13-4c9d-88f3-0615897d9e8d",
                "offset": [
                    980,
                    380
                ],
                "parent": "42df5f78-ac16-4b1a-901a-c187b5ae6981"
            },
            {
                "uuid": "9722bc04-cc81-4671-af01-b04e35bf2e4b",
                "offset": [
                    760,
                    760
                ],
                "parent": "cbb2fa70-155c-4b88-a9a0-200d38b6331c"
            },
            {
                "uuid": "361c778e-e003-4474-b6ba-c8587283572b",
                "offset": [
                    3440,
                    1840
                ],
                "parent": "a5936a0d-a855-4bd9-a7cf-cd7ab5c51a89"
            },
            {
                "uuid": "bf3716f5-55dc-4229-bdb6-878ba2c26dfe",
                "offset": [
                    3900,
                    1100
                ],
                "parent": "08fdbcb1-da76-4e6c-8b91-f6c3c74ce756"
            },
            {
                "uuid": "8a366b35-ca7d-45d2-92af-e3d28fe5b460",
                "offset": [
                    1220,
                    740
                ],
                "parent": "a84cfc4a-1409-4130-9ef1-46a1b6373b55"
            }
        ],
        "choices": [
            {
                "uuid": "85d45e99-2454-4774-8681-8539a253c5eb",
                "offset": [
                    -460,
                    820
                ],
                "parent": "cbb2fa70-155c-4b88-a9a0-200d38b6331c"
            },
            {
                "uuid": "b512d5d0-7853-46db-a3b9-7341f40a4d47",
                "offset": [
                    -60,
                    820
                ],
                "parent": "cbb2fa70-155c-4b88-a9a0-200d38b6331c"
            },
            {
                "uuid": "8e38abc1-195c-4def-b651-5c1cb4033bbe",
                "offset": [
                    340,
                    820
                ],
                "parent": "cbb2fa70-155c-4b88-a9a0-200d38b6331c"
            }
        ]
    }
}