{
    "03c26bc5-0e2e-4d48-a9e5-3776c917f14b": {
        "name": "Y/N",
        "character_uuid": "8c05e531-d7a2-4093-a743-2034016072f8",
        "text": {
            "en": "",
            "fr": "",
            "es": " (...)"
        },
        "parent": "4ed6ae79-e0f4-4eee-97f1-7ac9a4bee890"
    },
    "353bbca4-bf97-4ecf-8d1a-32d0934e7771": {
        "name": "Y/N",
        "character_uuid": "8c05e531-d7a2-4093-a743-2034016072f8",
        "text": {
            "en": "",
            "fr": "",
            "es": "*Voy al punto que Richard me dijo*"
        },
        "parent": "9dc1ed3a-d074-455b-9ef2-b1a6a73f1ec1",
        "next": "e55213bc-7a80-4c75-96f5-3012d73b8cb5",
        "signals": {
            "parent": "353bbca4-bf97-4ecf-8d1a-32d0934e7771",
            "eventName": {
                "String": "changeBg"
            },
            "changeBg": {
                "String": "farolillo"
            }
        }
    },
    "5355940b-2b4d-4a60-97eb-49da30e3fd84": {
        "name": "Y/N",
        "character_uuid": "8c05e531-d7a2-4093-a743-2034016072f8",
        "text": {
            "en": "",
            "fr": "",
            "es": "(Parece nervioso, está mirando a todas las direcciones menos hacia la mía)"
        },
        "parent": "e55213bc-7a80-4c75-96f5-3012d73b8cb5",
        "choices": [
            {
                "text": {
                    "en": "",
                    "fr": "",
                    "es": "Acercarse como una persona normal"
                },
                "next": "6c61dc82-58c3-4fda-a710-36b106b8d29a",
                "parent": "5355940b-2b4d-4a60-97eb-49da30e3fd84"
            },
            {
                "text": {
                    "en": "",
                    "fr": "",
                    "es": "Sorprenderle"
                },
                "next": "5ad047df-09a1-4007-8bdf-4ce0cdc43fc8",
                "parent": "5355940b-2b4d-4a60-97eb-49da30e3fd84"
            }
        ]
    },
    "e55213bc-7a80-4c75-96f5-3012d73b8cb5": {
        "name": "Y/N",
        "character_uuid": "8c05e531-d7a2-4093-a743-2034016072f8",
        "text": {
            "en": "",
            "fr": "",
            "es": "*Al llegar me encuentro con Richard ya esperándome*"
        },
        "parent": "353bbca4-bf97-4ecf-8d1a-32d0934e7771",
        "next": "5355940b-2b4d-4a60-97eb-49da30e3fd84",
        "signals": {
            "eventName": {
                "String": "characterEnter"
            },
            "characterEnter": {
                "String": "richard"
            },
            "parent": "e55213bc-7a80-4c75-96f5-3012d73b8cb5"
        }
    },
    "74b5e3b8-f82d-4efc-a58b-cf1fa4f18c00": {
        "name": "Richard",
        "character_uuid": "f69f8c71-d246-4a25-a343-48ef9efe33af",
        "text": {
            "en": "",
            "fr": "",
            "es": "..."
        },
        "parent": "bf9544ca-5cf6-4ba7-8dbf-b1d7fda68e44",
        "next": "947dadce-e1c2-4fef-84b3-fdb3cc797940"
    },
    "bf9544ca-5cf6-4ba7-8dbf-b1d7fda68e44": {
        "name": "Richard",
        "character_uuid": "f69f8c71-d246-4a25-a343-48ef9efe33af",
        "text": {
            "en": "",
            "fr": "",
            "es": "Bien..."
        },
        "parent": "df11d474-dac9-46c5-8339-f86f85c82dab",
        "next": "74b5e3b8-f82d-4efc-a58b-cf1fa4f18c00"
    },
    "9ff0a6ab-8f22-4928-8504-d137f478847a": {
        "name": "Richard",
        "character_uuid": "f69f8c71-d246-4a25-a343-48ef9efe33af",
        "text": {
            "en": "",
            "fr": "",
            "es": "Me gustaria quitármelo de encima"
        },
        "parent": "b003a135-8183-40a6-a4bd-736b3b6a9a9c",
        "choices": [
            {
                "text": {
                    "en": "",
                    "fr": "",
                    "es": "¿Por qué tanta prisa?"
                },
                "next": "c8cded37-7703-4d99-bcc3-d8343520335a",
                "parent": "9ff0a6ab-8f22-4928-8504-d137f478847a"
            },
            {
                "text": {
                    "en": "",
                    "fr": "",
                    "es": "Sí claro"
                },
                "next": "bf9544ca-5cf6-4ba7-8dbf-b1d7fda68e44",
                "parent": "9ff0a6ab-8f22-4928-8504-d137f478847a"
            }
        ]
    },
    "b003a135-8183-40a6-a4bd-736b3b6a9a9c": {
        "name": "Richard",
        "character_uuid": "f69f8c71-d246-4a25-a343-48ef9efe33af",
        "text": {
            "en": "",
            "fr": "",
            "es": "Bueno, ya que estas aquí, ¿podemos ir al grano?"
        },
        "parent": "9c1d7a0a-134b-4ec0-981c-6d2718fd939e",
        "next": "9ff0a6ab-8f22-4928-8504-d137f478847a"
    },
    "622907a6-0bad-472f-8331-dee1ff49f2b2": {
        "name": "Y/N",
        "character_uuid": "8c05e531-d7a2-4093-a743-2034016072f8",
        "text": {
            "en": "",
            "fr": "",
            "es": "*Richard suspira*"
        },
        "parent": "21513833-f121-4250-a767-e1bd95827e64",
        "next": "b003a135-8183-40a6-a4bd-736b3b6a9a9c"
    },
    "21513833-f121-4250-a767-e1bd95827e64": {
        "name": "Y/N",
        "character_uuid": "8c05e531-d7a2-4093-a743-2034016072f8",
        "text": {
            "en": "",
            "fr": "",
            "es": "Perdón por el susto, pero tu reacción ha sido muy graciosa"
        },
        "parent": "c41986e2-fe52-49a0-9fd7-74edcc59de8d",
        "next": "622907a6-0bad-472f-8331-dee1ff49f2b2"
    },
    "c41986e2-fe52-49a0-9fd7-74edcc59de8d": {
        "name": "Richard",
        "character_uuid": "f69f8c71-d246-4a25-a343-48ef9efe33af",
        "text": {
            "en": "",
            "fr": "",
            "es": "Blody hell..."
        },
        "parent": "ce5ee944-e812-4c63-a5f2-0bef879f4992",
        "next": "21513833-f121-4250-a767-e1bd95827e64"
    },
    "ce5ee944-e812-4c63-a5f2-0bef879f4992": {
        "name": "Y/N",
        "character_uuid": "8c05e531-d7a2-4093-a743-2034016072f8",
        "text": {
            "en": "",
            "fr": "",
            "es": "*Richard salta del susto*"
        },
        "parent": "6d375091-31ef-46a3-8ce7-6cca4ac02fbb",
        "next": "c41986e2-fe52-49a0-9fd7-74edcc59de8d"
    },
    "6d375091-31ef-46a3-8ce7-6cca4ac02fbb": {
        "name": "Y/N",
        "character_uuid": "8c05e531-d7a2-4093-a743-2034016072f8",
        "text": {
            "en": "",
            "fr": "",
            "es": "¡BOO!"
        },
        "parent": "5e40b371-1491-4549-86a3-024d7415f5b4",
        "next": "ce5ee944-e812-4c63-a5f2-0bef879f4992"
    },
    "5e40b371-1491-4549-86a3-024d7415f5b4": {
        "name": "Y/N",
        "character_uuid": "8c05e531-d7a2-4093-a743-2034016072f8",
        "text": {
            "en": "",
            "fr": "",
            "es": "*Cuando estoy a dos pasos de él me abalanzo y le pego un susto*"
        },
        "parent": "5ad047df-09a1-4007-8bdf-4ce0cdc43fc8",
        "next": "6d375091-31ef-46a3-8ce7-6cca4ac02fbb"
    },
    "9c1d7a0a-134b-4ec0-981c-6d2718fd939e": {
        "name": "Y/N",
        "character_uuid": "8c05e531-d7a2-4093-a743-2034016072f8",
        "text": {
            "en": "",
            "fr": "",
            "es": "Nada, un placer"
        },
        "parent": "bad08636-6123-4f08-a942-3a10e5675bc7",
        "next": "b003a135-8183-40a6-a4bd-736b3b6a9a9c"
    },
    "bad08636-6123-4f08-a942-3a10e5675bc7": {
        "name": "Richard",
        "character_uuid": "f69f8c71-d246-4a25-a343-48ef9efe33af",
        "text": {
            "en": "",
            "fr": "",
            "es": "hm... por nada, gracias igualmente"
        },
        "parent": "43701021-65e3-424b-911e-e29af964412b",
        "next": "9c1d7a0a-134b-4ec0-981c-6d2718fd939e"
    },
    "43701021-65e3-424b-911e-e29af964412b": {
        "name": "Y/N",
        "character_uuid": "8c05e531-d7a2-4093-a743-2034016072f8",
        "text": {
            "en": "",
            "fr": "",
            "es": "¿Por qué no vendria?"
        },
        "parent": "0040876b-199d-4a84-b565-8d650d2e52ea",
        "next": "bad08636-6123-4f08-a942-3a10e5675bc7"
    },
    "0040876b-199d-4a84-b565-8d650d2e52ea": {
        "name": "Richard",
        "character_uuid": "f69f8c71-d246-4a25-a343-48ef9efe33af",
        "text": {
            "en": "",
            "fr": "",
            "es": "y/n, gracias por venir, no pensé que vendrías de verdad"
        },
        "parent": "1c2c04bd-f41b-44c2-ae05-a1555700f03e",
        "next": "43701021-65e3-424b-911e-e29af964412b"
    },
    "1c2c04bd-f41b-44c2-ae05-a1555700f03e": {
        "name": "Y/N",
        "character_uuid": "8c05e531-d7a2-4093-a743-2034016072f8",
        "text": {
            "en": "",
            "fr": "",
            "es": "*Ambos nos miramos a los ojos en silencio*"
        },
        "parent": "1152b6f6-368a-448a-9f1b-32304f3a5bb0",
        "next": "0040876b-199d-4a84-b565-8d650d2e52ea"
    },
    "1152b6f6-368a-448a-9f1b-32304f3a5bb0": {
        "name": "Y/N",
        "character_uuid": "8c05e531-d7a2-4093-a743-2034016072f8",
        "text": {
            "en": "",
            "fr": "",
            "es": "*Cuando estoy ya a dos pasos, él se da la vuelta y me mira*"
        },
        "parent": "6c61dc82-58c3-4fda-a710-36b106b8d29a",
        "next": "1c2c04bd-f41b-44c2-ae05-a1555700f03e"
    },
    "5ad047df-09a1-4007-8bdf-4ce0cdc43fc8": {
        "name": "Y/N",
        "character_uuid": "8c05e531-d7a2-4093-a743-2034016072f8",
        "text": {
            "en": "",
            "fr": "",
            "es": "*Me acerco sigilosamente hacia Richard*"
        },
        "parent": "7aca5572-4148-4f48-9736-fc62a03e0ef9",
        "next": "5e40b371-1491-4549-86a3-024d7415f5b4"
    },
    "6c61dc82-58c3-4fda-a710-36b106b8d29a": {
        "name": "Y/N",
        "character_uuid": "8c05e531-d7a2-4093-a743-2034016072f8",
        "text": {
            "en": "",
            "fr": "",
            "es": "*Me acerco hacia Richard*"
        },
        "parent": "8907eefe-c3fe-450e-aedc-3499742227fa",
        "next": "1152b6f6-368a-448a-9f1b-32304f3a5bb0"
    },
    "947dadce-e1c2-4fef-84b3-fdb3cc797940": {
        "name": "Y/N",
        "character_uuid": "8c05e531-d7a2-4093-a743-2034016072f8",
        "text": {
            "en": "",
            "fr": "",
            "es": "..."
        },
        "parent": "74b5e3b8-f82d-4efc-a58b-cf1fa4f18c00",
        "next": "6469da30-cb1b-4734-a191-b949413dd8e7"
    },
    "6469da30-cb1b-4734-a191-b949413dd8e7": {
        "name": "Richard",
        "character_uuid": "f69f8c71-d246-4a25-a343-48ef9efe33af",
        "text": {
            "en": "",
            "fr": "",
            "es": "..."
        },
        "parent": "947dadce-e1c2-4fef-84b3-fdb3cc797940",
        "next": "70274d0c-9734-4535-9a4b-3f3df0606639"
    },
    "70274d0c-9734-4535-9a4b-3f3df0606639": {
        "name": "Y/N",
        "character_uuid": "8c05e531-d7a2-4093-a743-2034016072f8",
        "text": {
            "en": "",
            "fr": "",
            "es": "¿...Entonces?"
        },
        "parent": "6469da30-cb1b-4734-a191-b949413dd8e7",
        "next": "c49bd2de-26e6-4ee6-9d49-2913dd27899c"
    },
    "c49bd2de-26e6-4ee6-9d49-2913dd27899c": {
        "name": "Y/N",
        "character_uuid": "8c05e531-d7a2-4093-a743-2034016072f8",
        "text": {
            "en": "",
            "fr": "",
            "es": "*Richard parece ponerse más nervioso aun*"
        },
        "parent": "70274d0c-9734-4535-9a4b-3f3df0606639",
        "next": "ff3bea94-d8e6-42f7-981e-2c88f778836e"
    },
    "c8cded37-7703-4d99-bcc3-d8343520335a": {
        "name": "Richard",
        "character_uuid": "f69f8c71-d246-4a25-a343-48ef9efe33af",
        "text": {
            "en": "",
            "fr": "",
            "es": "Porque esto es complicado y quiero que acabe cuanto antes"
        },
        "parent": "bab6cdab-c3cb-46f3-bd32-5808e821ade0",
        "next": "0741c7cd-0989-49ca-86e4-e77a47985614"
    },
    "0741c7cd-0989-49ca-86e4-e77a47985614": {
        "name": "Y/N",
        "character_uuid": "8c05e531-d7a2-4093-a743-2034016072f8",
        "text": {
            "en": "",
            "fr": "",
            "es": "Me asusta un poco, ¿Es algo malo?"
        },
        "parent": "c8cded37-7703-4d99-bcc3-d8343520335a",
        "next": "de835bb9-41b1-4b74-a272-4d53580f0de9"
    },
    "de835bb9-41b1-4b74-a272-4d53580f0de9": {
        "name": "Richard",
        "character_uuid": "f69f8c71-d246-4a25-a343-48ef9efe33af",
        "text": {
            "en": "",
            "fr": "",
            "es": "No... bueno"
        },
        "parent": "0741c7cd-0989-49ca-86e4-e77a47985614",
        "next": "3e4e39a0-e769-495d-8217-6fa7022558d4"
    },
    "3e4e39a0-e769-495d-8217-6fa7022558d4": {
        "name": "Richard",
        "character_uuid": "f69f8c71-d246-4a25-a343-48ef9efe33af",
        "text": {
            "en": "",
            "fr": "",
            "es": "No necesariamente"
        },
        "parent": "de835bb9-41b1-4b74-a272-4d53580f0de9",
        "next": "0f7b5dd6-2420-488e-a51e-d1f6bb5da071"
    },
    "0f7b5dd6-2420-488e-a51e-d1f6bb5da071": {
        "name": "Richard",
        "character_uuid": "f69f8c71-d246-4a25-a343-48ef9efe33af",
        "text": {
            "en": "",
            "fr": "",
            "es": "Depende de cómo te lo tomes"
        },
        "parent": "3e4e39a0-e769-495d-8217-6fa7022558d4",
        "next": "eddfffb5-2f86-474a-ab09-e688abf21305"
    },
    "eddfffb5-2f86-474a-ab09-e688abf21305": {
        "name": "Y/N",
        "character_uuid": "8c05e531-d7a2-4093-a743-2034016072f8",
        "text": {
            "en": "",
            "fr": "",
            "es": "Ya veo..."
        },
        "parent": "0f7b5dd6-2420-488e-a51e-d1f6bb5da071",
        "next": "ff3bea94-d8e6-42f7-981e-2c88f778836e"
    },
    "ff3bea94-d8e6-42f7-981e-2c88f778836e": {
        "name": "Y/N",
        "character_uuid": "8c05e531-d7a2-4093-a743-2034016072f8",
        "text": {
            "en": "",
            "fr": "",
            "es": "*El silencio entre nosotros se forma una vez más*"
        },
        "parent": "eddfffb5-2f86-474a-ab09-e688abf21305",
        "next": "99da66b4-0491-49b2-9560-589c03863396"
    },
    "99da66b4-0491-49b2-9560-589c03863396": {
        "name": "Y/N",
        "character_uuid": "8c05e531-d7a2-4093-a743-2034016072f8",
        "text": {
            "en": "",
            "fr": "",
            "es": "*Richard coge aire lentamente, parece estar preparandose*"
        },
        "parent": "ff3bea94-d8e6-42f7-981e-2c88f778836e",
        "next": "f593282a-2ee4-4234-8286-7762fc035557"
    },
    "f593282a-2ee4-4234-8286-7762fc035557": {
        "name": "Richard",
        "character_uuid": "f69f8c71-d246-4a25-a343-48ef9efe33af",
        "text": {
            "en": "",
            "fr": "",
            "es": "megustasmuchoperonoquieroqueestohagaquenuestraamistadserompaasiquemedamiedodecirtelo"
        },
        "parent": "99da66b4-0491-49b2-9560-589c03863396",
        "next": "c3a13ee3-66a2-41c0-a748-aad058fc1a3b"
    },
    "c3a13ee3-66a2-41c0-a748-aad058fc1a3b": {
        "name": "Y/N",
        "character_uuid": "8c05e531-d7a2-4093-a743-2034016072f8",
        "text": {
            "en": "",
            "fr": "",
            "es": "(,,,)"
        },
        "parent": "f593282a-2ee4-4234-8286-7762fc035557",
        "choices": [
            {
                "text": {
                    "en": "",
                    "fr": "",
                    "es": "¿Puedes repetirlo pero más lento?"
                },
                "next": "ec32b70e-8da7-42af-b9f7-9caa0a13e1f3",
                "parent": "c3a13ee3-66a2-41c0-a748-aad058fc1a3b"
            },
            {
                "text": {
                    "en": "",
                    "fr": "",
                    "es": "No me he enterado de nada"
                },
                "next": "4d933ade-b178-493d-9883-7afb39f230ac",
                "parent": "c3a13ee3-66a2-41c0-a748-aad058fc1a3b"
            }
        ]
    },
    "ec32b70e-8da7-42af-b9f7-9caa0a13e1f3": {
        "name": "Richard",
        "character_uuid": "f69f8c71-d246-4a25-a343-48ef9efe33af",
        "text": {
            "en": "",
            "fr": "",
            "es": "No..."
        },
        "parent": "c41d2856-847c-4698-b3f5-98ded8f7160d",
        "choices": [
            {
                "text": {
                    "en": "",
                    "fr": "",
                    "es": "¿Te gusto?"
                },
                "next": "f5bcd40e-acc0-4f2c-88a5-555fc18b2dc1",
                "parent": "ec32b70e-8da7-42af-b9f7-9caa0a13e1f3"
            },
            {
                "text": {
                    "en": "",
                    "fr": "",
                    "es": "¿Porfa?"
                },
                "next": "896a0f55-d0c0-435f-b8c1-9c16e8064a73",
                "parent": "ec32b70e-8da7-42af-b9f7-9caa0a13e1f3"
            }
        ]
    },
    "4d933ade-b178-493d-9883-7afb39f230ac": {
        "name": "Richard",
        "character_uuid": "f69f8c71-d246-4a25-a343-48ef9efe33af",
        "text": {
            "en": "",
            "fr": "",
            "es": "Una pena"
        },
        "parent": "e968770c-2172-4a59-bda4-d4fd438e649f",
        "next": "15350c21-0e02-4e17-aefb-1325c28ec0b5"
    },
    "15350c21-0e02-4e17-aefb-1325c28ec0b5": {
        "name": "Y/N",
        "character_uuid": "8c05e531-d7a2-4093-a743-2034016072f8",
        "text": {
            "en": "",
            "fr": "",
            "es": "*Richard tratata de irse pero le agarro el brazo*"
        },
        "parent": "4d933ade-b178-493d-9883-7afb39f230ac",
        "choices": [
            {
                "text": {
                    "en": "",
                    "fr": "",
                    "es": "¿Te gusto?"
                },
                "next": "f5bcd40e-acc0-4f2c-88a5-555fc18b2dc1",
                "parent": "15350c21-0e02-4e17-aefb-1325c28ec0b5"
            },
            {
                "text": {
                    "en": "",
                    "fr": "",
                    "es": "Espera, no tan rápido"
                },
                "next": "76c5f482-224f-4248-a253-5b4be59d4a46",
                "parent": "15350c21-0e02-4e17-aefb-1325c28ec0b5"
            }
        ]
    },
    "76c5f482-224f-4248-a253-5b4be59d4a46": {
        "name": "Richard",
        "character_uuid": "f69f8c71-d246-4a25-a343-48ef9efe33af",
        "text": {
            "en": "",
            "fr": "",
            "es": "*Richard se queda quieto*"
        },
        "parent": "76653b6f-46da-4a66-a425-321e07d77a0f",
        "next": "dff3874a-f9e2-4c63-a08e-d8abd0fbbf5c"
    },
    "f5bcd40e-acc0-4f2c-88a5-555fc18b2dc1": {
        "name": "Y/N",
        "character_uuid": "8c05e531-d7a2-4093-a743-2034016072f8",
        "text": {
            "en": "",
            "fr": "",
            "es": "*Richard se queda tieso*"
        },
        "parent": "17a1f2e2-c197-4b82-b852-5fecc8098f92",
        "next": "65dfe3ba-decd-47cc-932f-52df0201222b"
    },
    "65dfe3ba-decd-47cc-932f-52df0201222b": {
        "name": "Y/N",
        "character_uuid": "8c05e531-d7a2-4093-a743-2034016072f8",
        "text": {
            "en": "",
            "fr": "",
            "es": "¿Eso es un sí?"
        },
        "parent": "f5bcd40e-acc0-4f2c-88a5-555fc18b2dc1",
        "next": "9ff46255-9228-435e-9731-2d596e4b35fb"
    },
    "9ff46255-9228-435e-9731-2d596e4b35fb": {
        "name": "Richard",
        "character_uuid": "f69f8c71-d246-4a25-a343-48ef9efe33af",
        "text": {
            "en": "",
            "fr": "",
            "es": "..."
        },
        "parent": "65dfe3ba-decd-47cc-932f-52df0201222b",
        "next": "1d479875-aa32-4aef-a41f-5afaa23191d2"
    },
    "1d479875-aa32-4aef-a41f-5afaa23191d2": {
        "name": "Richard",
        "character_uuid": "f69f8c71-d246-4a25-a343-48ef9efe33af",
        "text": {
            "en": "",
            "fr": "",
            "es": "...Sí"
        },
        "parent": "9ff46255-9228-435e-9731-2d596e4b35fb",
        "choices": [
            {
                "text": {
                    "en": "",
                    "fr": "",
                    "es": "Rechazar la confesión"
                },
                "next": "28b01585-536c-4455-8933-649c947b6534",
                "parent": "a1234f50-30f6-482f-bdef-2d2835611a4d"
            },
            {
                "text": {
                    "en": "",
                    "fr": "",
                    "es": "Aceptar la confesión"
                },
                "next": "f0d0e7d5-b487-431d-8df9-4e159d2f8ab7",
                "parent": "a1234f50-30f6-482f-bdef-2d2835611a4d"
            },
            {
                "text": {
                    "en": "",
                    "fr": "",
                    "es": "Aceptar la confesión"
                },
                "next": "f0d0e7d5-b487-431d-8df9-4e159d2f8ab7",
                "parent": "366fe7da-21e1-46b9-ba91-4cea4a56a8e9"
            },
            {
                "text": {
                    "en": "",
                    "fr": "",
                    "es": "Rechazar la confesión"
                },
                "next": "28b01585-536c-4455-8933-649c947b6534",
                "parent": "366fe7da-21e1-46b9-ba91-4cea4a56a8e9"
            }
        ]
    },
    "f0d0e7d5-b487-431d-8df9-4e159d2f8ab7": {
        "name": "Y/N",
        "character_uuid": "8c05e531-d7a2-4093-a743-2034016072f8",
        "text": {
            "en": "",
            "fr": "",
            "es": "Yo... me siento igual, también me gustas"
        },
        "parent": "3156ff98-5db5-4048-9493-9f5944ae5d3e",
        "next": "689aeebd-ccd7-4eb1-9808-eae8696792e2"
    },
    "28b01585-536c-4455-8933-649c947b6534": {
        "name": "Y/N",
        "character_uuid": "8c05e531-d7a2-4093-a743-2034016072f8",
        "text": {
            "en": "",
            "fr": "",
            "es": "Yo... lo siento Richard"
        },
        "parent": "3f97e48b-cf7a-4345-a4dd-ce96a5df2656",
        "next": "b873a1fc-01c2-495a-84c8-fc2214979906"
    },
    "896a0f55-d0c0-435f-b8c1-9c16e8064a73": {
        "name": "Richard",
        "character_uuid": "f69f8c71-d246-4a25-a343-48ef9efe33af",
        "text": {
            "en": "",
            "fr": "",
            "es": "quemegustas"
        },
        "parent": "5d84b097-b837-43a2-ab3a-b60938480082",
        "next": "6397f923-4ec6-40e0-a229-c842b53e3102"
    },
    "6397f923-4ec6-40e0-a229-c842b53e3102": {
        "name": "Y/N",
        "character_uuid": "8c05e531-d7a2-4093-a743-2034016072f8",
        "text": {
            "en": "",
            "fr": "",
            "es": "¿Cómo?"
        },
        "parent": "896a0f55-d0c0-435f-b8c1-9c16e8064a73",
        "next": "366fe7da-21e1-46b9-ba91-4cea4a56a8e9"
    },
    "366fe7da-21e1-46b9-ba91-4cea4a56a8e9": {
        "name": "Richard",
        "character_uuid": "f69f8c71-d246-4a25-a343-48ef9efe33af",
        "text": {
            "en": "",
            "fr": "",
            "es": "que me gustas"
        },
        "parent": "6397f923-4ec6-40e0-a229-c842b53e3102",
        "choices": [
            {
                "text": {
                    "en": "",
                    "fr": "",
                    "es": "Aceptar la confesión"
                },
                "next": "f0d0e7d5-b487-431d-8df9-4e159d2f8ab7",
                "parent": "366fe7da-21e1-46b9-ba91-4cea4a56a8e9"
            },
            {
                "text": {
                    "en": "",
                    "fr": "",
                    "es": "Rechazar la confesión"
                },
                "next": "28b01585-536c-4455-8933-649c947b6534",
                "parent": "366fe7da-21e1-46b9-ba91-4cea4a56a8e9"
            },
            {
                "text": {
                    "en": "",
                    "fr": "",
                    "es": "Rechazar la confesión"
                },
                "next": "28b01585-536c-4455-8933-649c947b6534",
                "parent": "366fe7da-21e1-46b9-ba91-4cea4a56a8e9"
            },
            {
                "text": {
                    "en": "",
                    "fr": "",
                    "es": "Aceptar la confesión"
                },
                "next": "f0d0e7d5-b487-431d-8df9-4e159d2f8ab7",
                "parent": "366fe7da-21e1-46b9-ba91-4cea4a56a8e9"
            }
        ]
    },
    "dff3874a-f9e2-4c63-a08e-d8abd0fbbf5c": {
        "name": "Y/N",
        "character_uuid": "8c05e531-d7a2-4093-a743-2034016072f8",
        "text": {
            "en": "",
            "fr": "",
            "es": "¿Piensas irte así después de decirme que te gusto?"
        },
        "parent": "76c5f482-224f-4248-a253-5b4be59d4a46",
        "next": "d56623f3-8b73-4f7a-a336-b559a84e774e"
    },
    "d56623f3-8b73-4f7a-a336-b559a84e774e": {
        "name": "Richard",
        "character_uuid": "f69f8c71-d246-4a25-a343-48ef9efe33af",
        "text": {
            "en": "",
            "fr": "",
            "es": "¿...Sí?"
        },
        "parent": "dff3874a-f9e2-4c63-a08e-d8abd0fbbf5c",
        "next": "a1234f50-30f6-482f-bdef-2d2835611a4d"
    },
    "a1234f50-30f6-482f-bdef-2d2835611a4d": {
        "name": "Y/N",
        "character_uuid": "8c05e531-d7a2-4093-a743-2034016072f8",
        "text": {
            "en": "",
            "fr": "",
            "es": "..."
        },
        "choices": [
            {
                "text": {
                    "en": "",
                    "fr": "",
                    "es": "Aceptar la confesión"
                },
                "next": "f0d0e7d5-b487-431d-8df9-4e159d2f8ab7",
                "parent": "366fe7da-21e1-46b9-ba91-4cea4a56a8e9"
            },
            {
                "text": {
                    "en": "",
                    "fr": "",
                    "es": "Rechazar la confesión"
                },
                "next": "28b01585-536c-4455-8933-649c947b6534",
                "parent": "366fe7da-21e1-46b9-ba91-4cea4a56a8e9"
            }
        ],
        "parent": "d56623f3-8b73-4f7a-a336-b559a84e774e"
    },
    "689aeebd-ccd7-4eb1-9808-eae8696792e2": {
        "name": "Richard",
        "character_uuid": "f69f8c71-d246-4a25-a343-48ef9efe33af",
        "text": {
            "en": "",
            "fr": "",
            "es": "..."
        },
        "parent": "f0d0e7d5-b487-431d-8df9-4e159d2f8ab7",
        "next": "8de92372-6386-4f6e-93e9-2f793e313f37"
    },
    "8de92372-6386-4f6e-93e9-2f793e313f37": {
        "name": "Richard",
        "character_uuid": "f69f8c71-d246-4a25-a343-48ef9efe33af",
        "text": {
            "en": "",
            "fr": "",
            "es": "¿...Richard...?"
        },
        "parent": "689aeebd-ccd7-4eb1-9808-eae8696792e2",
        "next": "48a9491a-feb0-4712-b3b9-b09961fb47e6"
    },
    "48a9491a-feb0-4712-b3b9-b09961fb47e6": {
        "name": "Y/N",
        "character_uuid": "8c05e531-d7a2-4093-a743-2034016072f8",
        "text": {
            "en": "",
            "fr": "",
            "es": "*De la nada, Richard se acerca y me da un abrazo fuerte*"
        },
        "parent": "8de92372-6386-4f6e-93e9-2f793e313f37",
        "next": "4cc5e1ea-ccf7-418d-8dcf-54ae6c4d5077"
    },
    "4cc5e1ea-ccf7-418d-8dcf-54ae6c4d5077": {
        "name": "Richard",
        "character_uuid": "f69f8c71-d246-4a25-a343-48ef9efe33af",
        "text": {
            "en": "",
            "fr": "",
            "es": "Me alegro tanto..."
        },
        "parent": "48a9491a-feb0-4712-b3b9-b09961fb47e6",
        "next": "d7470dc1-dc14-46a1-ada8-a02dca8e45e6"
    },
    "d7470dc1-dc14-46a1-ada8-a02dca8e45e6": {
        "name": "Y/N",
        "character_uuid": "8c05e531-d7a2-4093-a743-2034016072f8",
        "text": {
            "en": "",
            "fr": "",
            "es": " (No me esperaba que esto terminase así...)"
        },
        "parent": "72d79437-9ccb-4224-8eac-2e2b62bc2a72",
        "next": "b2ce8f4d-4a51-4331-be23-25cfe55fbfeb",
        "signals": {
            "eventName": {
                "String": "everyoneExit"
            },
            "parent": "d7470dc1-dc14-46a1-ada8-a02dca8e45e6"
        }
    },
    "b873a1fc-01c2-495a-84c8-fc2214979906": {
        "name": "Richard",
        "character_uuid": "f69f8c71-d246-4a25-a343-48ef9efe33af",
        "text": {
            "en": "",
            "fr": "",
            "es": "....lo suponía..."
        },
        "parent": "28b01585-536c-4455-8933-649c947b6534",
        "next": "8ac4ef51-13eb-455e-ba9f-58295526f40d"
    },
    "8ac4ef51-13eb-455e-ba9f-58295526f40d": {
        "name": "Y/N",
        "character_uuid": "8c05e531-d7a2-4093-a743-2034016072f8",
        "text": {
            "en": "",
            "fr": "",
            "es": "¡Pero aún podemos ser amigos!"
        },
        "parent": "b873a1fc-01c2-495a-84c8-fc2214979906",
        "next": "9142d533-4b09-4248-aae1-6f318c5ab009"
    },
    "9142d533-4b09-4248-aae1-6f318c5ab009": {
        "name": "Y/N",
        "character_uuid": "8c05e531-d7a2-4093-a743-2034016072f8",
        "text": {
            "en": "",
            "fr": "",
            "es": "*La cara de Richard se ilumina levemente*"
        },
        "parent": "8ac4ef51-13eb-455e-ba9f-58295526f40d",
        "next": "226b7c49-d12a-41d5-a613-1d81126a1390"
    },
    "226b7c49-d12a-41d5-a613-1d81126a1390": {
        "name": "Richard",
        "character_uuid": "f69f8c71-d246-4a25-a343-48ef9efe33af",
        "text": {
            "en": "",
            "fr": "",
            "es": "¿De verdad...?"
        },
        "parent": "9142d533-4b09-4248-aae1-6f318c5ab009",
        "next": "ea6e7751-d1d4-46ce-985a-67fe304ae35d"
    },
    "ea6e7751-d1d4-46ce-985a-67fe304ae35d": {
        "name": "Y/N",
        "character_uuid": "8c05e531-d7a2-4093-a743-2034016072f8",
        "text": {
            "en": "",
            "fr": "",
            "es": "Sí, claro"
        },
        "parent": "226b7c49-d12a-41d5-a613-1d81126a1390",
        "next": "72d79437-9ccb-4224-8eac-2e2b62bc2a72"
    },
    "72d79437-9ccb-4224-8eac-2e2b62bc2a72": {
        "name": "Richard",
        "character_uuid": "f69f8c71-d246-4a25-a343-48ef9efe33af",
        "text": {
            "en": "",
            "fr": "",
            "es": "Gracias...."
        },
        "next": "d7470dc1-dc14-46a1-ada8-a02dca8e45e6",
        "parent": "ea6e7751-d1d4-46ce-985a-67fe304ae35d"
    },
    "b2ce8f4d-4a51-4331-be23-25cfe55fbfeb": {
        "name": "Y/N",
        "character_uuid": "8c05e531-d7a2-4093-a743-2034016072f8",
        "text": {
            "en": "",
            "fr": "",
            "es": "(¿Quién me habría dicho que mis decisiones me llevarían a esto?)"
        },
        "parent": "d7470dc1-dc14-46a1-ada8-a02dca8e45e6",
        "next": "2ccfc02c-d76c-49d2-add8-24c64ccc14a6",
        "signals": {
            "eventName": {
                "String": "changeBg"
            },
            "changeBg": {
                "String": "fondo_negro"
            },
            "parent": "b2ce8f4d-4a51-4331-be23-25cfe55fbfeb"
        }
    },
    "2ccfc02c-d76c-49d2-add8-24c64ccc14a6": {
        "name": "Y/N",
        "character_uuid": "8c05e531-d7a2-4093-a743-2034016072f8",
        "text": {
            "en": "",
            "fr": "",
            "es": " "
        },
        "parent": "b2ce8f4d-4a51-4331-be23-25cfe55fbfeb"
    },
    "29bc6361-2153-49a6-93e0-debb37733691": {
        "name": "Y/N",
        "character_uuid": "8c05e531-d7a2-4093-a743-2034016072f8",
        "text": {
            "en": "",
            "fr": "",
            "es": "(Y desde luego que no esperaba encontrarme a alguien como Richard cuando me apunté a mentoría...)"
        },
        "parent": "root",
        "conditions": [
            {
                "affValue": {
                    "value": 80,
                    "operator": "greater",
                    "type": "int"
                },
                "charNum": {
                    "value": 3,
                    "operator": "equal",
                    "type": "int"
                },
                "next": "353bbca4-bf97-4ecf-8d1a-32d0934e7771",
                "parent": "29bc6361-2153-49a6-93e0-debb37733691"
            },
            {
                "affValue": {
                    "value": 81,
                    "operator": "lower",
                    "type": "int"
                },
                "charNum": {
                    "value": 3,
                    "operator": "equal",
                    "type": "int"
                },
                "next": "03c26bc5-0e2e-4d48-a9e5-3776c917f14b",
                "parent": "29bc6361-2153-49a6-93e0-debb37733691"
            }
        ]
    },
    "root": {
        "next": "29bc6361-2153-49a6-93e0-debb37733691"
    },
    "__editor": {
        "root": {
            "uuid": "root",
            "offset": [
                -340,
                40
            ]
        },
        "dialogues": [
            {
                "uuid": "03c26bc5-0e2e-4d48-a9e5-3776c917f14b",
                "offset": [
                    660,
                    340
                ]
            },
            {
                "uuid": "353bbca4-bf97-4ecf-8d1a-32d0934e7771",
                "offset": [
                    660,
                    -60
                ]
            },
            {
                "uuid": "5355940b-2b4d-4a60-97eb-49da30e3fd84",
                "offset": [
                    1420,
                    -60
                ]
            },
            {
                "uuid": "e55213bc-7a80-4c75-96f5-3012d73b8cb5",
                "offset": [
                    1040,
                    -60
                ]
            },
            {
                "uuid": "74b5e3b8-f82d-4efc-a58b-cf1fa4f18c00",
                "offset": [
                    6580,
                    -420
                ]
            },
            {
                "uuid": "bf9544ca-5cf6-4ba7-8dbf-b1d7fda68e44",
                "offset": [
                    6200,
                    -420
                ]
            },
            {
                "uuid": "9ff0a6ab-8f22-4928-8504-d137f478847a",
                "offset": [
                    5380,
                    -120
                ]
            },
            {
                "uuid": "b003a135-8183-40a6-a4bd-736b3b6a9a9c",
                "offset": [
                    5000,
                    -120
                ]
            },
            {
                "uuid": "622907a6-0bad-472f-8331-dee1ff49f2b2",
                "offset": [
                    4500,
                    60
                ]
            },
            {
                "uuid": "21513833-f121-4250-a767-e1bd95827e64",
                "offset": [
                    4120,
                    60
                ]
            },
            {
                "uuid": "c41986e2-fe52-49a0-9fd7-74edcc59de8d",
                "offset": [
                    3740,
                    60
                ]
            },
            {
                "uuid": "ce5ee944-e812-4c63-a5f2-0bef879f4992",
                "offset": [
                    3360,
                    60
                ]
            },
            {
                "uuid": "6d375091-31ef-46a3-8ce7-6cca4ac02fbb",
                "offset": [
                    2980,
                    60
                ]
            },
            {
                "uuid": "5e40b371-1491-4549-86a3-024d7415f5b4",
                "offset": [
                    2600,
                    60
                ]
            },
            {
                "uuid": "9c1d7a0a-134b-4ec0-981c-6d2718fd939e",
                "offset": [
                    4500,
                    -300
                ]
            },
            {
                "uuid": "bad08636-6123-4f08-a942-3a10e5675bc7",
                "offset": [
                    4120,
                    -300
                ]
            },
            {
                "uuid": "43701021-65e3-424b-911e-e29af964412b",
                "offset": [
                    3740,
                    -300
                ]
            },
            {
                "uuid": "0040876b-199d-4a84-b565-8d650d2e52ea",
                "offset": [
                    3360,
                    -300
                ]
            },
            {
                "uuid": "1c2c04bd-f41b-44c2-ae05-a1555700f03e",
                "offset": [
                    2980,
                    -300
                ]
            },
            {
                "uuid": "1152b6f6-368a-448a-9f1b-32304f3a5bb0",
                "offset": [
                    2600,
                    -300
                ]
            },
            {
                "uuid": "5ad047df-09a1-4007-8bdf-4ce0cdc43fc8",
                "offset": [
                    2220,
                    60
                ]
            },
            {
                "uuid": "6c61dc82-58c3-4fda-a710-36b106b8d29a",
                "offset": [
                    2220,
                    -300
                ]
            },
            {
                "uuid": "947dadce-e1c2-4fef-84b3-fdb3cc797940",
                "offset": [
                    6960,
                    -420
                ]
            },
            {
                "uuid": "6469da30-cb1b-4734-a191-b949413dd8e7",
                "offset": [
                    7340,
                    -420
                ]
            },
            {
                "uuid": "70274d0c-9734-4535-9a4b-3f3df0606639",
                "offset": [
                    7720,
                    -420
                ]
            },
            {
                "uuid": "c49bd2de-26e6-4ee6-9d49-2913dd27899c",
                "offset": [
                    8100,
                    -420
                ]
            },
            {
                "uuid": "c8cded37-7703-4d99-bcc3-d8343520335a",
                "offset": [
                    6180,
                    120
                ]
            },
            {
                "uuid": "0741c7cd-0989-49ca-86e4-e77a47985614",
                "offset": [
                    6560,
                    120
                ]
            },
            {
                "uuid": "de835bb9-41b1-4b74-a272-4d53580f0de9",
                "offset": [
                    6940,
                    120
                ]
            },
            {
                "uuid": "3e4e39a0-e769-495d-8217-6fa7022558d4",
                "offset": [
                    7320,
                    120
                ]
            },
            {
                "uuid": "0f7b5dd6-2420-488e-a51e-d1f6bb5da071",
                "offset": [
                    7700,
                    120
                ]
            },
            {
                "uuid": "eddfffb5-2f86-474a-ab09-e688abf21305",
                "offset": [
                    8080,
                    120
                ]
            },
            {
                "uuid": "ff3bea94-d8e6-42f7-981e-2c88f778836e",
                "offset": [
                    8540,
                    -140
                ]
            },
            {
                "uuid": "99da66b4-0491-49b2-9560-589c03863396",
                "offset": [
                    8920,
                    -140
                ]
            },
            {
                "uuid": "f593282a-2ee4-4234-8286-7762fc035557",
                "offset": [
                    9300,
                    -140
                ]
            },
            {
                "uuid": "c3a13ee3-66a2-41c0-a748-aad058fc1a3b",
                "offset": [
                    9680,
                    -140
                ]
            },
            {
                "uuid": "ec32b70e-8da7-42af-b9f7-9caa0a13e1f3",
                "offset": [
                    10500,
                    -300
                ]
            },
            {
                "uuid": "4d933ade-b178-493d-9883-7afb39f230ac",
                "offset": [
                    10480,
                    120
                ]
            },
            {
                "uuid": "15350c21-0e02-4e17-aefb-1325c28ec0b5",
                "offset": [
                    10860,
                    120
                ]
            },
            {
                "uuid": "76c5f482-224f-4248-a253-5b4be59d4a46",
                "offset": [
                    11920,
                    200
                ]
            },
            {
                "uuid": "f5bcd40e-acc0-4f2c-88a5-555fc18b2dc1",
                "offset": [
                    11840,
                    -260
                ]
            },
            {
                "uuid": "65dfe3ba-decd-47cc-932f-52df0201222b",
                "offset": [
                    12220,
                    -260
                ]
            },
            {
                "uuid": "9ff46255-9228-435e-9731-2d596e4b35fb",
                "offset": [
                    12600,
                    -260
                ]
            },
            {
                "uuid": "1d479875-aa32-4aef-a41f-5afaa23191d2",
                "offset": [
                    12980,
                    -260
                ]
            },
            {
                "uuid": "f0d0e7d5-b487-431d-8df9-4e159d2f8ab7",
                "offset": [
                    13880,
                    -540
                ]
            },
            {
                "uuid": "28b01585-536c-4455-8933-649c947b6534",
                "offset": [
                    13880,
                    -60
                ]
            },
            {
                "uuid": "896a0f55-d0c0-435f-b8c1-9c16e8064a73",
                "offset": [
                    11860,
                    -660
                ]
            },
            {
                "uuid": "6397f923-4ec6-40e0-a229-c842b53e3102",
                "offset": [
                    12240,
                    -660
                ]
            },
            {
                "uuid": "366fe7da-21e1-46b9-ba91-4cea4a56a8e9",
                "offset": [
                    12620,
                    -660
                ]
            },
            {
                "uuid": "dff3874a-f9e2-4c63-a08e-d8abd0fbbf5c",
                "offset": [
                    12300,
                    200
                ]
            },
            {
                "uuid": "d56623f3-8b73-4f7a-a336-b559a84e774e",
                "offset": [
                    12680,
                    200
                ]
            },
            {
                "uuid": "a1234f50-30f6-482f-bdef-2d2835611a4d",
                "offset": [
                    13060,
                    200
                ]
            },
            {
                "uuid": "689aeebd-ccd7-4eb1-9808-eae8696792e2",
                "offset": [
                    14260,
                    -540
                ]
            },
            {
                "uuid": "8de92372-6386-4f6e-93e9-2f793e313f37",
                "offset": [
                    14640,
                    -540
                ]
            },
            {
                "uuid": "48a9491a-feb0-4712-b3b9-b09961fb47e6",
                "offset": [
                    15020,
                    -540
                ]
            },
            {
                "uuid": "4cc5e1ea-ccf7-418d-8dcf-54ae6c4d5077",
                "offset": [
                    15400,
                    -540
                ]
            },
            {
                "uuid": "d7470dc1-dc14-46a1-ada8-a02dca8e45e6",
                "offset": [
                    16560,
                    -300
                ]
            },
            {
                "uuid": "b873a1fc-01c2-495a-84c8-fc2214979906",
                "offset": [
                    14260,
                    -60
                ]
            },
            {
                "uuid": "8ac4ef51-13eb-455e-ba9f-58295526f40d",
                "offset": [
                    14640,
                    -60
                ]
            },
            {
                "uuid": "9142d533-4b09-4248-aae1-6f318c5ab009",
                "offset": [
                    15020,
                    -60
                ]
            },
            {
                "uuid": "226b7c49-d12a-41d5-a613-1d81126a1390",
                "offset": [
                    15400,
                    -60
                ]
            },
            {
                "uuid": "ea6e7751-d1d4-46ce-985a-67fe304ae35d",
                "offset": [
                    15780,
                    -60
                ]
            },
            {
                "uuid": "72d79437-9ccb-4224-8eac-2e2b62bc2a72",
                "offset": [
                    16160,
                    -60
                ]
            },
            {
                "uuid": "b2ce8f4d-4a51-4331-be23-25cfe55fbfeb",
                "offset": [
                    17000,
                    -280
                ]
            },
            {
                "uuid": "2ccfc02c-d76c-49d2-add8-24c64ccc14a6",
                "offset": [
                    17420,
                    -280
                ]
            },
            {
                "uuid": "29bc6361-2153-49a6-93e0-debb37733691",
                "offset": [
                    -160,
                    40
                ],
                "parent": "root"
            }
        ],
        "conditions": [
            {
                "uuid": "9dc1ed3a-d074-455b-9ef2-b1a6a73f1ec1",
                "offset": [
                    280,
                    -60
                ],
                "parent": "29bc6361-2153-49a6-93e0-debb37733691"
            },
            {
                "uuid": "4ed6ae79-e0f4-4eee-97f1-7ac9a4bee890",
                "offset": [
                    280,
                    340
                ],
                "parent": "29bc6361-2153-49a6-93e0-debb37733691"
            }
        ],
        "signals": [
            {
                "uuid": "79c259c1-6b40-47ab-a75d-cca3a5e36c85",
                "offset": [
                    1040,
                    -400
                ],
                "parent": "353bbca4-bf97-4ecf-8d1a-32d0934e7771"
            },
            {
                "uuid": "6d43f454-dd9f-4597-bfc1-5c15d6929dd0",
                "offset": [
                    1420,
                    -400
                ],
                "parent": "e55213bc-7a80-4c75-96f5-3012d73b8cb5"
            },
            {
                "uuid": "6fac5f08-ce52-4034-b5ff-f5209f0cce94",
                "offset": [
                    17000,
                    100
                ],
                "parent": "d7470dc1-dc14-46a1-ada8-a02dca8e45e6"
            },
            {
                "uuid": "2940912a-9a12-4508-a8d5-ec6c6b99ed2b",
                "offset": [
                    17440,
                    100
                ],
                "parent": "b2ce8f4d-4a51-4331-be23-25cfe55fbfeb"
            }
        ],
        "choices": [
            {
                "uuid": "8907eefe-c3fe-450e-aedc-3499742227fa",
                "offset": [
                    1860,
                    -180
                ],
                "parent": "5355940b-2b4d-4a60-97eb-49da30e3fd84"
            },
            {
                "uuid": "7aca5572-4148-4f48-9736-fc62a03e0ef9",
                "offset": [
                    1860,
                    140
                ],
                "parent": "5355940b-2b4d-4a60-97eb-49da30e3fd84"
            },
            {
                "uuid": "bab6cdab-c3cb-46f3-bd32-5808e821ade0",
                "offset": [
                    5800,
                    120
                ],
                "parent": "9ff0a6ab-8f22-4928-8504-d137f478847a"
            },
            {
                "uuid": "df11d474-dac9-46c5-8339-f86f85c82dab",
                "offset": [
                    5800,
                    -260
                ],
                "parent": "9ff0a6ab-8f22-4928-8504-d137f478847a"
            },
            {
                "uuid": "c41d2856-847c-4698-b3f5-98ded8f7160d",
                "offset": [
                    10100,
                    -180
                ],
                "parent": "c3a13ee3-66a2-41c0-a748-aad058fc1a3b"
            },
            {
                "uuid": "e968770c-2172-4a59-bda4-d4fd438e649f",
                "offset": [
                    10100,
                    140
                ],
                "parent": "c3a13ee3-66a2-41c0-a748-aad058fc1a3b"
            },
            {
                "uuid": "5d84b097-b837-43a2-ab3a-b60938480082",
                "offset": [
                    11460,
                    -580
                ],
                "parent": "ec32b70e-8da7-42af-b9f7-9caa0a13e1f3",
                "data": {
                    "text": {
                        "en": "",
                        "fr": "",
                        "es": "¿Te gusto?"
                    },
                    "next": "f5bcd40e-acc0-4f2c-88a5-555fc18b2dc1",
                    "parent": "ec32b70e-8da7-42af-b9f7-9caa0a13e1f3"
                }
            },
            {
                "uuid": "17a1f2e2-c197-4b82-b852-5fecc8098f92",
                "offset": [
                    11460,
                    -200
                ],
                "parent": "15350c21-0e02-4e17-aefb-1325c28ec0b5"
            },
            {
                "uuid": "76653b6f-46da-4a66-a425-321e07d77a0f",
                "offset": [
                    11460,
                    280
                ],
                "parent": "15350c21-0e02-4e17-aefb-1325c28ec0b5"
            },
            {
                "uuid": "3156ff98-5db5-4048-9493-9f5944ae5d3e",
                "offset": [
                    13480,
                    -320
                ],
                "parent": "366fe7da-21e1-46b9-ba91-4cea4a56a8e9"
            },
            {
                "uuid": "3f97e48b-cf7a-4345-a4dd-ce96a5df2656",
                "offset": [
                    13480,
                    -20
                ],
                "parent": "366fe7da-21e1-46b9-ba91-4cea4a56a8e9"
            }
        ]
    }
}