{
    "c8e99be9-d90c-444e-a296-32ebfdc19f2e": {
        "name": "Y/N",
        "character_uuid": "8c05e531-d7a2-4093-a743-2034016072f8",
        "text": {
            "en": "",
            "fr": "",
            "es": "(Me acerco al punto de llegada...)"
        },
        "next": "5d526c0b-acab-47d5-98e7-408ab281d04c",
        "parent": "9ab49918-890a-4646-b291-80d1150a2eff",
        "signals": {
            "parent": "c8e99be9-d90c-444e-a296-32ebfdc19f2e",
            "eventName": {
                "String": "changeBg"
            },
            "changeBg": {
                "String": "fuente"
            }
        }
    },
    "5d526c0b-acab-47d5-98e7-408ab281d04c": {
        "name": "Y/N",
        "character_uuid": "8c05e531-d7a2-4093-a743-2034016072f8",
        "text": {
            "en": "",
            "fr": "",
            "es": "*Veo a Camille esperando donde habíamos quedado mientras mira su movil*"
        },
        "parent": "c8e99be9-d90c-444e-a296-32ebfdc19f2e",
        "next": "7cb67c81-e925-4593-b102-34919e8e6e1b",
        "signals": {
            "eventName": {
                "String": "characterEnter"
            },
            "characterEnter": {
                "String": "camille"
            },
            "parent": "5d526c0b-acab-47d5-98e7-408ab281d04c"
        }
    },
    "7cb67c81-e925-4593-b102-34919e8e6e1b": {
        "name": "Y/N",
        "character_uuid": "8c05e531-d7a2-4093-a743-2034016072f8",
        "text": {
            "en": "",
            "fr": "",
            "es": "*Camille de repente levanta la cabeza y me mira*"
        },
        "parent": "5d526c0b-acab-47d5-98e7-408ab281d04c",
        "next": "a12dc1c1-9f0a-4fd9-8085-6aa51ba27c9f"
    },
    "a12dc1c1-9f0a-4fd9-8085-6aa51ba27c9f": {
        "name": "Y/N",
        "character_uuid": "8c05e531-d7a2-4093-a743-2034016072f8",
        "text": {
            "en": "",
            "fr": "",
            "es": "*Me saluda con la mano y con una sonrísa en la cara*"
        },
        "parent": "7cb67c81-e925-4593-b102-34919e8e6e1b",
        "next": "4623a2d0-b5fe-4722-bdaa-911aa4b99373"
    },
    "4623a2d0-b5fe-4722-bdaa-911aa4b99373": {
        "name": "Y/N",
        "character_uuid": "8c05e531-d7a2-4093-a743-2034016072f8",
        "text": {
            "en": "",
            "fr": "",
            "es": "*Nunca la habia visto sonreir tanto*"
        },
        "parent": "a12dc1c1-9f0a-4fd9-8085-6aa51ba27c9f",
        "choices": [
            {
                "text": {
                    "en": "",
                    "fr": "",
                    "es": "Saludarla"
                },
                "next": "1559b558-1fa3-4481-8b20-23c34dd74474",
                "parent": "4623a2d0-b5fe-4722-bdaa-911aa4b99373"
            },
            {
                "text": {
                    "en": "",
                    "fr": "",
                    "es": "Decirle que ha llegado muy puntual"
                },
                "next": "d21443a9-810f-4a5f-8a4b-78f084ab6d6d",
                "parent": "4623a2d0-b5fe-4722-bdaa-911aa4b99373"
            }
        ]
    },
    "050a10a4-0882-4fa5-9be9-0bdeca1b976b": {
        "name": "Camille",
        "character_uuid": "2459fb62-fca4-4c9a-b38d-1f868103de0d",
        "text": {
            "en": "",
            "fr": "",
            "es": "Se ve, gracias por venir hoy"
        },
        "parent": "1559b558-1fa3-4481-8b20-23c34dd74474",
        "next": "4c4754e1-e042-43d0-a40c-7bd817fde206"
    },
    "1559b558-1fa3-4481-8b20-23c34dd74474": {
        "name": "Y/N",
        "character_uuid": "8c05e531-d7a2-4093-a743-2034016072f8",
        "text": {
            "en": "",
            "fr": "",
            "es": "¡Hola Camille! Ya estoy aquí"
        },
        "parent": "80f1413e-7e61-410e-98b3-9fed4e0ea634",
        "next": "050a10a4-0882-4fa5-9be9-0bdeca1b976b"
    },
    "d21443a9-810f-4a5f-8a4b-78f084ab6d6d": {
        "name": "Y/N",
        "character_uuid": "8c05e531-d7a2-4093-a743-2034016072f8",
        "text": {
            "en": "",
            "fr": "",
            "es": "¡Camille! Qué puntual"
        },
        "parent": "4abe0e50-199d-454f-9a55-ffe318c410de",
        "next": "f0fd776a-83e9-4299-b768-e18884ecb1ca"
    },
    "f0fd776a-83e9-4299-b768-e18884ecb1ca": {
        "name": "Camille",
        "character_uuid": "2459fb62-fca4-4c9a-b38d-1f868103de0d",
        "text": {
            "en": "",
            "fr": "",
            "es": "Bueno, fui yo la que dijo de quedar aquí, ¿no es así?"
        },
        "parent": "d21443a9-810f-4a5f-8a4b-78f084ab6d6d",
        "next": "fa83458a-0798-40fe-8fcb-75a617effd60"
    },
    "fa83458a-0798-40fe-8fcb-75a617effd60": {
        "name": "Y/N",
        "character_uuid": "8c05e531-d7a2-4093-a743-2034016072f8",
        "text": {
            "en": "",
            "fr": "",
            "es": "Sí bueno, pero aun asi"
        },
        "parent": "f0fd776a-83e9-4299-b768-e18884ecb1ca",
        "next": "1045e612-4f38-4b60-b438-ae250774e1a9"
    },
    "1045e612-4f38-4b60-b438-ae250774e1a9": {
        "name": "Y/N",
        "character_uuid": "8c05e531-d7a2-4093-a743-2034016072f8",
        "text": {
            "en": "",
            "fr": "",
            "es": "Dijiste que tenias algo que decirme ¿No?"
        },
        "parent": "4c4754e1-e042-43d0-a40c-7bd817fde206",
        "next": "8eb640bb-29f2-4ecf-8c99-067ceeebf211"
    },
    "4c4754e1-e042-43d0-a40c-7bd817fde206": {
        "name": "Y/N",
        "character_uuid": "8c05e531-d7a2-4093-a743-2034016072f8",
        "text": {
            "en": "",
            "fr": "",
            "es": "Nada, es un placer"
        },
        "parent": "050a10a4-0882-4fa5-9be9-0bdeca1b976b",
        "next": "1045e612-4f38-4b60-b438-ae250774e1a9"
    },
    "94ca08e8-159f-4634-a0fd-461b10ef3c22": {
        "name": "Y/N",
        "character_uuid": "8c05e531-d7a2-4093-a743-2034016072f8",
        "text": {
            "en": "",
            "fr": "",
            "es": " (A menudos personajes he conocido...Camille, la primera, inimitable e inigualable...)"
        },
        "conditions": [
            {
                "affValue": {
                    "value": 80,
                    "operator": "greater",
                    "type": "int"
                },
                "charNum": {
                    "value": 0,
                    "operator": "equal",
                    "type": "int"
                },
                "next": "c8e99be9-d90c-444e-a296-32ebfdc19f2e",
                "parent": "94ca08e8-159f-4634-a0fd-461b10ef3c22"
            },
            {
                "parent": "94ca08e8-159f-4634-a0fd-461b10ef3c22",
                "next": "cb7310c1-3ffb-4b2b-913f-258f5b57b846",
                "affValue": {
                    "value": 81,
                    "operator": "lower",
                    "type": "int"
                },
                "charNum": {
                    "value": 0,
                    "operator": "equal",
                    "type": "int"
                }
            }
        ],
        "parent": "dfeb0d38-3dee-40d9-95b3-08ba2c0a23b7"
    },
    "cb7310c1-3ffb-4b2b-913f-258f5b57b846": {
        "name": "Y/N",
        "character_uuid": "8c05e531-d7a2-4093-a743-2034016072f8",
        "text": {
            "en": "",
            "fr": "",
            "es": " (.)"
        },
        "parent": "ce5a0f16-79f2-40e7-ad21-5457e131cc07"
    },
    "8eb640bb-29f2-4ecf-8c99-067ceeebf211": {
        "name": "Camille",
        "character_uuid": "2459fb62-fca4-4c9a-b38d-1f868103de0d",
        "text": {
            "en": "",
            "fr": "",
            "es": "Mhm, asi es"
        },
        "parent": "1045e612-4f38-4b60-b438-ae250774e1a9",
        "next": "b63f8775-e508-49f9-a9d4-3ee65c99c524"
    },
    "5049e421-cb98-4061-ab8a-f53c261bfef3": {
        "name": "Y/N",
        "character_uuid": "8c05e531-d7a2-4093-a743-2034016072f8",
        "text": {
            "en": "",
            "fr": "",
            "es": "*se forma un silencio intimidante*"
        },
        "parent": "85139564-9188-4d4c-b09e-5c79929f21f1",
        "next": "50dba3dc-ae39-4ecf-88ad-930a4e968bbc"
    },
    "85139564-9188-4d4c-b09e-5c79929f21f1": {
        "name": "Y/N",
        "character_uuid": "8c05e531-d7a2-4093-a743-2034016072f8",
        "text": {
            "en": "",
            "fr": "",
            "es": "*Camille nos aleja, ahora sintíendose un poco incómoda*"
        },
        "parent": "e70a4ae4-c1a2-4d3a-bd78-47851d2a2602",
        "next": "5049e421-cb98-4061-ab8a-f53c261bfef3"
    },
    "3b133dab-bd55-4f5b-8c51-cef908ee9136": {
        "name": "Y/N",
        "character_uuid": "8c05e531-d7a2-4093-a743-2034016072f8",
        "text": {
            "en": "",
            "fr": "",
            "es": "*Camille vuelve a mirarme a los ojos*"
        },
        "parent": "c07ff4fd-293f-4b04-a010-e579f15e712d",
        "choices": [
            {
                "text": {
                    "en": "",
                    "fr": "",
                    "es": "Negarse"
                },
                "next": "85139564-9188-4d4c-b09e-5c79929f21f1",
                "parent": "3b133dab-bd55-4f5b-8c51-cef908ee9136"
            },
            {
                "text": {
                    "en": "",
                    "fr": "",
                    "es": "Asentir"
                },
                "next": "11d5ae24-c9d4-4e2a-8308-2cd9a25c5da3",
                "parent": "3b133dab-bd55-4f5b-8c51-cef908ee9136"
            }
        ]
    },
    "c07ff4fd-293f-4b04-a010-e579f15e712d": {
        "name": "Camille",
        "character_uuid": "2459fb62-fca4-4c9a-b38d-1f868103de0d",
        "text": {
            "en": "",
            "fr": "",
            "es": "¿Puedo?"
        },
        "parent": "0377a22f-efcd-465f-b863-6043cc3ca406",
        "next": "3b133dab-bd55-4f5b-8c51-cef908ee9136"
    },
    "0377a22f-efcd-465f-b863-6043cc3ca406": {
        "name": "Y/N",
        "character_uuid": "8c05e531-d7a2-4093-a743-2034016072f8",
        "text": {
            "en": "",
            "fr": "",
            "es": "*Durante un rato que parece eterno, los ojos de Camille se posan en mis labios*"
        },
        "parent": "779af7cc-5ce3-4f67-b4e1-3f440347cb73",
        "next": "c07ff4fd-293f-4b04-a010-e579f15e712d"
    },
    "7efc057d-971e-4411-880b-112e73060db2": {
        "name": "Y/N",
        "character_uuid": "8c05e531-d7a2-4093-a743-2034016072f8",
        "text": {
            "en": "",
            "fr": "",
            "es": "¿C-camille? ¿Qué haces?"
        },
        "parent": "5efab6af-6b96-4032-9f05-c81dc0869cb3",
        "next": "a34e6973-4dea-4d2b-abbd-c486a66470c2"
    },
    "779af7cc-5ce3-4f67-b4e1-3f440347cb73": {
        "name": "Y/N",
        "character_uuid": "8c05e531-d7a2-4093-a743-2034016072f8",
        "text": {
            "en": "",
            "fr": "",
            "es": "*Camille acerca nuestras caras*"
        },
        "parent": "7ca4010d-34ff-44cd-bdb2-ff46ae15f439",
        "next": "0377a22f-efcd-465f-b863-6043cc3ca406"
    },
    "5ee77ec1-c87c-4e31-9dda-db5b13e67fdb": {
        "name": "Y/N",
        "character_uuid": "8c05e531-d7a2-4093-a743-2034016072f8",
        "text": {
            "en": "",
            "fr": "",
            "es": "*Tira un poco de mi y me acerca hacia ella*"
        },
        "parent": "8d798817-94fe-452c-b275-83ead7d84c48",
        "choices": [
            {
                "text": {
                    "en": "",
                    "fr": "",
                    "es": "Preguntar qué esta pasando"
                },
                "next": "7efc057d-971e-4411-880b-112e73060db2",
                "parent": "5ee77ec1-c87c-4e31-9dda-db5b13e67fdb"
            },
            {
                "text": {
                    "en": "",
                    "fr": "",
                    "es": "Dejarse llevar"
                },
                "next": "779af7cc-5ce3-4f67-b4e1-3f440347cb73",
                "parent": "5ee77ec1-c87c-4e31-9dda-db5b13e67fdb"
            }
        ]
    },
    "8d798817-94fe-452c-b275-83ead7d84c48": {
        "name": "Y/N",
        "character_uuid": "8c05e531-d7a2-4093-a743-2034016072f8",
        "text": {
            "en": "",
            "fr": "",
            "es": "*Camille coge mis dos manos en las suyas*"
        },
        "parent": "ede1302a-9f64-4055-a2a8-ff54b8a77a60",
        "next": "5ee77ec1-c87c-4e31-9dda-db5b13e67fdb"
    },
    "ede1302a-9f64-4055-a2a8-ff54b8a77a60": {
        "name": "Y/N",
        "character_uuid": "8c05e531-d7a2-4093-a743-2034016072f8",
        "text": {
            "en": "",
            "fr": "",
            "es": "*Me empieza a mirar directamente a los ojos*"
        },
        "parent": "8e9f3cfd-336b-4f0b-8646-773a7937314c",
        "next": "8d798817-94fe-452c-b275-83ead7d84c48"
    },
    "8e9f3cfd-336b-4f0b-8646-773a7937314c": {
        "name": "Camille",
        "character_uuid": "2459fb62-fca4-4c9a-b38d-1f868103de0d",
        "text": {
            "en": "",
            "fr": "",
            "es": "*Camille coge aire y luego lo suelta*"
        },
        "parent": "c227bb11-7d2c-4d54-b0ad-3c0abf0e8435",
        "next": "ede1302a-9f64-4055-a2a8-ff54b8a77a60"
    },
    "923ed941-2aea-4761-ab57-46ba1ef69e82": {
        "name": "Camille",
        "character_uuid": "2459fb62-fca4-4c9a-b38d-1f868103de0d",
        "text": {
            "en": "",
            "fr": "",
            "es": "Hahah, no es nada malo, al menos eso creo"
        },
        "parent": "de0a1684-23dc-48c1-ac9a-228052dc5749",
        "next": "8e9f3cfd-336b-4f0b-8646-773a7937314c"
    },
    "c227bb11-7d2c-4d54-b0ad-3c0abf0e8435": {
        "name": "Camille",
        "character_uuid": "2459fb62-fca4-4c9a-b38d-1f868103de0d",
        "text": {
            "en": "",
            "fr": "",
            "es": "No me metas prisas"
        },
        "parent": "4d0e951f-4324-4794-b674-945590eed414",
        "next": "8e9f3cfd-336b-4f0b-8646-773a7937314c"
    },
    "defae3ad-c670-4bb2-8bdc-eba278b58e2a": {
        "name": "Camille",
        "character_uuid": "2459fb62-fca4-4c9a-b38d-1f868103de0d",
        "text": {
            "en": "",
            "fr": "",
            "es": "Es ahora o nunca"
        },
        "parent": "b63f8775-e508-49f9-a9d4-3ee65c99c524",
        "choices": [
            {
                "text": {
                    "en": "",
                    "fr": "",
                    "es": "Me estas dando miedo"
                },
                "next": "923ed941-2aea-4761-ab57-46ba1ef69e82",
                "parent": "defae3ad-c670-4bb2-8bdc-eba278b58e2a"
            },
            {
                "text": {
                    "en": "",
                    "fr": "",
                    "es": "¿Qué es?"
                },
                "next": "c227bb11-7d2c-4d54-b0ad-3c0abf0e8435",
                "parent": "defae3ad-c670-4bb2-8bdc-eba278b58e2a"
            }
        ]
    },
    "b63f8775-e508-49f9-a9d4-3ee65c99c524": {
        "name": "Camille",
        "character_uuid": "2459fb62-fca4-4c9a-b38d-1f868103de0d",
        "text": {
            "en": "",
            "fr": "",
            "es": "No sabía cómo decírtelo, pero ya no tengo más tiempo"
        },
        "parent": "8eb640bb-29f2-4ecf-8c99-067ceeebf211",
        "next": "defae3ad-c670-4bb2-8bdc-eba278b58e2a"
    },
    "50dba3dc-ae39-4ecf-88ad-930a4e968bbc": {
        "name": "Camille",
        "character_uuid": "2459fb62-fca4-4c9a-b38d-1f868103de0d",
        "text": {
            "en": "",
            "fr": "",
            "es": "¿Significa esto que no te gusto de vuelta?"
        },
        "parent": "5049e421-cb98-4061-ab8a-f53c261bfef3",
        "choices": [
            {
                "text": {
                    "en": "",
                    "fr": "",
                    "es": "Rechazar la confesión"
                },
                "next": "3fd02b3c-33ec-499d-ace4-c5b4128de993",
                "parent": "d40975ea-c283-48e7-98c7-92d5fa41a816"
            },
            {
                "text": {
                    "en": "",
                    "fr": "",
                    "es": "Aceptar la confesión"
                },
                "next": "49276367-9c83-4b6d-9ebd-2aaf784bd646",
                "parent": "d40975ea-c283-48e7-98c7-92d5fa41a816"
            },
            {
                "text": {
                    "en": "",
                    "fr": "",
                    "es": "Aceptar la confesión"
                },
                "next": "49276367-9c83-4b6d-9ebd-2aaf784bd646",
                "parent": "9012cb52-4e32-4539-935b-6386d96f01e3"
            },
            {
                "text": {
                    "en": "",
                    "fr": "",
                    "es": "Rechazar la confesión"
                },
                "next": "3fd02b3c-33ec-499d-ace4-c5b4128de993",
                "parent": "9012cb52-4e32-4539-935b-6386d96f01e3"
            }
        ]
    },
    "1884e091-8517-4f1c-b83d-3e1d99782e86": {
        "name": "Y/N",
        "character_uuid": "8c05e531-d7a2-4093-a743-2034016072f8",
        "text": {
            "en": "",
            "fr": "",
            "es": " (No me esperaba que esto terminase así...)"
        },
        "parent": "583be21d-c180-44e0-8a5f-50deabb0388c",
        "signals": {
            "eventName": {
                "String": "everyoneExit"
            },
            "parent": "1884e091-8517-4f1c-b83d-3e1d99782e86"
        },
        "next": "14628338-ee1c-49d5-a1ce-9d27cd4665b6"
    },
    "e94fe068-f6d5-4f7f-9bb7-9ca99696b5d4": {
        "name": "Camille",
        "character_uuid": "2459fb62-fca4-4c9a-b38d-1f868103de0d",
        "text": {
            "en": "",
            "fr": "",
            "es": "No pasa nada, gracias por tu sinceridad"
        },
        "parent": "033bc399-4a9d-4998-8bdf-c757cf0d9de5",
        "next": "1884e091-8517-4f1c-b83d-3e1d99782e86"
    },
    "033bc399-4a9d-4998-8bdf-c757cf0d9de5": {
        "name": "Camille",
        "character_uuid": "2459fb62-fca4-4c9a-b38d-1f868103de0d",
        "text": {
            "en": "",
            "fr": "",
            "es": "Oh"
        },
        "parent": "852be098-2f7e-4c62-8b8b-7ac407812f37",
        "next": "e94fe068-f6d5-4f7f-9bb7-9ca99696b5d4"
    },
    "852be098-2f7e-4c62-8b8b-7ac407812f37": {
        "name": "Y/N",
        "character_uuid": "8c05e531-d7a2-4093-a743-2034016072f8",
        "text": {
            "en": "",
            "fr": "",
            "es": "Pero no siento lo mismo..."
        },
        "parent": "3fd02b3c-33ec-499d-ace4-c5b4128de993",
        "next": "033bc399-4a9d-4998-8bdf-c757cf0d9de5"
    },
    "3fd02b3c-33ec-499d-ace4-c5b4128de993": {
        "name": "Y/N",
        "character_uuid": "8c05e531-d7a2-4093-a743-2034016072f8",
        "text": {
            "en": "",
            "fr": "",
            "es": "Lo siento... "
        },
        "parent": "16f84b50-22b2-41e8-8093-8da96db9f494",
        "next": "852be098-2f7e-4c62-8b8b-7ac407812f37"
    },
    "d40975ea-c283-48e7-98c7-92d5fa41a816": {
        "name": "Camille",
        "character_uuid": "2459fb62-fca4-4c9a-b38d-1f868103de0d",
        "text": {
            "en": "",
            "fr": "",
            "es": "¿Te gusto de vuelta?"
        },
        "parent": "6c7dea1a-2518-4e5b-a6ec-8db2c1dad572",
        "choices": [
            {
                "text": {
                    "en": "",
                    "fr": "",
                    "es": "Rechazar la confesión"
                },
                "next": "3fd02b3c-33ec-499d-ace4-c5b4128de993",
                "parent": "9012cb52-4e32-4539-935b-6386d96f01e3"
            },
            {
                "text": {
                    "en": "",
                    "fr": "",
                    "es": "Aceptar la confesión"
                },
                "next": "49276367-9c83-4b6d-9ebd-2aaf784bd646",
                "parent": "9012cb52-4e32-4539-935b-6386d96f01e3"
            }
        ]
    },
    "6c7dea1a-2518-4e5b-a6ec-8db2c1dad572": {
        "name": "Y/N",
        "character_uuid": "8c05e531-d7a2-4093-a743-2034016072f8",
        "text": {
            "en": "",
            "fr": "",
            "es": "¿Qué cosa?"
        },
        "parent": "95e41c15-0bdf-445b-a10e-37c75cf32ad7",
        "next": "d40975ea-c283-48e7-98c7-92d5fa41a816"
    },
    "0b227681-10db-48c9-b8cb-44e99831543f": {
        "name": "Y/N",
        "character_uuid": "8c05e531-d7a2-4093-a743-2034016072f8",
        "text": {
            "en": "",
            "fr": "",
            "es": "Sí"
        },
        "parent": "6b666d52-3d6a-4d55-89fc-5b88448f0e96",
        "next": "95e41c15-0bdf-445b-a10e-37c75cf32ad7"
    },
    "6b666d52-3d6a-4d55-89fc-5b88448f0e96": {
        "name": "Camille",
        "character_uuid": "2459fb62-fca4-4c9a-b38d-1f868103de0d",
        "text": {
            "en": "",
            "fr": "",
            "es": "¿Lo pormetes?"
        },
        "parent": "15135041-9ff7-403d-8a16-3eabc09b7c4d",
        "next": "0b227681-10db-48c9-b8cb-44e99831543f"
    },
    "9012cb52-4e32-4539-935b-6386d96f01e3": {
        "name": "Camille",
        "character_uuid": "2459fb62-fca4-4c9a-b38d-1f868103de0d",
        "text": {
            "en": "",
            "fr": "",
            "es": "Entiendo que esto significa que no te gusto de esa manera ¿no?"
        },
        "parent": "ff0fb336-5730-4181-956c-c2a9e85d8c03",
        "choices": [
            {
                "text": {
                    "en": "",
                    "fr": "",
                    "es": "Rechazar la confesión"
                },
                "next": "3fd02b3c-33ec-499d-ace4-c5b4128de993",
                "parent": "9012cb52-4e32-4539-935b-6386d96f01e3"
            },
            {
                "text": {
                    "en": "",
                    "fr": "",
                    "es": "Aceptar la confesión"
                },
                "next": "49276367-9c83-4b6d-9ebd-2aaf784bd646",
                "parent": "9012cb52-4e32-4539-935b-6386d96f01e3"
            },
            {
                "text": {
                    "en": "",
                    "fr": "",
                    "es": "Rechazar la confesión"
                },
                "next": "3fd02b3c-33ec-499d-ace4-c5b4128de993",
                "parent": "9012cb52-4e32-4539-935b-6386d96f01e3"
            },
            {
                "text": {
                    "en": "",
                    "fr": "",
                    "es": "Aceptar la confesión"
                },
                "next": "49276367-9c83-4b6d-9ebd-2aaf784bd646",
                "parent": "9012cb52-4e32-4539-935b-6386d96f01e3"
            }
        ]
    },
    "ff0fb336-5730-4181-956c-c2a9e85d8c03": {
        "name": "Camille",
        "character_uuid": "2459fb62-fca4-4c9a-b38d-1f868103de0d",
        "text": {
            "en": "",
            "fr": "",
            "es": "Hm.... ya veo"
        },
        "parent": "27b66771-0c1f-456d-8c2e-a3eae9108123",
        "next": "9012cb52-4e32-4539-935b-6386d96f01e3"
    },
    "27b66771-0c1f-456d-8c2e-a3eae9108123": {
        "name": "Y/N",
        "character_uuid": "8c05e531-d7a2-4093-a743-2034016072f8",
        "text": {
            "en": "",
            "fr": "",
            "es": "Siento un poco de incomodidad..."
        },
        "parent": "3c928df6-5798-45b3-8664-8528ba57dc4c",
        "next": "ff0fb336-5730-4181-956c-c2a9e85d8c03"
    },
    "15135041-9ff7-403d-8a16-3eabc09b7c4d": {
        "name": "Y/N",
        "character_uuid": "8c05e531-d7a2-4093-a743-2034016072f8",
        "text": {
            "en": "",
            "fr": "",
            "es": "Estoy bien, no te preocupes"
        },
        "parent": "e9a63e4f-5536-41d8-9b9d-91f3dacf9d7e",
        "next": "6b666d52-3d6a-4d55-89fc-5b88448f0e96"
    },
    "d75ae700-a77d-4021-8e2c-df6916f9b2c8": {
        "name": "Y/N",
        "character_uuid": "8c05e531-d7a2-4093-a743-2034016072f8",
        "text": {
            "en": "",
            "fr": "",
            "es": "*asiento con la cabeza*"
        },
        "parent": "94b624ad-93ec-4718-8934-af20d0e2a1a5",
        "choices": [
            {
                "text": {
                    "en": "",
                    "fr": "",
                    "es": "*Decirle que sientes comodidad*"
                },
                "next": "15135041-9ff7-403d-8a16-3eabc09b7c4d",
                "parent": "d75ae700-a77d-4021-8e2c-df6916f9b2c8"
            },
            {
                "text": {
                    "en": "",
                    "fr": "",
                    "es": "*Decirle que sientes incomodidad*"
                },
                "next": "27b66771-0c1f-456d-8c2e-a3eae9108123",
                "parent": "d75ae700-a77d-4021-8e2c-df6916f9b2c8"
            }
        ]
    },
    "94b624ad-93ec-4718-8934-af20d0e2a1a5": {
        "name": "Camille",
        "character_uuid": "2459fb62-fca4-4c9a-b38d-1f868103de0d",
        "text": {
            "en": "",
            "fr": "",
            "es": "Si en algun momento sientes incomodidad, dilo"
        },
        "parent": "a34e6973-4dea-4d2b-abbd-c486a66470c2",
        "next": "d75ae700-a77d-4021-8e2c-df6916f9b2c8"
    },
    "a34e6973-4dea-4d2b-abbd-c486a66470c2": {
        "name": "Camille",
        "character_uuid": "2459fb62-fca4-4c9a-b38d-1f868103de0d",
        "text": {
            "en": "",
            "fr": "",
            "es": "Nada que tú no quieras"
        },
        "parent": "7efc057d-971e-4411-880b-112e73060db2",
        "next": "94b624ad-93ec-4718-8934-af20d0e2a1a5"
    },
    "510505d3-dbe0-4053-a61e-44862f005212": {
        "name": "Camille",
        "character_uuid": "2459fb62-fca4-4c9a-b38d-1f868103de0d",
        "text": {
            "en": "",
            "fr": "",
            "es": "Entonces, ¿te gusto de vuelta?"
        },
        "parent": "33b1ee08-14a3-472e-8175-43a3c2590c4f",
        "choices": [
            {
                "text": {
                    "en": "",
                    "fr": "",
                    "es": "Rechazar la confesión"
                },
                "next": "3fd02b3c-33ec-499d-ace4-c5b4128de993",
                "parent": "d40975ea-c283-48e7-98c7-92d5fa41a816"
            },
            {
                "text": {
                    "en": "",
                    "fr": "",
                    "es": "Aceptar la confesión"
                },
                "next": "49276367-9c83-4b6d-9ebd-2aaf784bd646",
                "parent": "d40975ea-c283-48e7-98c7-92d5fa41a816"
            },
            {
                "text": {
                    "en": "",
                    "fr": "",
                    "es": "Aceptar la confesión"
                },
                "next": "49276367-9c83-4b6d-9ebd-2aaf784bd646",
                "parent": "9012cb52-4e32-4539-935b-6386d96f01e3"
            },
            {
                "text": {
                    "en": "",
                    "fr": "",
                    "es": "Rechazar la confesión"
                },
                "next": "3fd02b3c-33ec-499d-ace4-c5b4128de993",
                "parent": "9012cb52-4e32-4539-935b-6386d96f01e3"
            }
        ]
    },
    "33b1ee08-14a3-472e-8175-43a3c2590c4f": {
        "name": "Y/N",
        "character_uuid": "8c05e531-d7a2-4093-a743-2034016072f8",
        "text": {
            "en": "",
            "fr": "",
            "es": "*Camille muestra su sonrisa pícara*"
        },
        "parent": "353e21f7-2b9d-4bc6-b85d-97ee66f93bfb",
        "next": "510505d3-dbe0-4053-a61e-44862f005212"
    },
    "353e21f7-2b9d-4bc6-b85d-97ee66f93bfb": {
        "name": "Y/N",
        "character_uuid": "8c05e531-d7a2-4093-a743-2034016072f8",
        "text": {
            "en": "",
            "fr": "",
            "es": "*Después de un rato, los aleja*"
        },
        "parent": "11d5ae24-c9d4-4e2a-8308-2cd9a25c5da3",
        "next": "33b1ee08-14a3-472e-8175-43a3c2590c4f"
    },
    "11d5ae24-c9d4-4e2a-8308-2cd9a25c5da3": {
        "name": "Y/N",
        "character_uuid": "8c05e531-d7a2-4093-a743-2034016072f8",
        "text": {
            "en": "",
            "fr": "",
            "es": "*Camille acerca nuestros labios y me besa*"
        },
        "parent": "7c870e5b-cf7a-4da6-a0f6-7624f880bff4",
        "next": "353e21f7-2b9d-4bc6-b85d-97ee66f93bfb"
    },
    "95e41c15-0bdf-445b-a10e-37c75cf32ad7": {
        "name": "Camille",
        "character_uuid": "2459fb62-fca4-4c9a-b38d-1f868103de0d",
        "text": {
            "en": "",
            "fr": "",
            "es": "¿Entonces no te importará que te pregunte una cosa, no?"
        },
        "parent": "0b227681-10db-48c9-b8cb-44e99831543f",
        "next": "6c7dea1a-2518-4e5b-a6ec-8db2c1dad572"
    },
    "49276367-9c83-4b6d-9ebd-2aaf784bd646": {
        "name": "Y/N",
        "character_uuid": "8c05e531-d7a2-4093-a743-2034016072f8",
        "text": {
            "en": "",
            "fr": "",
            "es": "Yo..."
        },
        "parent": "a00fc016-e69a-48b9-915c-1be5bd5b22b3",
        "next": "be43507c-0102-4cb0-a0ed-733e6ff74f1c"
    },
    "be43507c-0102-4cb0-a0ed-733e6ff74f1c": {
        "name": "Y/N",
        "character_uuid": "8c05e531-d7a2-4093-a743-2034016072f8",
        "text": {
            "en": "",
            "fr": "",
            "es": "Sí"
        },
        "parent": "49276367-9c83-4b6d-9ebd-2aaf784bd646",
        "next": "19950b04-2609-4b8f-9410-a95d4174a905"
    },
    "19950b04-2609-4b8f-9410-a95d4174a905": {
        "name": "Y/N",
        "character_uuid": "8c05e531-d7a2-4093-a743-2034016072f8",
        "text": {
            "en": "",
            "fr": "",
            "es": "Me gustas"
        },
        "parent": "be43507c-0102-4cb0-a0ed-733e6ff74f1c",
        "next": "449e256b-e46b-4687-babc-d27e19f88aa8"
    },
    "449e256b-e46b-4687-babc-d27e19f88aa8": {
        "name": "Y/N",
        "character_uuid": "8c05e531-d7a2-4093-a743-2034016072f8",
        "text": {
            "en": "",
            "fr": "",
            "es": "*La cara de Camille se ilumina de felicidad*"
        },
        "parent": "19950b04-2609-4b8f-9410-a95d4174a905",
        "next": "482e0874-f014-4f95-a873-078f9c1d3a6e"
    },
    "482e0874-f014-4f95-a873-078f9c1d3a6e": {
        "name": "Camille",
        "character_uuid": "2459fb62-fca4-4c9a-b38d-1f868103de0d",
        "text": {
            "en": "",
            "fr": "",
            "es": "¿Oui?"
        },
        "parent": "449e256b-e46b-4687-babc-d27e19f88aa8",
        "next": "e7d43f94-2a76-4163-91ea-b08e080cd199"
    },
    "e7d43f94-2a76-4163-91ea-b08e080cd199": {
        "name": "Camille",
        "character_uuid": "2459fb62-fca4-4c9a-b38d-1f868103de0d",
        "text": {
            "en": "",
            "fr": "",
            "es": "¡Parfait!"
        },
        "parent": "482e0874-f014-4f95-a873-078f9c1d3a6e",
        "next": "cacc011a-da34-4f6d-8359-017272da3c3f"
    },
    "cacc011a-da34-4f6d-8359-017272da3c3f": {
        "name": "Y/N",
        "character_uuid": "8c05e531-d7a2-4093-a743-2034016072f8",
        "text": {
            "en": "",
            "fr": "",
            "es": "*Camille y yo nos abrazamos fuertemente*"
        },
        "parent": "e7d43f94-2a76-4163-91ea-b08e080cd199",
        "next": "583be21d-c180-44e0-8a5f-50deabb0388c"
    },
    "583be21d-c180-44e0-8a5f-50deabb0388c": {
        "name": "Y/N",
        "character_uuid": "8c05e531-d7a2-4093-a743-2034016072f8",
        "text": {
            "en": "",
            "fr": "",
            "es": "(Qué feliz soy...)"
        },
        "parent": "cacc011a-da34-4f6d-8359-017272da3c3f",
        "next": "1884e091-8517-4f1c-b83d-3e1d99782e86"
    },
    "14628338-ee1c-49d5-a1ce-9d27cd4665b6": {
        "name": "Y/N",
        "character_uuid": "8c05e531-d7a2-4093-a743-2034016072f8",
        "text": {
            "en": "",
            "fr": "",
            "es": "(¿Quién me habría dicho que mis decisiones me llevarían a esto?)"
        },
        "parent": "1884e091-8517-4f1c-b83d-3e1d99782e86",
        "signals": {
            "eventName": {
                "String": "changeBg"
            },
            "changeBg": {
                "String": "fondo_negro"
            },
            "parent": "14628338-ee1c-49d5-a1ce-9d27cd4665b6"
        },
        "next": "6392c59a-e232-44e0-8cf2-17a7f12b7a57"
    },
    "6392c59a-e232-44e0-8cf2-17a7f12b7a57": {
        "name": "Y/N",
        "character_uuid": "8c05e531-d7a2-4093-a743-2034016072f8",
        "text": {
            "en": "",
            "fr": "",
            "es": " "
        },
        "parent": "14628338-ee1c-49d5-a1ce-9d27cd4665b6"
    },
    "root": {
        "next": "dfeb0d38-3dee-40d9-95b3-08ba2c0a23b7"
    },
    "dfeb0d38-3dee-40d9-95b3-08ba2c0a23b7": {
        "name": "Y/N",
        "character_uuid": "492eaa9a-03cc-472d-93e8-ff4bc8fc59b0",
        "text": {
            "en": "",
            "fr": "",
            "es": "(Echando la vista atrás, vaya añete, ¿eh?)"
        },
        "parent": "root",
        "next": "94ca08e8-159f-4634-a0fd-461b10ef3c22"
    },
    "__editor": {
        "root": {
            "uuid": "root",
            "offset": [
                -460,
                -100
            ]
        },
        "dialogues": [
            {
                "uuid": "c8e99be9-d90c-444e-a296-32ebfdc19f2e",
                "offset": [
                    640,
                    0
                ],
                "parent": "root"
            },
            {
                "uuid": "5d526c0b-acab-47d5-98e7-408ab281d04c",
                "offset": [
                    1020,
                    0
                ]
            },
            {
                "uuid": "7cb67c81-e925-4593-b102-34919e8e6e1b",
                "offset": [
                    1400,
                    0
                ]
            },
            {
                "uuid": "a12dc1c1-9f0a-4fd9-8085-6aa51ba27c9f",
                "offset": [
                    1780,
                    0
                ]
            },
            {
                "uuid": "4623a2d0-b5fe-4722-bdaa-911aa4b99373",
                "offset": [
                    2160,
                    0
                ]
            },
            {
                "uuid": "050a10a4-0882-4fa5-9be9-0bdeca1b976b",
                "offset": [
                    3380,
                    -160
                ]
            },
            {
                "uuid": "1559b558-1fa3-4481-8b20-23c34dd74474",
                "offset": [
                    2980,
                    -160
                ]
            },
            {
                "uuid": "d21443a9-810f-4a5f-8a4b-78f084ab6d6d",
                "offset": [
                    2980,
                    200
                ]
            },
            {
                "uuid": "f0fd776a-83e9-4299-b768-e18884ecb1ca",
                "offset": [
                    3380,
                    200
                ]
            },
            {
                "uuid": "fa83458a-0798-40fe-8fcb-75a617effd60",
                "offset": [
                    3760,
                    200
                ]
            },
            {
                "uuid": "1045e612-4f38-4b60-b438-ae250774e1a9",
                "offset": [
                    4140,
                    -40
                ]
            },
            {
                "uuid": "4c4754e1-e042-43d0-a40c-7bd817fde206",
                "offset": [
                    3760,
                    -160
                ]
            },
            {
                "uuid": "94ca08e8-159f-4634-a0fd-461b10ef3c22",
                "offset": [
                    -140,
                    140
                ],
                "parent": "root"
            },
            {
                "uuid": "cb7310c1-3ffb-4b2b-913f-258f5b57b846",
                "offset": [
                    640,
                    360
                ]
            },
            {
                "uuid": "8eb640bb-29f2-4ecf-8c99-067ceeebf211",
                "offset": [
                    4520,
                    -40
                ]
            },
            {
                "uuid": "5049e421-cb98-4061-ab8a-f53c261bfef3",
                "offset": [
                    11000,
                    -40
                ]
            },
            {
                "uuid": "85139564-9188-4d4c-b09e-5c79929f21f1",
                "offset": [
                    10620,
                    -40
                ]
            },
            {
                "uuid": "3b133dab-bd55-4f5b-8c51-cef908ee9136",
                "offset": [
                    9760,
                    160
                ]
            },
            {
                "uuid": "c07ff4fd-293f-4b04-a010-e579f15e712d",
                "offset": [
                    9360,
                    160
                ]
            },
            {
                "uuid": "0377a22f-efcd-465f-b863-6043cc3ca406",
                "offset": [
                    8980,
                    160
                ]
            },
            {
                "uuid": "7efc057d-971e-4411-880b-112e73060db2",
                "offset": [
                    8580,
                    -240
                ]
            },
            {
                "uuid": "779af7cc-5ce3-4f67-b4e1-3f440347cb73",
                "offset": [
                    8600,
                    160
                ]
            },
            {
                "uuid": "5ee77ec1-c87c-4e31-9dda-db5b13e67fdb",
                "offset": [
                    7780,
                    -20
                ]
            },
            {
                "uuid": "8d798817-94fe-452c-b275-83ead7d84c48",
                "offset": [
                    7400,
                    -20
                ]
            },
            {
                "uuid": "ede1302a-9f64-4055-a2a8-ff54b8a77a60",
                "offset": [
                    7020,
                    -20
                ]
            },
            {
                "uuid": "8e9f3cfd-336b-4f0b-8646-773a7937314c",
                "offset": [
                    6640,
                    -20
                ]
            },
            {
                "uuid": "923ed941-2aea-4761-ab57-46ba1ef69e82",
                "offset": [
                    6160,
                    200
                ]
            },
            {
                "uuid": "c227bb11-7d2c-4d54-b0ad-3c0abf0e8435",
                "offset": [
                    6140,
                    -240
                ]
            },
            {
                "uuid": "defae3ad-c670-4bb2-8bdc-eba278b58e2a",
                "offset": [
                    5300,
                    -40
                ]
            },
            {
                "uuid": "b63f8775-e508-49f9-a9d4-3ee65c99c524",
                "offset": [
                    4900,
                    -40
                ]
            },
            {
                "uuid": "50dba3dc-ae39-4ecf-88ad-930a4e968bbc",
                "offset": [
                    11380,
                    -40
                ]
            },
            {
                "uuid": "1884e091-8517-4f1c-b83d-3e1d99782e86",
                "offset": [
                    16540,
                    -380
                ]
            },
            {
                "uuid": "e94fe068-f6d5-4f7f-9bb7-9ca99696b5d4",
                "offset": [
                    14580,
                    -400
                ]
            },
            {
                "uuid": "033bc399-4a9d-4998-8bdf-c757cf0d9de5",
                "offset": [
                    14200,
                    -400
                ]
            },
            {
                "uuid": "852be098-2f7e-4c62-8b8b-7ac407812f37",
                "offset": [
                    13820,
                    -400
                ]
            },
            {
                "uuid": "3fd02b3c-33ec-499d-ace4-c5b4128de993",
                "offset": [
                    13440,
                    -400
                ]
            },
            {
                "uuid": "d40975ea-c283-48e7-98c7-92d5fa41a816",
                "offset": [
                    12420,
                    -800
                ]
            },
            {
                "uuid": "6c7dea1a-2518-4e5b-a6ec-8db2c1dad572",
                "offset": [
                    12040,
                    -800
                ]
            },
            {
                "uuid": "0b227681-10db-48c9-b8cb-44e99831543f",
                "offset": [
                    11280,
                    -800
                ]
            },
            {
                "uuid": "6b666d52-3d6a-4d55-89fc-5b88448f0e96",
                "offset": [
                    10900,
                    -800
                ]
            },
            {
                "uuid": "9012cb52-4e32-4539-935b-6386d96f01e3",
                "offset": [
                    11280,
                    -420
                ]
            },
            {
                "uuid": "ff0fb336-5730-4181-956c-c2a9e85d8c03",
                "offset": [
                    10900,
                    -420
                ]
            },
            {
                "uuid": "27b66771-0c1f-456d-8c2e-a3eae9108123",
                "offset": [
                    10500,
                    -420
                ]
            },
            {
                "uuid": "15135041-9ff7-403d-8a16-3eabc09b7c4d",
                "offset": [
                    10520,
                    -800
                ]
            },
            {
                "uuid": "d75ae700-a77d-4021-8e2c-df6916f9b2c8",
                "offset": [
                    9740,
                    -400
                ]
            },
            {
                "uuid": "94b624ad-93ec-4718-8934-af20d0e2a1a5",
                "offset": [
                    9340,
                    -240
                ]
            },
            {
                "uuid": "a34e6973-4dea-4d2b-abbd-c486a66470c2",
                "offset": [
                    8960,
                    -240
                ]
            },
            {
                "uuid": "510505d3-dbe0-4053-a61e-44862f005212",
                "offset": [
                    11760,
                    340
                ]
            },
            {
                "uuid": "33b1ee08-14a3-472e-8175-43a3c2590c4f",
                "offset": [
                    11380,
                    340
                ]
            },
            {
                "uuid": "353e21f7-2b9d-4bc6-b85d-97ee66f93bfb",
                "offset": [
                    11000,
                    340
                ]
            },
            {
                "uuid": "11d5ae24-c9d4-4e2a-8308-2cd9a25c5da3",
                "offset": [
                    10620,
                    340
                ]
            },
            {
                "uuid": "95e41c15-0bdf-445b-a10e-37c75cf32ad7",
                "offset": [
                    11660,
                    -800
                ]
            },
            {
                "uuid": "49276367-9c83-4b6d-9ebd-2aaf784bd646",
                "offset": [
                    13440,
                    20
                ]
            },
            {
                "uuid": "be43507c-0102-4cb0-a0ed-733e6ff74f1c",
                "offset": [
                    13820,
                    20
                ]
            },
            {
                "uuid": "19950b04-2609-4b8f-9410-a95d4174a905",
                "offset": [
                    14200,
                    20
                ]
            },
            {
                "uuid": "449e256b-e46b-4687-babc-d27e19f88aa8",
                "offset": [
                    14580,
                    20
                ]
            },
            {
                "uuid": "482e0874-f014-4f95-a873-078f9c1d3a6e",
                "offset": [
                    14960,
                    20
                ]
            },
            {
                "uuid": "e7d43f94-2a76-4163-91ea-b08e080cd199",
                "offset": [
                    15340,
                    20
                ]
            },
            {
                "uuid": "cacc011a-da34-4f6d-8359-017272da3c3f",
                "offset": [
                    15720,
                    20
                ]
            },
            {
                "uuid": "583be21d-c180-44e0-8a5f-50deabb0388c",
                "offset": [
                    16100,
                    20
                ]
            },
            {
                "uuid": "14628338-ee1c-49d5-a1ce-9d27cd4665b6",
                "offset": [
                    16980,
                    -360
                ]
            },
            {
                "uuid": "6392c59a-e232-44e0-8cf2-17a7f12b7a57",
                "offset": [
                    17440,
                    -340
                ]
            },
            {
                "uuid": "dfeb0d38-3dee-40d9-95b3-08ba2c0a23b7",
                "offset": [
                    -520,
                    140
                ],
                "parent": "root"
            }
        ],
        "conditions": [
            {
                "uuid": "9ab49918-890a-4646-b291-80d1150a2eff",
                "offset": [
                    260,
                    -20
                ],
                "parent": "94ca08e8-159f-4634-a0fd-461b10ef3c22"
            },
            {
                "uuid": "ce5a0f16-79f2-40e7-ad21-5457e131cc07",
                "offset": [
                    260,
                    360
                ],
                "parent": "94ca08e8-159f-4634-a0fd-461b10ef3c22"
            }
        ],
        "signals": [
            {
                "uuid": "402d6996-3bae-4e2c-ab04-301037e5fa2f",
                "offset": [
                    1400,
                    -360
                ],
                "parent": "5d526c0b-acab-47d5-98e7-408ab281d04c"
            },
            {
                "uuid": "92df4961-609a-436d-b60c-86d56084bc48",
                "offset": [
                    16980,
                    40
                ],
                "parent": "1884e091-8517-4f1c-b83d-3e1d99782e86"
            },
            {
                "uuid": "b156a7a2-470d-43e4-a2fc-73965ce6c045",
                "offset": [
                    17460,
                    40
                ],
                "parent": "14628338-ee1c-49d5-a1ce-9d27cd4665b6"
            },
            {
                "uuid": "6a7048b5-e047-4b12-a3ac-4de9cdc66013",
                "offset": [
                    1020,
                    -360
                ],
                "parent": "c8e99be9-d90c-444e-a296-32ebfdc19f2e"
            }
        ],
        "choices": [
            {
                "uuid": "80f1413e-7e61-410e-98b3-9fed4e0ea634",
                "offset": [
                    2600,
                    -60
                ],
                "parent": "4623a2d0-b5fe-4722-bdaa-911aa4b99373"
            },
            {
                "uuid": "4abe0e50-199d-454f-9a55-ffe318c410de",
                "offset": [
                    2600,
                    220
                ],
                "parent": "4623a2d0-b5fe-4722-bdaa-911aa4b99373"
            },
            {
                "uuid": "e70a4ae4-c1a2-4d3a-bd78-47851d2a2602",
                "offset": [
                    10180,
                    80
                ],
                "parent": "3b133dab-bd55-4f5b-8c51-cef908ee9136"
            },
            {
                "uuid": "7c870e5b-cf7a-4da6-a0f6-7624f880bff4",
                "offset": [
                    10180,
                    340
                ],
                "parent": "3b133dab-bd55-4f5b-8c51-cef908ee9136"
            },
            {
                "uuid": "5efab6af-6b96-4032-9f05-c81dc0869cb3",
                "offset": [
                    8220,
                    -140
                ],
                "parent": "5ee77ec1-c87c-4e31-9dda-db5b13e67fdb"
            },
            {
                "uuid": "7ca4010d-34ff-44cd-bdb2-ff46ae15f439",
                "offset": [
                    8220,
                    220
                ],
                "parent": "5ee77ec1-c87c-4e31-9dda-db5b13e67fdb"
            },
            {
                "uuid": "de0a1684-23dc-48c1-ac9a-228052dc5749",
                "offset": [
                    5700,
                    220
                ],
                "parent": "defae3ad-c670-4bb2-8bdc-eba278b58e2a"
            },
            {
                "uuid": "4d0e951f-4324-4794-b674-945590eed414",
                "offset": [
                    5720,
                    -40
                ],
                "parent": "defae3ad-c670-4bb2-8bdc-eba278b58e2a"
            },
            {
                "uuid": "16f84b50-22b2-41e8-8093-8da96db9f494",
                "offset": [
                    13060,
                    -380
                ],
                "parent": "9012cb52-4e32-4539-935b-6386d96f01e3"
            },
            {
                "uuid": "a00fc016-e69a-48b9-915c-1be5bd5b22b3",
                "offset": [
                    13060,
                    80
                ],
                "parent": "9012cb52-4e32-4539-935b-6386d96f01e3"
            },
            {
                "uuid": "e9a63e4f-5536-41d8-9b9d-91f3dacf9d7e",
                "offset": [
                    10160,
                    -720
                ],
                "parent": "d75ae700-a77d-4021-8e2c-df6916f9b2c8"
            },
            {
                "uuid": "3c928df6-5798-45b3-8664-8528ba57dc4c",
                "offset": [
                    10160,
                    -340
                ],
                "parent": "d75ae700-a77d-4021-8e2c-df6916f9b2c8"
            }
        ]
    }
}