{"b16582bf-ae4a-4bc0-8008-c2b50093df64":{"name":"Y/N","character_uuid":"8c05e531-d7a2-4093-a743-2034016072f8","text":{"en":"","fr":"","es":" (Camille... qué tía...)"},"parent":"a39494ae-4a69-4555-92f1-08b6b662ca91","conditions":[{"parent":"b16582bf-ae4a-4bc0-8008-c2b50093df64","affValue":{"value":81,"operator":"lower","type":"int"},"charNum":{"value":1,"operator":"equal","type":"int"},"next":"f8b1b979-1af3-419f-a42d-12fa0b4219e9"},{"parent":"b16582bf-ae4a-4bc0-8008-c2b50093df64","charNum":{"value":1,"operator":"equal","type":"int"},"affValue":{"value":80,"operator":"greater","type":"int"},"next":"0e254ab8-7b8c-46d0-8969-031cbc00ac72"}]},"f8b1b979-1af3-419f-a42d-12fa0b4219e9":{"name":"Y/N","character_uuid":"8c05e531-d7a2-4093-a743-2034016072f8","text":{"en":"","fr":"","es":" (Anda que Delilah no se queda corta...)"},"parent":"238c0966-2e0d-4644-995f-203b4cb14484","conditions":[{"parent":"f8b1b979-1af3-419f-a42d-12fa0b4219e9","affValue":{"value":81,"operator":"lower","type":"int"},"charNum":{"value":2,"operator":"equal","type":"int"},"next":"809b8353-f06d-4e47-89c7-f5bf8ea03694"},{"parent":"f8b1b979-1af3-419f-a42d-12fa0b4219e9","affValue":{"value":80,"operator":"greater","type":"int"},"charNum":{"value":2,"operator":"equal","type":"int"},"next":"0e254ab8-7b8c-46d0-8969-031cbc00ac72"}]},"809b8353-f06d-4e47-89c7-f5bf8ea03694":{"name":"Y/N","character_uuid":"8c05e531-d7a2-4093-a743-2034016072f8","text":{"en":"","fr":"","es":" (Ni Matthew... y mucho menos Richard...)"},"parent":"0cb4f565-98a7-4a10-abe8-3ea74abd14e7","conditions":[{"parent":"809b8353-f06d-4e47-89c7-f5bf8ea03694","affValue":{"value":81,"operator":"lower","type":"int"},"charNum":{"value":3,"operator":"equal","type":"int"},"next":"6cce98c7-cccc-4136-af36-a4c3255bf1ac"},{"parent":"809b8353-f06d-4e47-89c7-f5bf8ea03694","affValue":{"value":80,"operator":"greater","type":"int"},"charNum":{"value":3,"operator":"equal","type":"int"},"next":"0e254ab8-7b8c-46d0-8969-031cbc00ac72"}]},"6cce98c7-cccc-4136-af36-a4c3255bf1ac":{"name":"Y/N","character_uuid":"8c05e531-d7a2-4093-a743-2034016072f8","text":{"en":"","fr":"","es":"*Camino hacia el punto de quedada acordado*"},"parent":"464d4f85-5f4f-488e-93ef-221935a631c7","next":"d6825d3c-f230-49a2-abbd-be1c01f9fe8f","signals":{"parent":"6cce98c7-cccc-4136-af36-a4c3255bf1ac","eventName":{"String":"changeBg"},"changeBg":{"String":"bosque"}}},"0e254ab8-7b8c-46d0-8969-031cbc00ac72":{"name":"Y/N","character_uuid":"8c05e531-d7a2-4093-a743-2034016072f8","text":{"en":"","fr":"","es":" >> FIN DEL JUEGO <<\n¡Gracias por jugar!\nTe ha faltado muy poco para desbloquear algo secreto... ;^)"},"parent":"defa74c8-71d4-4c0a-93c4-a1e14eda874b"},"d6825d3c-f230-49a2-abbd-be1c01f9fe8f":{"name":"Y/N","character_uuid":"8c05e531-d7a2-4093-a743-2034016072f8","text":{"en":"","fr":"","es":"(Se supone que me querian decir algo los cuatro juntos)"},"parent":"6cce98c7-cccc-4136-af36-a4c3255bf1ac","next":"67d6c709-96a1-4026-9f50-9266060f0122"},"67d6c709-96a1-4026-9f50-9266060f0122":{"name":"Y/N","character_uuid":"8c05e531-d7a2-4093-a743-2034016072f8","text":{"en":"","fr":"","es":"(Y aun así han decidido hacerlo el último día...)"},"parent":"d6825d3c-f230-49a2-abbd-be1c01f9fe8f","next":"d5b8feaf-6ec6-41db-b9b0-54b7b9dee1ea"},"d5b8feaf-6ec6-41db-b9b0-54b7b9dee1ea":{"name":"Y/N","character_uuid":"8c05e531-d7a2-4093-a743-2034016072f8","text":{"en":"","fr":"","es":"(procastinan más que yo...)"},"parent":"67d6c709-96a1-4026-9f50-9266060f0122","next":"bc2cfa9a-e9f9-4ac0-a5a1-3df7b7e28247"},"bc2cfa9a-e9f9-4ac0-a5a1-3df7b7e28247":{"name":"Y/N","character_uuid":"8c05e531-d7a2-4093-a743-2034016072f8","text":{"en":"","fr":"","es":"(...)"},"parent":"d5b8feaf-6ec6-41db-b9b0-54b7b9dee1ea","next":"09be68a0-dec7-4657-b886-aa0317562869"},"09be68a0-dec7-4657-b886-aa0317562869":{"name":"Y/N","character_uuid":"8c05e531-d7a2-4093-a743-2034016072f8","text":{"en":"","fr":"","es":"(Llego al punto acordado pero no hay nadie...)"},"parent":"bc2cfa9a-e9f9-4ac0-a5a1-3df7b7e28247","next":"975f92a2-8349-4033-94cd-98a275be9618"},"975f92a2-8349-4033-94cd-98a275be9618":{"name":"Y/N","character_uuid":"8c05e531-d7a2-4093-a743-2034016072f8","text":{"en":"","fr":"","es":"(Otra vez más esperando... y mira que ya ha acabado el programa de intercambio...)"},"parent":"09be68a0-dec7-4657-b886-aa0317562869","next":"4985a910-5342-4341-81a0-67e3e49a748b"},"4985a910-5342-4341-81a0-67e3e49a748b":{"name":"Y/N","character_uuid":"8c05e531-d7a2-4093-a743-2034016072f8","text":{"en":"","fr":"","es":"(Me quedo esperando cuando veo a lo lejos a Delilah y Camille de la mano)"},"parent":"975f92a2-8349-4033-94cd-98a275be9618","next":"8dd822b5-6f2e-4fb0-8dec-658547b6095b","signals":{"eventName":{"String":"characterEnter"},"characterEnter":{"String":"delilah"},"parent":"4985a910-5342-4341-81a0-67e3e49a748b"}},"8dd822b5-6f2e-4fb0-8dec-658547b6095b":{"name":"Y/N","character_uuid":"8c05e531-d7a2-4093-a743-2034016072f8","text":{"en":"","fr":"","es":"(Ambas están andando hacia mi y en cuanto me ven, Delilah me empieza a saludar)"},"parent":"4985a910-5342-4341-81a0-67e3e49a748b","next":"1d118f46-7180-4ec3-895e-242152ccc89d","signals":{"eventName":{"String":"characterEnter"},"characterEnter":{"String":"camille"},"parent":"8dd822b5-6f2e-4fb0-8dec-658547b6095b"}},"1d118f46-7180-4ec3-895e-242152ccc89d":{"name":"Y/N","character_uuid":"8c05e531-d7a2-4093-a743-2034016072f8","text":{"en":"","fr":"","es":"(Delilah acelera el paso de ambas y al cabo de un rato corto estan ya a mi lado)"},"parent":"8dd822b5-6f2e-4fb0-8dec-658547b6095b","choices":[{"text":{"en":"","fr":"","es":"¡Delilah! ¡Camille! ¡Qué alegría veros!"},"next":"1b0fcbfd-4b08-47bf-9716-cea39ef04c79","parent":"1d118f46-7180-4ec3-895e-242152ccc89d"},{"text":{"en":"","fr":"","es":"¿A dónde vais con tantas prisas?"},"next":"57bf97c6-5fc2-4180-ad96-39413660c26a","parent":"1d118f46-7180-4ec3-895e-242152ccc89d"}]},"57bf97c6-5fc2-4180-ad96-39413660c26a":{"name":"Y/N","character_uuid":"8c05e531-d7a2-4093-a743-2034016072f8","text":{"en":"","fr":"","es":"*Delilah se ríe por lo bajín*"},"parent":"9bdb16bf-7151-42ad-bb3a-25e493d4a8e2","next":"fd204d3e-5349-4daa-8d82-c0610a7a9747"},"fd204d3e-5349-4daa-8d82-c0610a7a9747":{"name":"Delilah","character_uuid":"46e24c71-186e-4df5-9a9b-8b83461d3a92","text":{"en":"","fr":"","es":"Vaya estupideces dices, pues a verte a ti, claramente"},"parent":"57bf97c6-5fc2-4180-ad96-39413660c26a","next":"ce752e96-25b1-482b-af17-bb96be81b688"},"ce752e96-25b1-482b-af17-bb96be81b688":{"name":"Y/N","character_uuid":"8c05e531-d7a2-4093-a743-2034016072f8","text":{"en":"","fr":"","es":"*Camille asiente*"},"parent":"fd204d3e-5349-4daa-8d82-c0610a7a9747","next":"64c27e3a-46c8-4749-be88-18540e177ce2"},"64c27e3a-46c8-4749-be88-18540e177ce2":{"name":"Camille","character_uuid":"2459fb62-fca4-4c9a-b38d-1f868103de0d","text":{"en":"","fr":"","es":"Así es, ahora solo queda esperar a los otros dos"},"parent":"ce752e96-25b1-482b-af17-bb96be81b688","next":"978cb5ad-578b-4490-b658-43b2df6b8629"},"978cb5ad-578b-4490-b658-43b2df6b8629":{"name":"Y/N","character_uuid":"8c05e531-d7a2-4093-a743-2034016072f8","text":{"en":"","fr":"","es":"*La espera se hace corta ya que al poco rato se oyen voces acercándose*"},"parent":"bff13f18-4f13-402d-9186-53cc1a5caeff","next":"fada1727-50f5-4ee8-91a5-51dcc7be1ea0","signals":{"eventName":{"String":"characterEnter"},"characterEnter":{"String":"richard"},"parent":"978cb5ad-578b-4490-b658-43b2df6b8629"}},"1b0fcbfd-4b08-47bf-9716-cea39ef04c79":{"name":"Delilah","character_uuid":"46e24c71-186e-4df5-9a9b-8b83461d3a92","text":{"en":"","fr":"","es":"Ayyy, lo mismo digo"},"parent":"24067054-1192-4745-8ac1-4a68e9f3247d","next":"cb5b5c50-343a-4f88-8802-fc181e389478"},"cb5b5c50-343a-4f88-8802-fc181e389478":{"name":"Camille","character_uuid":"2459fb62-fca4-4c9a-b38d-1f868103de0d","text":{"en":"","fr":"","es":"Ma chèrie no ha parado de hablar en nuestro viaje hasta aquí"},"parent":"1b0fcbfd-4b08-47bf-9716-cea39ef04c79","next":"2f19b3be-e492-4eee-a4a9-3a30c02ab199"},"2f19b3be-e492-4eee-a4a9-3a30c02ab199":{"name":"Camille","character_uuid":"2459fb62-fca4-4c9a-b38d-1f868103de0d","text":{"en":"","fr":"","es":"Está muy  emocionada"},"parent":"cb5b5c50-343a-4f88-8802-fc181e389478","next":"1856f9a4-50e2-4103-8af3-20b6b3a03209"},"1856f9a4-50e2-4103-8af3-20b6b3a03209":{"name":"Delilah","character_uuid":"46e24c71-186e-4df5-9a9b-8b83461d3a92","text":{"en":"","fr":"","es":"Aish, no hables como si solo estuviese yo emocionada"},"parent":"2f19b3be-e492-4eee-a4a9-3a30c02ab199","next":"faccbce1-1e40-4747-b619-8d4ff09bb17b"},"faccbce1-1e40-4747-b619-8d4ff09bb17b":{"name":"Y/N","character_uuid":"8c05e531-d7a2-4093-a743-2034016072f8","text":{"en":"","fr":"","es":"*Camille deja salir una pequeña sonrisa mientras mira a Delilah*"},"parent":"1856f9a4-50e2-4103-8af3-20b6b3a03209","next":"bff13f18-4f13-402d-9186-53cc1a5caeff"},"bff13f18-4f13-402d-9186-53cc1a5caeff":{"name":"Y/N","character_uuid":"8c05e531-d7a2-4093-a743-2034016072f8","text":{"en":"","fr":"","es":"Ahora solo queda que vengan los demás"},"parent":"faccbce1-1e40-4747-b619-8d4ff09bb17b","next":"978cb5ad-578b-4490-b658-43b2df6b8629"},"fada1727-50f5-4ee8-91a5-51dcc7be1ea0":{"name":"Richard","character_uuid":"f69f8c71-d246-4a25-a343-48ef9efe33af","text":{"en":"","fr":"","es":".... dicho que teníamos que ir saliendo"},"parent":"978cb5ad-578b-4490-b658-43b2df6b8629","next":"d7da9f57-922a-496d-a08b-f12429e55a3c","signals":{"eventName":{"String":"characterEnter"},"characterEnter":{"String":"matthew"},"parent":"fada1727-50f5-4ee8-91a5-51dcc7be1ea0"}},"d7da9f57-922a-496d-a08b-f12429e55a3c":{"name":"Matthew","character_uuid":"aee2b52c-ac9f-493d-80d3-e32f0584141b","text":{"en":"","fr":"","es":"Que no pasa nadaaaa que llegamos a tiempo"},"parent":"fada1727-50f5-4ee8-91a5-51dcc7be1ea0","next":"a4b85448-a006-49b3-9687-30e57e644f98"},"a4b85448-a006-49b3-9687-30e57e644f98":{"name":"Richard","character_uuid":"f69f8c71-d246-4a25-a343-48ef9efe33af","text":{"en":"","fr":"","es":"Si somos los últimos en llegar..."},"parent":"d7da9f57-922a-496d-a08b-f12429e55a3c","next":"a54b1bb7-9ca5-4511-904e-5396998e0642"},"a54b1bb7-9ca5-4511-904e-5396998e0642":{"name":"Matthew","character_uuid":"aee2b52c-ac9f-493d-80d3-e32f0584141b","text":{"en":"","fr":"","es":"Stop talking to me in spanish we're both native in english!!"},"parent":"a4b85448-a006-49b3-9687-30e57e644f98","next":"c9f55871-7b58-4e0e-948c-53b95e11dfaa"},"c9f55871-7b58-4e0e-948c-53b95e11dfaa":{"name":"Richard","character_uuid":"f69f8c71-d246-4a25-a343-48ef9efe33af","text":{"en":"","fr":"","es":"¡Si no te hablo en inglés estás obligado a arreglar tu español roto!"},"parent":"a54b1bb7-9ca5-4511-904e-5396998e0642","next":"2d40909a-1a80-4179-8a2b-a1e24b885c06"},"2d40909a-1a80-4179-8a2b-a1e24b885c06":{"name":"Matthew","character_uuid":"aee2b52c-ac9f-493d-80d3-e32f0584141b","text":{"en":"","fr":"","es":"UGH"},"parent":"c9f55871-7b58-4e0e-948c-53b95e11dfaa","next":"ada1d5cf-627c-4047-ac0b-fd830fb7ca39"},"ada1d5cf-627c-4047-ac0b-fd830fb7ca39":{"name":"Camille","character_uuid":"2459fb62-fca4-4c9a-b38d-1f868103de0d","text":{"en":"","fr":"","es":"Creo que han llegado ya..."},"parent":"2d40909a-1a80-4179-8a2b-a1e24b885c06","next":"ca039bf2-1dd4-4a9d-8c5b-5145993ee064"},"ca039bf2-1dd4-4a9d-8c5b-5145993ee064":{"name":"Y/N","character_uuid":"8c05e531-d7a2-4093-a743-2034016072f8","text":{"en":"","fr":"","es":"*Ambas se ríen mirando como ellos discuten*"},"parent":"ada1d5cf-627c-4047-ac0b-fd830fb7ca39","next":"88e2b2d4-bf2d-4933-841d-049e795d1b8e"},"88e2b2d4-bf2d-4933-841d-049e795d1b8e":{"name":"Y/N","character_uuid":"8c05e531-d7a2-4093-a743-2034016072f8","text":{"en":"","fr":"","es":"*Cuando llegan con el resto, Richard mira a Matthew con cara de 'te lo dije'*"},"parent":"ca039bf2-1dd4-4a9d-8c5b-5145993ee064","next":"f2066f76-e285-45a2-8b56-b962f3132299"},"f2066f76-e285-45a2-8b56-b962f3132299":{"name":"Richard","character_uuid":"f69f8c71-d246-4a25-a343-48ef9efe33af","text":{"en":"","fr":"","es":"¿Ves?"},"parent":"88e2b2d4-bf2d-4933-841d-049e795d1b8e","next":"55114791-2725-442e-8f28-8e6089bfe512"},"55114791-2725-442e-8f28-8e6089bfe512":{"name":"Matthew","character_uuid":"aee2b52c-ac9f-493d-80d3-e32f0584141b","text":{"en":"","fr":"","es":"¡No es justo si todos llegan antes de lo acordado!"},"parent":"f2066f76-e285-45a2-8b56-b962f3132299","next":"35109466-00f7-464d-aca9-6cc368411841"},"35109466-00f7-464d-aca9-6cc368411841":{"name":"Y/N","character_uuid":"8c05e531-d7a2-4093-a743-2034016072f8","text":{"en":"","fr":"","es":"*Delilah deja salir una carcajada mientras que Camille simplemente les mira con una sonrisa pilla*"},"parent":"55114791-2725-442e-8f28-8e6089bfe512","next":"fbc684bf-25e4-4d6e-aec9-c3b2497e6ccf"},"fbc684bf-25e4-4d6e-aec9-c3b2497e6ccf":{"name":"Camille","character_uuid":"2459fb62-fca4-4c9a-b38d-1f868103de0d","text":{"en":"","fr":"","es":"En fin..."},"parent":"35109466-00f7-464d-aca9-6cc368411841","next":"6cc9a2f6-e37b-46c5-af75-cd366ac2830f"},"6cc9a2f6-e37b-46c5-af75-cd366ac2830f":{"name":"Camille","character_uuid":"2459fb62-fca4-4c9a-b38d-1f868103de0d","text":{"en":"","fr":"","es":"Ahora que estamos todos podemos ir directos al grano"},"parent":"fbc684bf-25e4-4d6e-aec9-c3b2497e6ccf","next":"97eb8896-d8f5-4877-b05a-5ecf595f432e"},"97eb8896-d8f5-4877-b05a-5ecf595f432e":{"name":"Y/N","character_uuid":"8c05e531-d7a2-4093-a743-2034016072f8","text":{"en":"","fr":"","es":"(Es verdad, dijeron que tenian algo que decirme...)"},"parent":"6cc9a2f6-e37b-46c5-af75-cd366ac2830f","next":"0cbba5a3-36d3-4b8f-9656-42e4fc725ac1"},"0cbba5a3-36d3-4b8f-9656-42e4fc725ac1":{"name":"Y/N","character_uuid":"8c05e531-d7a2-4093-a743-2034016072f8","text":{"en":"","fr":"","es":"¿Qué es eso que me ibais a decir?"},"parent":"97eb8896-d8f5-4877-b05a-5ecf595f432e","next":"07ba2e2b-2a7e-4718-82b2-f7e2582beea6"},"07ba2e2b-2a7e-4718-82b2-f7e2582beea6":{"name":"Y/N","character_uuid":"8c05e531-d7a2-4093-a743-2034016072f8","text":{"en":"","fr":"","es":"*Todos se miran entre ellos, como esperando a que alguien hablara primero*"},"parent":"0cbba5a3-36d3-4b8f-9656-42e4fc725ac1","next":"78eeb17a-2296-4d5b-88c4-8712f7cb0e26"},"78eeb17a-2296-4d5b-88c4-8712f7cb0e26":{"name":"Y/N","character_uuid":"8c05e531-d7a2-4093-a743-2034016072f8","text":{"en":"","fr":"","es":"¿Entonces...?"},"parent":"07ba2e2b-2a7e-4718-82b2-f7e2582beea6","next":"3413386a-e67f-43f6-95d6-daad826d4bcb"},"3413386a-e67f-43f6-95d6-daad826d4bcb":{"name":"Matthew","character_uuid":"aee2b52c-ac9f-493d-80d3-e32f0584141b","text":{"en":"","fr":"","es":"Bueno..."},"parent":"78eeb17a-2296-4d5b-88c4-8712f7cb0e26","next":"1b785530-f82f-4e7b-91ff-572417a0a8f4"},"1b785530-f82f-4e7b-91ff-572417a0a8f4":{"name":"Matthew","character_uuid":"aee2b52c-ac9f-493d-80d3-e32f0584141b","text":{"en":"","fr":"","es":"Queríamos darte las gracias"},"parent":"3413386a-e67f-43f6-95d6-daad826d4bcb","next":"2d56fbf6-3bdc-42f3-9ea3-5ad29f447400"},"2d56fbf6-3bdc-42f3-9ea3-5ad29f447400":{"name":"Y/N","character_uuid":"8c05e531-d7a2-4093-a743-2034016072f8","text":{"en":"","fr":"","es":"¿Agradecerme por qué?"},"parent":"1b785530-f82f-4e7b-91ff-572417a0a8f4","next":"ebe284d9-34dd-42d6-8c5b-e83425b5bf73"},"ebe284d9-34dd-42d6-8c5b-e83425b5bf73":{"name":"Matthew","character_uuid":"aee2b52c-ac9f-493d-80d3-e32f0584141b","text":{"en":"","fr":"","es":"Pues por todo, realmente"},"parent":"2d56fbf6-3bdc-42f3-9ea3-5ad29f447400","next":"d2c31dc7-e168-473b-9a9c-c4977de140f1"},"d2c31dc7-e168-473b-9a9c-c4977de140f1":{"name":"Delilah","character_uuid":"46e24c71-186e-4df5-9a9b-8b83461d3a92","text":{"en":"","fr":"","es":"Mhm, mhm"},"parent":"ebe284d9-34dd-42d6-8c5b-e83425b5bf73","next":"0c5d9a55-dc66-4b5e-a891-a5bf9af0c984"},"0c5d9a55-dc66-4b5e-a891-a5bf9af0c984":{"name":"Y/N","character_uuid":"8c05e531-d7a2-4093-a743-2034016072f8","text":{"en":"","fr":"","es":"¿...?"},"parent":"d2c31dc7-e168-473b-9a9c-c4977de140f1","next":"d9a920ff-7d3d-4949-bb19-709770359531"},"d9a920ff-7d3d-4949-bb19-709770359531":{"name":"Camille","character_uuid":"2459fb62-fca4-4c9a-b38d-1f868103de0d","text":{"en":"","fr":"","es":"Tch, bésicamente, gracias por hacernos pasar tanto tiempo juntos"},"parent":"0c5d9a55-dc66-4b5e-a891-a5bf9af0c984","next":"6489eebc-20a0-47c6-81f1-0f3993983ca1"},"6489eebc-20a0-47c6-81f1-0f3993983ca1":{"name":"Camille","character_uuid":"2459fb62-fca4-4c9a-b38d-1f868103de0d","text":{"en":"","fr":"","es":"Gracias a eso hemos podido encontrar a nuestra otra mitad"},"parent":"d9a920ff-7d3d-4949-bb19-709770359531","next":"bd1a1249-9886-4767-973e-f8c99ce7b7ec"},"bd1a1249-9886-4767-973e-f8c99ce7b7ec":{"name":"Y/N","character_uuid":"8c05e531-d7a2-4093-a743-2034016072f8","text":{"en":"","fr":"","es":"!!!!"},"parent":"6489eebc-20a0-47c6-81f1-0f3993983ca1","next":"25c6d3fc-22bd-4a51-bc34-ccd30e22c44b"},"25c6d3fc-22bd-4a51-bc34-ccd30e22c44b":{"name":"Y/N","character_uuid":"8c05e531-d7a2-4093-a743-2034016072f8","text":{"en":"","fr":"","es":"¿A vuestra otra mitad?"},"parent":"bd1a1249-9886-4767-973e-f8c99ce7b7ec","next":"eb996efa-f9ad-4e9e-9f83-78b50d9273b8"},"eb996efa-f9ad-4e9e-9f83-78b50d9273b8":{"name":"Y/N","character_uuid":"8c05e531-d7a2-4093-a743-2034016072f8","text":{"en":"","fr":"","es":"..."},"parent":"25c6d3fc-22bd-4a51-bc34-ccd30e22c44b","next":"6c581c84-22b2-4561-a898-29c1585b4e9e"},"6c581c84-22b2-4561-a898-29c1585b4e9e":{"name":"Y/N","character_uuid":"8c05e531-d7a2-4093-a743-2034016072f8","text":{"en":"","fr":"","es":"¿Os habeis ligado entre vosotros?"},"parent":"eb996efa-f9ad-4e9e-9f83-78b50d9273b8","next":"20bd7cdb-d1f1-4a53-bfb6-6ada50c721ee"},"20bd7cdb-d1f1-4a53-bfb6-6ada50c721ee":{"name":"Richard","character_uuid":"f69f8c71-d246-4a25-a343-48ef9efe33af","text":{"en":"","fr":"","es":"Puede ser..."},"parent":"6c581c84-22b2-4561-a898-29c1585b4e9e","next":"df4e712c-a007-440d-b6e3-5eb35869dfa8"},"df4e712c-a007-440d-b6e3-5eb35869dfa8":{"name":"Y/N","character_uuid":"8c05e531-d7a2-4093-a743-2034016072f8","text":{"en":"","fr":"","es":"Entonces... entiendo que vosotras estais juntas..."},"parent":"20bd7cdb-d1f1-4a53-bfb6-6ada50c721ee","next":"1d331e8d-c99b-4c28-8bbb-ed07671a6c13"},"1d331e8d-c99b-4c28-8bbb-ed07671a6c13":{"name":"Y/N","character_uuid":"8c05e531-d7a2-4093-a743-2034016072f8","text":{"en":"","fr":"","es":"*Delilah y Camille asienten*"},"parent":"df4e712c-a007-440d-b6e3-5eb35869dfa8","next":"cb8e0f7f-2b6a-4e7e-bef7-2216e131a10c"},"cb8e0f7f-2b6a-4e7e-bef7-2216e131a10c":{"name":"Y/N","character_uuid":"8c05e531-d7a2-4093-a743-2034016072f8","text":{"en":"","fr":"","es":"...Y vosotros estais juntos"},"parent":"1d331e8d-c99b-4c28-8bbb-ed07671a6c13","next":"0fea4542-378c-4d3b-b305-0e7cdae80df0"},"0fea4542-378c-4d3b-b305-0e7cdae80df0":{"name":"Richard","character_uuid":"f69f8c71-d246-4a25-a343-48ef9efe33af","text":{"en":"","fr":"","es":"Para mi desgracia..."},"parent":"cb8e0f7f-2b6a-4e7e-bef7-2216e131a10c","next":"b8fdffd1-4418-491b-9810-7384d0d8be5b"},"b8fdffd1-4418-491b-9810-7384d0d8be5b":{"name":"Matthew","character_uuid":"aee2b52c-ac9f-493d-80d3-e32f0584141b","text":{"en":"","fr":"","es":"HEY"},"parent":"0fea4542-378c-4d3b-b305-0e7cdae80df0","next":"e68b21cb-2de6-4025-a1af-9e2965172caf"},"e68b21cb-2de6-4025-a1af-9e2965172caf":{"name":"Camille","character_uuid":"2459fb62-fca4-4c9a-b38d-1f868103de0d","text":{"en":"","fr":"","es":"No empeceis otra vez"},"parent":"b8fdffd1-4418-491b-9810-7384d0d8be5b","next":"381b022f-1f37-4d16-8fb2-57ab66e13a2b"},"381b022f-1f37-4d16-8fb2-57ab66e13a2b":{"name":"Matthew","character_uuid":"aee2b52c-ac9f-493d-80d3-e32f0584141b","text":{"en":"","fr":"","es":"Empezaré si quiero"},"parent":"e68b21cb-2de6-4025-a1af-9e2965172caf","next":"9e17ab90-174b-4d4b-9e32-c68ba1169a17"},"9e17ab90-174b-4d4b-9e32-c68ba1169a17":{"name":"Delilah","character_uuid":"46e24c71-186e-4df5-9a9b-8b83461d3a92","text":{"en":"","fr":"","es":"Otra vez no... Camille ayuda"},"parent":"381b022f-1f37-4d16-8fb2-57ab66e13a2b","next":"98ddf9bc-d4fa-4f79-a4d0-c97c63de7ba8"},"98ddf9bc-d4fa-4f79-a4d0-c97c63de7ba8":{"name":"Camille","character_uuid":"2459fb62-fca4-4c9a-b38d-1f868103de0d","text":{"en":"","fr":"","es":"Matthew Roberts callate "},"parent":"9e17ab90-174b-4d4b-9e32-c68ba1169a17","next":"155b38ce-c88b-4b32-8a18-4e243016b205"},"155b38ce-c88b-4b32-8a18-4e243016b205":{"name":"Matthew","character_uuid":"aee2b52c-ac9f-493d-80d3-e32f0584141b","text":{"en":"","fr":"","es":"TÚ NO ERES MI MADRE"},"parent":"98ddf9bc-d4fa-4f79-a4d0-c97c63de7ba8","next":"22c8df7e-90ce-43ee-a314-5ab05d48a427"},"22c8df7e-90ce-43ee-a314-5ab05d48a427":{"name":"Richard","character_uuid":"f69f8c71-d246-4a25-a343-48ef9efe33af","text":{"en":"","fr":"","es":"¿Le callo yo?"},"parent":"155b38ce-c88b-4b32-8a18-4e243016b205","next":"0502c2c1-1071-405f-9bbe-9d1c9eb5d79c"},"0502c2c1-1071-405f-9bbe-9d1c9eb5d79c":{"name":"Matthew","character_uuid":"aee2b52c-ac9f-493d-80d3-e32f0584141b","text":{"en":"","fr":"","es":"¿Q-qué...?"},"parent":"22c8df7e-90ce-43ee-a314-5ab05d48a427","next":"d326206d-88e4-470c-8c28-e8a241eaed57"},"d326206d-88e4-470c-8c28-e8a241eaed57":{"name":"Y/N","character_uuid":"8c05e531-d7a2-4093-a743-2034016072f8","text":{"en":"","fr":"","es":"*Camille empieza a destornillarse*"},"parent":"0502c2c1-1071-405f-9bbe-9d1c9eb5d79c","next":"d0aca4a3-af16-4371-ac0c-03971fba62c5"},"d0aca4a3-af16-4371-ac0c-03971fba62c5":{"name":"Y/N","character_uuid":"8c05e531-d7a2-4093-a743-2034016072f8","text":{"en":"","fr":"","es":"*Delilah sigue sus pasos también y suelta una carcajada*"},"parent":"d326206d-88e4-470c-8c28-e8a241eaed57","next":"f0934108-b368-422e-9ddf-11a53fb16c40"},"f0934108-b368-422e-9ddf-11a53fb16c40":{"name":"Y/N","character_uuid":"8c05e531-d7a2-4093-a743-2034016072f8","text":{"en":"","fr":"","es":"*Richard sonrie levemente*"},"parent":"d0aca4a3-af16-4371-ac0c-03971fba62c5","next":"721a8301-5e23-4875-89b8-269edd454d6d"},"721a8301-5e23-4875-89b8-269edd454d6d":{"name":"Y/N","character_uuid":"8c05e531-d7a2-4093-a743-2034016072f8","text":{"en":"","fr":"","es":"*Matthew se tapa su cara sonrojada*"},"parent":"f0934108-b368-422e-9ddf-11a53fb16c40","next":"b293da91-af2c-447d-91c9-39c0181a2936"},"b293da91-af2c-447d-91c9-39c0181a2936":{"name":"Y/N","character_uuid":"8c05e531-d7a2-4093-a743-2034016072f8","text":{"en":"","fr":"","es":"(Al final se han encontrado entre ellos....)"},"parent":"721a8301-5e23-4875-89b8-269edd454d6d","next":"ad4a191d-d726-422a-865c-eecf4736af0d"},"ad4a191d-d726-422a-865c-eecf4736af0d":{"name":"Y/N","character_uuid":"8c05e531-d7a2-4093-a743-2034016072f8","text":{"en":"","fr":"","es":"(Me alegro por los cuatro)"},"parent":"b293da91-af2c-447d-91c9-39c0181a2936","next":"b49c538c-8911-4577-8bdf-89a014d8d947","signals":{"parent":"ad4a191d-d726-422a-865c-eecf4736af0d","eventName":{"String":"everyoneExit"}}},"b49c538c-8911-4577-8bdf-89a014d8d947":{"name":"Y/N","character_uuid":"8c05e531-d7a2-4093-a743-2034016072f8","text":{"en":"","fr":"","es":"(Mucho...)"},"parent":"ad4a191d-d726-422a-865c-eecf4736af0d","next":"a3951692-52fa-4787-b41c-8e605cf2e986","signals":{"parent":"b49c538c-8911-4577-8bdf-89a014d8d947","eventName":{"String":"changeBg"},"changeBg":{"String":"fondo_negro"}}},"a3951692-52fa-4787-b41c-8e605cf2e986":{"name":"Y/N","character_uuid":"8c05e531-d7a2-4093-a743-2034016072f8","text":{"en":"","fr":"","es":" >> FIN DEL JUEGO <<\n¡Gracias por jugar!"},"parent":"b49c538c-8911-4577-8bdf-89a014d8d947"},"4351d488-0dcf-4a68-a4d6-cab3d68859b4":{"name":"Y/N","character_uuid":"8c05e531-d7a2-4093-a743-2034016072f8","text":{"en":"","fr":"","es":"....No los cambiaría por nada :)"},"conditions":[{"charNum":{"value":0,"operator":"equal","type":"int"},"affValue":{"value":80,"operator":"greater","type":"int"},"next":"0e254ab8-7b8c-46d0-8969-031cbc00ac72","parent":"4351d488-0dcf-4a68-a4d6-cab3d68859b4"},{"affValue":{"value":81,"operator":"lower","type":"int"},"charNum":{"value":0,"operator":"equal","type":"int"},"next":"b16582bf-ae4a-4bc0-8008-c2b50093df64","parent":"4351d488-0dcf-4a68-a4d6-cab3d68859b4"}],"parent":"7f508bf6-4f14-44f7-9148-50ab7b93b59c"},"root":{"next":"7f508bf6-4f14-44f7-9148-50ab7b93b59c"},"7f508bf6-4f14-44f7-9148-50ab7b93b59c":{"name":"Y/N","character_uuid":"492eaa9a-03cc-472d-93e8-ff4bc8fc59b0","text":{"en":"","fr":"","es":"(¡Vaya plantel!)"},"next":"4351d488-0dcf-4a68-a4d6-cab3d68859b4","parent":"root"},"__editor":{"root":{"uuid":"root","offset":[-340,420]},"dialogues":[{"uuid":"b16582bf-ae4a-4bc0-8008-c2b50093df64","offset":[640,0]},{"uuid":"f8b1b979-1af3-419f-a42d-12fa0b4219e9","offset":[1380,0]},{"uuid":"809b8353-f06d-4e47-89c7-f5bf8ea03694","offset":[2120,0]},{"uuid":"6cce98c7-cccc-4136-af36-a4c3255bf1ac","offset":[2860,20]},{"uuid":"0e254ab8-7b8c-46d0-8969-031cbc00ac72","offset":[2880,420]},{"uuid":"d6825d3c-f230-49a2-abbd-be1c01f9fe8f","offset":[3240,20]},{"uuid":"67d6c709-96a1-4026-9f50-9266060f0122","offset":[3620,20]},{"uuid":"d5b8feaf-6ec6-41db-b9b0-54b7b9dee1ea","offset":[4000,20]},{"uuid":"bc2cfa9a-e9f9-4ac0-a5a1-3df7b7e28247","offset":[4380,20]},{"uuid":"09be68a0-dec7-4657-b886-aa0317562869","offset":[4760,20]},{"uuid":"975f92a2-8349-4033-94cd-98a275be9618","offset":[5140,20]},{"uuid":"4985a910-5342-4341-81a0-67e3e49a748b","offset":[5520,20]},{"uuid":"8dd822b5-6f2e-4fb0-8dec-658547b6095b","offset":[5900,20]},{"uuid":"1d118f46-7180-4ec3-895e-242152ccc89d","offset":[6280,20]},{"uuid":"57bf97c6-5fc2-4180-ad96-39413660c26a","offset":[7080,240]},{"uuid":"fd204d3e-5349-4daa-8d82-c0610a7a9747","offset":[7460,240]},{"uuid":"ce752e96-25b1-482b-af17-bb96be81b688","offset":[7840,240]},{"uuid":"64c27e3a-46c8-4749-be88-18540e177ce2","offset":[8220,240]},{"uuid":"978cb5ad-578b-4490-b658-43b2df6b8629","offset":[9500,40]},{"uuid":"1b0fcbfd-4b08-47bf-9716-cea39ef04c79","offset":[7080,-180]},{"uuid":"cb5b5c50-343a-4f88-8802-fc181e389478","offset":[7460,-180]},{"uuid":"2f19b3be-e492-4eee-a4a9-3a30c02ab199","offset":[7840,-180]},{"uuid":"1856f9a4-50e2-4103-8af3-20b6b3a03209","offset":[8220,-180]},{"uuid":"faccbce1-1e40-4747-b619-8d4ff09bb17b","offset":[8600,-180]},{"uuid":"bff13f18-4f13-402d-9186-53cc1a5caeff","offset":[8980,-180]},{"uuid":"fada1727-50f5-4ee8-91a5-51dcc7be1ea0","offset":[9880,40]},{"uuid":"d7da9f57-922a-496d-a08b-f12429e55a3c","offset":[10260,40]},{"uuid":"a4b85448-a006-49b3-9687-30e57e644f98","offset":[10640,40]},{"uuid":"a54b1bb7-9ca5-4511-904e-5396998e0642","offset":[11020,40]},{"uuid":"c9f55871-7b58-4e0e-948c-53b95e11dfaa","offset":[11400,40]},{"uuid":"2d40909a-1a80-4179-8a2b-a1e24b885c06","offset":[11780,40]},{"uuid":"ada1d5cf-627c-4047-ac0b-fd830fb7ca39","offset":[9500,400]},{"uuid":"ca039bf2-1dd4-4a9d-8c5b-5145993ee064","offset":[9880,400]},{"uuid":"88e2b2d4-bf2d-4933-841d-049e795d1b8e","offset":[10260,400]},{"uuid":"f2066f76-e285-45a2-8b56-b962f3132299","offset":[10640,400]},{"uuid":"55114791-2725-442e-8f28-8e6089bfe512","offset":[11020,400]},{"uuid":"35109466-00f7-464d-aca9-6cc368411841","offset":[11400,400]},{"uuid":"fbc684bf-25e4-4d6e-aec9-c3b2497e6ccf","offset":[11780,400]},{"uuid":"6cc9a2f6-e37b-46c5-af75-cd366ac2830f","offset":[9500,760]},{"uuid":"97eb8896-d8f5-4877-b05a-5ecf595f432e","offset":[9880,760]},{"uuid":"0cbba5a3-36d3-4b8f-9656-42e4fc725ac1","offset":[10260,760]},{"uuid":"07ba2e2b-2a7e-4718-82b2-f7e2582beea6","offset":[10640,760]},{"uuid":"78eeb17a-2296-4d5b-88c4-8712f7cb0e26","offset":[11020,760]},{"uuid":"3413386a-e67f-43f6-95d6-daad826d4bcb","offset":[11400,760]},{"uuid":"1b785530-f82f-4e7b-91ff-572417a0a8f4","offset":[11780,760]},{"uuid":"2d56fbf6-3bdc-42f3-9ea3-5ad29f447400","offset":[9500,1120]},{"uuid":"ebe284d9-34dd-42d6-8c5b-e83425b5bf73","offset":[9880,1120]},{"uuid":"d2c31dc7-e168-473b-9a9c-c4977de140f1","offset":[10260,1120]},{"uuid":"0c5d9a55-dc66-4b5e-a891-a5bf9af0c984","offset":[10640,1120]},{"uuid":"d9a920ff-7d3d-4949-bb19-709770359531","offset":[11020,1120]},{"uuid":"6489eebc-20a0-47c6-81f1-0f3993983ca1","offset":[11400,1120]},{"uuid":"bd1a1249-9886-4767-973e-f8c99ce7b7ec","offset":[11780,1120]},{"uuid":"25c6d3fc-22bd-4a51-bc34-ccd30e22c44b","offset":[9500,1480]},{"uuid":"eb996efa-f9ad-4e9e-9f83-78b50d9273b8","offset":[9880,1480]},{"uuid":"6c581c84-22b2-4561-a898-29c1585b4e9e","offset":[10260,1480]},{"uuid":"20bd7cdb-d1f1-4a53-bfb6-6ada50c721ee","offset":[10640,1480]},{"uuid":"df4e712c-a007-440d-b6e3-5eb35869dfa8","offset":[11020,1480]},{"uuid":"1d331e8d-c99b-4c28-8bbb-ed07671a6c13","offset":[11400,1480]},{"uuid":"cb8e0f7f-2b6a-4e7e-bef7-2216e131a10c","offset":[11780,1480]},{"uuid":"0fea4542-378c-4d3b-b305-0e7cdae80df0","offset":[9500,1840]},{"uuid":"b8fdffd1-4418-491b-9810-7384d0d8be5b","offset":[9880,1840]},{"uuid":"e68b21cb-2de6-4025-a1af-9e2965172caf","offset":[10260,1840]},{"uuid":"381b022f-1f37-4d16-8fb2-57ab66e13a2b","offset":[10640,1840]},{"uuid":"9e17ab90-174b-4d4b-9e32-c68ba1169a17","offset":[11020,1840]},{"uuid":"98ddf9bc-d4fa-4f79-a4d0-c97c63de7ba8","offset":[11400,1840]},{"uuid":"155b38ce-c88b-4b32-8a18-4e243016b205","offset":[11780,1840]},{"uuid":"22c8df7e-90ce-43ee-a314-5ab05d48a427","offset":[9500,2220]},{"uuid":"0502c2c1-1071-405f-9bbe-9d1c9eb5d79c","offset":[9880,2220]},{"uuid":"d326206d-88e4-470c-8c28-e8a241eaed57","offset":[10260,2220]},{"uuid":"d0aca4a3-af16-4371-ac0c-03971fba62c5","offset":[10640,2220]},{"uuid":"f0934108-b368-422e-9ddf-11a53fb16c40","offset":[11020,2220]},{"uuid":"721a8301-5e23-4875-89b8-269edd454d6d","offset":[11400,2220]},{"uuid":"b293da91-af2c-447d-91c9-39c0181a2936","offset":[11780,2220]},{"uuid":"ad4a191d-d726-422a-865c-eecf4736af0d","offset":[12160,2220]},{"uuid":"b49c538c-8911-4577-8bdf-89a014d8d947","offset":[12540,2220]},{"uuid":"a3951692-52fa-4787-b41c-8e605cf2e986","offset":[13000,2220]},{"uuid":"4351d488-0dcf-4a68-a4d6-cab3d68859b4","offset":[-140,380],"parent":"root"},{"uuid":"7f508bf6-4f14-44f7-9148-50ab7b93b59c","offset":[-140,0],"parent":"root"}],"conditions":[{"uuid":"238c0966-2e0d-4644-995f-203b4cb14484","offset":[1020,0],"parent":"b16582bf-ae4a-4bc0-8008-c2b50093df64"},{"uuid":"0307805e-24f5-4cbb-82f3-1906389f9ee0","offset":[1020,380],"parent":"b16582bf-ae4a-4bc0-8008-c2b50093df64"},{"uuid":"0cb4f565-98a7-4a10-abe8-3ea74abd14e7","offset":[1760,0],"parent":"f8b1b979-1af3-419f-a42d-12fa0b4219e9"},{"uuid":"0c2fb3f2-3722-412b-9d34-bd10cbc8b5e1","offset":[1760,380],"parent":"f8b1b979-1af3-419f-a42d-12fa0b4219e9"},{"uuid":"464d4f85-5f4f-488e-93ef-221935a631c7","offset":[2520,20],"parent":"809b8353-f06d-4e47-89c7-f5bf8ea03694"},{"uuid":"a1fdacfd-5022-4ec3-9fc1-c64850b84dd5","offset":[2520,400],"parent":"809b8353-f06d-4e47-89c7-f5bf8ea03694"},{"uuid":"defa74c8-71d4-4c0a-93c4-a1e14eda874b","offset":[280,0],"parent":"4351d488-0dcf-4a68-a4d6-cab3d68859b4"},{"uuid":"a39494ae-4a69-4555-92f1-08b6b662ca91","offset":[280,380],"parent":"4351d488-0dcf-4a68-a4d6-cab3d68859b4"}],"signals":[{"uuid":"c0d96162-11ac-4dd1-b767-0832135898ca","offset":[3240,-320],"parent":"6cce98c7-cccc-4136-af36-a4c3255bf1ac"},{"uuid":"df1fe1a3-69f8-4559-8bf9-4eb06a385296","offset":[5900,-340],"parent":"4985a910-5342-4341-81a0-67e3e49a748b"},{"uuid":"de47cbb2-2691-4f77-92c1-827cf8fa8c60","offset":[6320,-340],"parent":"8dd822b5-6f2e-4fb0-8dec-658547b6095b"},{"uuid":"21f1ccdd-0034-4aeb-8a94-679f2c2500a4","offset":[9860,-300],"parent":"978cb5ad-578b-4490-b658-43b2df6b8629"},{"uuid":"3c13f41e-9f66-4210-a3ce-3084babd62e8","offset":[10300,-300],"parent":"fada1727-50f5-4ee8-91a5-51dcc7be1ea0"},{"uuid":"9abed6b9-cc05-4738-a3a1-5313ab292ccf","offset":[12540,1900],"parent":"ad4a191d-d726-422a-865c-eecf4736af0d"},{"uuid":"c2fea2d2-61da-4385-9d72-d5415be2217c","offset":[13000,1880],"parent":"b49c538c-8911-4577-8bdf-89a014d8d947"}],"choices":[{"uuid":"24067054-1192-4745-8ac1-4a68e9f3247d","offset":[6720,20],"parent":"1d118f46-7180-4ec3-895e-242152ccc89d"},{"uuid":"9bdb16bf-7151-42ad-bb3a-25e493d4a8e2","offset":[6720,320],"parent":"1d118f46-7180-4ec3-895e-242152ccc89d"}]}}