{"56a91893-150d-425f-bd9d-b85b9e73ef6e":{"name":"Y/N","character_uuid":"8c05e531-d7a2-4093-a743-2034016072f8","text":{"en":"","fr":"","es":"(Hoy es realmente el último dia de verdad...)"},"parent":"root","next":"64c20fac-b2bd-431e-ba52-be09d711f084"},"64c20fac-b2bd-431e-ba52-be09d711f084":{"name":"Y/N","character_uuid":"492eaa9a-03cc-472d-93e8-ff4bc8fc59b0","text":{"en":"","fr":"","es":"(hoy por la tarde se van todos a sus casas...)"},"parent":"56a91893-150d-425f-bd9d-b85b9e73ef6e","next":"108d3631-1d19-4ecf-b460-84f0ea05d5b9"},"108d3631-1d19-4ecf-b460-84f0ea05d5b9":{"name":"Y/N","character_uuid":"492eaa9a-03cc-472d-93e8-ff4bc8fc59b0","text":{"en":"","fr":"","es":"(lo bueno es que seguiremos en contacto....)"},"parent":"64c20fac-b2bd-431e-ba52-be09d711f084","next":"4731efbe-b400-43e6-96ec-90fbbc77229b"},"4731efbe-b400-43e6-96ec-90fbbc77229b":{"name":"Y/N","character_uuid":"492eaa9a-03cc-472d-93e8-ff4bc8fc59b0","text":{"en":"","fr":"","es":"(debería ir yendo)"},"parent":"108d3631-1d19-4ecf-b460-84f0ea05d5b9"},"root":{"next":"56a91893-150d-425f-bd9d-b85b9e73ef6e"},"__editor":{"root":{"uuid":"root","offset":[40,100]},"dialogues":[{"uuid":"56a91893-150d-425f-bd9d-b85b9e73ef6e","offset":[300,-20],"parent":"root"},{"uuid":"64c20fac-b2bd-431e-ba52-be09d711f084","offset":[680,-20]},{"uuid":"108d3631-1d19-4ecf-b460-84f0ea05d5b9","offset":[1060,-20]},{"uuid":"4731efbe-b400-43e6-96ec-90fbbc77229b","offset":[1440,-20]}],"conditions":[],"signals":[],"choices":[]}}