{"5aa9185d-b7f9-4275-86f5-5301d7ae5457":{"name":"Y/N","character_uuid":"8c05e531-d7a2-4093-a743-2034016072f8","text":{"en":"","fr":"","es":" (..)"},"parent":"d12b2b86-edba-4f68-bea9-3266058a9f93"},"f991d0d9-f124-46aa-9d91-bf67654c45ea":{"name":"Y/N","character_uuid":"8c05e531-d7a2-4093-a743-2034016072f8","text":{"en":"","fr":"","es":"*Me acerco a la ubicación donde habiamos quedado Delilah y yo*"},"parent":"0cab69d6-2592-4d45-9c5a-f9ecbf469973","next":"102e24d7-8baf-4f5a-bae2-d35dfd9463e1","signals":{"parent":"f991d0d9-f124-46aa-9d91-bf67654c45ea","eventName":{"String":"changeBg"},"changeBg":{"String":"escalera"}}},"102e24d7-8baf-4f5a-bae2-d35dfd9463e1":{"name":"Y/N","character_uuid":"8c05e531-d7a2-4093-a743-2034016072f8","text":{"en":"","fr":"","es":"*Cuando llego no hay nadie*"},"parent":"f991d0d9-f124-46aa-9d91-bf67654c45ea","next":"eee837ed-9bbb-4db2-b677-b5d6c1dc7959"},"eee837ed-9bbb-4db2-b677-b5d6c1dc7959":{"name":"Y/N","character_uuid":"8c05e531-d7a2-4093-a743-2034016072f8","text":{"en":"","fr":"","es":"(...)"},"parent":"102e24d7-8baf-4f5a-bae2-d35dfd9463e1","next":"feff53ab-40a2-48e8-8ee2-a15bd16aca49"},"feff53ab-40a2-48e8-8ee2-a15bd16aca49":{"name":"Y/N","character_uuid":"8c05e531-d7a2-4093-a743-2034016072f8","text":{"en":"","fr":"","es":"*De la nada, dos brazos rodean mi cintura en forma de abrazo*"},"parent":"eee837ed-9bbb-4db2-b677-b5d6c1dc7959","next":"f785dbbf-09c4-4dfb-8d9d-154e152cf50d","signals":{"eventName":{"String":"characterEnter"},"characterEnter":{"String":"delilah"},"parent":"feff53ab-40a2-48e8-8ee2-a15bd16aca49"}},"f785dbbf-09c4-4dfb-8d9d-154e152cf50d":{"name":"Y/N","character_uuid":"8c05e531-d7a2-4093-a743-2034016072f8","text":{"en":"","fr":"","es":"*Delilah me da un fuerte abrazo por la espalda*"},"parent":"feff53ab-40a2-48e8-8ee2-a15bd16aca49","next":"400d9ef8-f46f-492c-9a3b-7b7f4c165989"},"400d9ef8-f46f-492c-9a3b-7b7f4c165989":{"name":"Delilah","character_uuid":"46e24c71-186e-4df5-9a9b-8b83461d3a92","text":{"en":"","fr":"","es":"¡Y/n! ¡Has venido!"},"parent":"f785dbbf-09c4-4dfb-8d9d-154e152cf50d","next":"da4787fd-01f4-4239-97b9-44f56a786ae6"},"da4787fd-01f4-4239-97b9-44f56a786ae6":{"name":"Y/N","character_uuid":"8c05e531-d7a2-4093-a743-2034016072f8","text":{"en":"","fr":"","es":"*Delilah me sonrie cálidamente*"},"parent":"400d9ef8-f46f-492c-9a3b-7b7f4c165989","next":"4db36548-a7c2-4553-98e0-a847adfe4c5e"},"4db36548-a7c2-4553-98e0-a847adfe4c5e":{"name":"Y/N","character_uuid":"8c05e531-d7a2-4093-a743-2034016072f8","text":{"en":"","fr":"","es":"¡Claro que he venido!"},"parent":"da4787fd-01f4-4239-97b9-44f56a786ae6","next":"cdf17067-2f38-449f-998c-2a70020b0859"},"cdf17067-2f38-449f-998c-2a70020b0859":{"name":"Y/N","character_uuid":"8c05e531-d7a2-4093-a743-2034016072f8","text":{"en":"","fr":"","es":"*Delilah se rie por lo bajín*"},"parent":"4db36548-a7c2-4553-98e0-a847adfe4c5e","next":"c6ace2da-4902-40b9-936c-225bb3141202"},"c6ace2da-4902-40b9-936c-225bb3141202":{"name":"Delilah","character_uuid":"46e24c71-186e-4df5-9a9b-8b83461d3a92","text":{"en":"","fr":"","es":"Gracias por venir"},"parent":"cdf17067-2f38-449f-998c-2a70020b0859","next":"8686ac34-1ac1-42f1-a195-9de47dbcc954"},"8686ac34-1ac1-42f1-a195-9de47dbcc954":{"name":"Y/N","character_uuid":"8c05e531-d7a2-4093-a743-2034016072f8","text":{"en":"","fr":"","es":"A ti por invitarme"},"parent":"c6ace2da-4902-40b9-936c-225bb3141202","choices":[{"text":{"en":"","fr":"","es":"(Preguntarle por lo que queria hablar)"},"next":"7306631f-0b84-4b38-bea3-902a408c70cf","parent":"8686ac34-1ac1-42f1-a195-9de47dbcc954"},{"text":{"en":"","fr":"","es":"(Preguntarle por la bolsa que lleva)"},"next":"e30ec8f2-28b2-476d-977b-cc95706d1fef","parent":"8686ac34-1ac1-42f1-a195-9de47dbcc954"}]},"f3bc4482-e4bf-4196-8ffc-3b42051aba94":{"name":"Y/N","character_uuid":"8c05e531-d7a2-4093-a743-2034016072f8","text":{"en":"","fr":"","es":"*Cuando cojo el regalo, Delilah sonrie*"},"parent":"bfddaa8b-b077-4807-900b-269d7bf8742f","next":"ca836ed9-cf35-48b2-84be-24e318eb571e"},"5558f3fa-2774-450d-81bb-800b74fe6b1a":{"name":"Delilah","character_uuid":"46e24c71-186e-4df5-9a9b-8b83461d3a92","text":{"en":"","fr":"","es":"*Ella levanta la bolsa indicando que debería coger el regalo*"},"parent":"73937219-53b3-40fd-b536-80ed30433bbe","choices":[{"text":{"en":"","fr":"","es":"Coger el regalo y abrirlo"},"next":"f3bc4482-e4bf-4196-8ffc-3b42051aba94","parent":"5558f3fa-2774-450d-81bb-800b74fe6b1a"},{"text":{"en":"","fr":"","es":"Negarte"},"next":"b861f7da-5b6c-4aad-a60e-685ca3a9a256","parent":"5558f3fa-2774-450d-81bb-800b74fe6b1a"}]},"1631afae-58f1-465a-8098-2fb5081f6d5d":{"name":"Y/N","character_uuid":"8c05e531-d7a2-4093-a743-2034016072f8","text":{"en":"","fr":"","es":"¿Para mí?"},"parent":"1892d5d0-bd7c-4899-bcb0-214ed8b88b6e","next":"73937219-53b3-40fd-b536-80ed30433bbe"},"1892d5d0-bd7c-4899-bcb0-214ed8b88b6e":{"name":"Delilah","character_uuid":"46e24c71-186e-4df5-9a9b-8b83461d3a92","text":{"en":"","fr":"","es":"Es un pequeño regalo para ti"},"parent":"c741c0ad-f342-4505-be10-998173f08d6e","next":"1631afae-58f1-465a-8098-2fb5081f6d5d"},"c741c0ad-f342-4505-be10-998173f08d6e":{"name":"Delilah","character_uuid":"46e24c71-186e-4df5-9a9b-8b83461d3a92","text":{"en":"","fr":"","es":"Oh, ¿esto?"},"parent":"f0e745fb-7327-4bdd-b171-a75823d48558","next":"1892d5d0-bd7c-4899-bcb0-214ed8b88b6e"},"f0e745fb-7327-4bdd-b171-a75823d48558":{"name":"Y/N","character_uuid":"8c05e531-d7a2-4093-a743-2034016072f8","text":{"en":"","fr":"","es":"*Delilah y yo miramos hacia su bolsa*"},"parent":"e30ec8f2-28b2-476d-977b-cc95706d1fef","next":"c741c0ad-f342-4505-be10-998173f08d6e"},"73937219-53b3-40fd-b536-80ed30433bbe":{"name":"Y/N","character_uuid":"8c05e531-d7a2-4093-a743-2034016072f8","text":{"en":"","fr":"","es":"*Delilah acerca la bolsa, que contiene un regalo envuelto*"},"parent":"fa50ea18-c718-42d1-9f96-55ed268dd564","next":"5558f3fa-2774-450d-81bb-800b74fe6b1a"},"fa50ea18-c718-42d1-9f96-55ed268dd564":{"name":"Delilah","character_uuid":"46e24c71-186e-4df5-9a9b-8b83461d3a92","text":{"en":"","fr":"","es":"Asi que he hecho esto"},"parent":"cfe33840-e45b-45a7-96e6-d52f60331523","next":"73937219-53b3-40fd-b536-80ed30433bbe"},"cfe33840-e45b-45a7-96e6-d52f60331523":{"name":"Delilah","character_uuid":"46e24c71-186e-4df5-9a9b-8b83461d3a92","text":{"en":"","fr":"","es":"Me da un poco de vergüenza decirlo"},"parent":"e4a3cf11-9c34-4923-a6a3-22640b6e9868","next":"fa50ea18-c718-42d1-9f96-55ed268dd564"},"e4a3cf11-9c34-4923-a6a3-22640b6e9868":{"name":"Y/N","character_uuid":"8c05e531-d7a2-4093-a743-2034016072f8","text":{"en":"","fr":"","es":"*Delilah mira al suelo*"},"parent":"dadf0b0a-8718-42e1-81c1-b5aa3300f730","next":"cfe33840-e45b-45a7-96e6-d52f60331523"},"dadf0b0a-8718-42e1-81c1-b5aa3300f730":{"name":"Delilah","character_uuid":"46e24c71-186e-4df5-9a9b-8b83461d3a92","text":{"en":"","fr":"","es":"Ah sí, eso"},"parent":"7306631f-0b84-4b38-bea3-902a408c70cf","next":"e4a3cf11-9c34-4923-a6a3-22640b6e9868"},"e30ec8f2-28b2-476d-977b-cc95706d1fef":{"name":"Y/N","character_uuid":"8c05e531-d7a2-4093-a743-2034016072f8","text":{"en":"","fr":"","es":"¿Qué es eso que llevas?"},"parent":"060f798c-0b11-49b3-a907-33ccf7ade81f","next":"f0e745fb-7327-4bdd-b171-a75823d48558"},"7306631f-0b84-4b38-bea3-902a408c70cf":{"name":"Y/N","character_uuid":"8c05e531-d7a2-4093-a743-2034016072f8","text":{"en":"","fr":"","es":"Delilah ¿De qué querías hablarme?"},"parent":"537917a2-a99f-48fd-8c1a-13cad5c9c7b0","next":"dadf0b0a-8718-42e1-81c1-b5aa3300f730"},"b861f7da-5b6c-4aad-a60e-685ca3a9a256":{"name":"Y/N","character_uuid":"8c05e531-d7a2-4093-a743-2034016072f8","text":{"en":"","fr":"","es":"No puedo aceptar eso"},"parent":"8362b1d5-28d0-4c42-8f09-d2b26e291c45","next":"4def0c32-8ae1-4c70-9755-e23425005d5e"},"4def0c32-8ae1-4c70-9755-e23425005d5e":{"name":"Delilah","character_uuid":"46e24c71-186e-4df5-9a9b-8b83461d3a92","text":{"en":"","fr":"","es":"Nu huh, es tuyo ahora, es para ti"},"parent":"b861f7da-5b6c-4aad-a60e-685ca3a9a256","choices":[{"text":{"en":"","fr":"","es":"Aceptar el regalo"},"next":"9f5de4bf-809f-4b86-a487-63e8e8b2a451","parent":"4def0c32-8ae1-4c70-9755-e23425005d5e"},{"text":{"en":"","fr":"","es":"Aceptar el regalo"},"next":"9f5de4bf-809f-4b86-a487-63e8e8b2a451","parent":"4def0c32-8ae1-4c70-9755-e23425005d5e"}]},"9f5de4bf-809f-4b86-a487-63e8e8b2a451":{"name":"Y/N","character_uuid":"8c05e531-d7a2-4093-a743-2034016072f8","text":{"en":"","fr":"","es":"Bueno"},"parent":"f8d0701f-6601-43ac-9621-50eddeee65e7","next":"ca836ed9-cf35-48b2-84be-24e318eb571e"},"ca836ed9-cf35-48b2-84be-24e318eb571e":{"name":"Y/N","character_uuid":"8c05e531-d7a2-4093-a743-2034016072f8","text":{"en":"","fr":"","es":"*Al abrir el regalo me encuentro con una lámina de ambos*"},"parent":"9f5de4bf-809f-4b86-a487-63e8e8b2a451","choices":[{"text":{"en":"","fr":"","es":"*Quedarse en SHOCK apreciando la lámina*"},"next":"9b126d22-75eb-44bc-869e-c361ecefd95b","parent":"ca836ed9-cf35-48b2-84be-24e318eb571e"},{"text":{"en":"","fr":"","es":"*Halagar a Delilah*"},"next":"f06a816e-c0ee-4dd4-bfe3-319099da6d3d","parent":"ca836ed9-cf35-48b2-84be-24e318eb571e"}]},"13b8421b-26d9-488e-b8ec-2ac93a23e9cd":{"name":"Y/N","character_uuid":"8c05e531-d7a2-4093-a743-2034016072f8","text":{"en":"","fr":"","es":"*Delilah no dice nada, pero se le nota feliz*"},"parent":"9b126d22-75eb-44bc-869e-c361ecefd95b","next":"da1396ee-4fe0-451e-8087-71ea9f744e34"},"9b126d22-75eb-44bc-869e-c361ecefd95b":{"name":"Y/N","character_uuid":"8c05e531-d7a2-4093-a743-2034016072f8","text":{"en":"","fr":"","es":"*Me quedo mirando la lámina*"},"parent":"d89a8e3c-8a45-460e-9d18-e6a9a507eadb","next":"13b8421b-26d9-488e-b8ec-2ac93a23e9cd"},"0a8ec55c-275d-41af-8d0f-13d24fd2582c":{"name":"Delilah","character_uuid":"46e24c71-186e-4df5-9a9b-8b83461d3a92","text":{"en":"","fr":"","es":"Si necesitas algo que decir podrías responderme a una pregunta"},"parent":"e5caeadd-ae0c-439a-b5fb-be8a8700aebd","next":"62af2aab-2a6c-4cd8-979a-1bcee464a1ca"},"e5caeadd-ae0c-439a-b5fb-be8a8700aebd":{"name":"Delilah","character_uuid":"46e24c71-186e-4df5-9a9b-8b83461d3a92","text":{"en":"","fr":"","es":"¡Gracias! :D"},"parent":"da1396ee-4fe0-451e-8087-71ea9f744e34","next":"0a8ec55c-275d-41af-8d0f-13d24fd2582c"},"da1396ee-4fe0-451e-8087-71ea9f744e34":{"name":"Y/N","character_uuid":"8c05e531-d7a2-4093-a743-2034016072f8","text":{"en":"","fr":"","es":"Wow... no sé qué decir, esto es increible"},"parent":"13b8421b-26d9-488e-b8ec-2ac93a23e9cd","next":"e5caeadd-ae0c-439a-b5fb-be8a8700aebd"},"3be65368-b69a-4376-8587-92cfdf118d15":{"name":"Y/N","character_uuid":"8c05e531-d7a2-4093-a743-2034016072f8","text":{"en":"","fr":"","es":"No sé cómo pagártelo, de verdad"},"parent":"946b186e-caf2-42bd-857f-117b136edb5a","next":"3f96d838-4e2c-4eaf-862e-6186ed13fc65"},"946b186e-caf2-42bd-857f-117b136edb5a":{"name":"Delilah","character_uuid":"46e24c71-186e-4df5-9a9b-8b83461d3a92","text":{"en":"","fr":"","es":"Heheh, me alegra que te guste"},"parent":"0b733639-4514-4f5b-b849-03a26f1fec4c","next":"3be65368-b69a-4376-8587-92cfdf118d15"},"0b733639-4514-4f5b-b849-03a26f1fec4c":{"name":"Y/N","character_uuid":"8c05e531-d7a2-4093-a743-2034016072f8","text":{"en":"","fr":"","es":"Esta genial, no me esperaba algo tan precioso"},"parent":"f06a816e-c0ee-4dd4-bfe3-319099da6d3d","next":"946b186e-caf2-42bd-857f-117b136edb5a"},"f06a816e-c0ee-4dd4-bfe3-319099da6d3d":{"name":"Y/N","character_uuid":"8c05e531-d7a2-4093-a743-2034016072f8","text":{"en":"","fr":"","es":"Delilah esto es increible"},"parent":"d30ce038-e3bf-4cb1-ba0e-9d1e310ed677","next":"0b733639-4514-4f5b-b849-03a26f1fec4c"},"62af2aab-2a6c-4cd8-979a-1bcee464a1ca":{"name":"Delilah","character_uuid":"46e24c71-186e-4df5-9a9b-8b83461d3a92","text":{"en":"","fr":"","es":"Me gustas mucho, quería saber si yo también... ¿te gusto?"},"parent":"3f96d838-4e2c-4eaf-862e-6186ed13fc65","choices":[{"text":{"en":"","fr":"","es":"Aceptar la confesión"},"next":"7bdf56bf-4d13-4d1a-b148-be40cb55ce6c","parent":"62af2aab-2a6c-4cd8-979a-1bcee464a1ca"},{"text":{"en":"","fr":"","es":"Rechazar la confesión"},"next":"a9389a20-6109-4963-bdae-04a28edd9fe0","parent":"62af2aab-2a6c-4cd8-979a-1bcee464a1ca"}]},"3f96d838-4e2c-4eaf-862e-6186ed13fc65":{"name":"Delilah","character_uuid":"46e24c71-186e-4df5-9a9b-8b83461d3a92","text":{"en":"","fr":"","es":"¡Podrías pagármelo respondiendome a una pregunta!"},"parent":"3be65368-b69a-4376-8587-92cfdf118d15","next":"62af2aab-2a6c-4cd8-979a-1bcee464a1ca"},"b7965267-c00e-45cf-a5e0-63b17571fbb2":{"name":"Y/N","character_uuid":"8c05e531-d7a2-4093-a743-2034016072f8","text":{"en":"","fr":"","es":"Null"}},"2a338b9e-a474-48e3-a764-795a44ec5051":{"name":"Y/N","character_uuid":"8c05e531-d7a2-4093-a743-2034016072f8","text":{"en":"","fr":"","es":"Null"}},"fefa7bce-f070-4106-8164-831933b3e4b7":{"name":"Y/N","character_uuid":"8c05e531-d7a2-4093-a743-2034016072f8","text":{"en":"","fr":"","es":"Null"}},"1823a73d-6799-44a8-8348-fe51927cd82f":{"name":"Y/N","character_uuid":"8c05e531-d7a2-4093-a743-2034016072f8","text":{"en":"","fr":"","es":"Null"}},"75053563-7623-4170-80ed-621c29f3d882":{"name":"Y/N","character_uuid":"8c05e531-d7a2-4093-a743-2034016072f8","text":{"en":"","fr":"","es":"Null"}},"5588f276-ee1c-40f0-99f6-227fa5ece0e4":{"name":"Y/N","character_uuid":"8c05e531-d7a2-4093-a743-2034016072f8","text":{"en":"","fr":"","es":"(No me esperaba que esto terminase así...)"},"parent":"4490bf1a-f445-4ab6-9c41-8e77a845fe98","signals":{"eventName":{"String":"characterExit"},"characterExit":{"String":"delilah"},"parent":"5588f276-ee1c-40f0-99f6-227fa5ece0e4"},"next":"cab9eaf2-0d50-47f6-ac56-6cecd6a8e2f6"},"3e58f4d5-4eae-4403-a3fb-d20b4bfdd2b9":{"name":"Delilah","character_uuid":"46e24c71-186e-4df5-9a9b-8b83461d3a92","text":{"en":"","fr":"","es":"Siento las molestias"},"parent":"20f28fbc-2ecd-4cae-bb9a-364efa23700e","next":"5588f276-ee1c-40f0-99f6-227fa5ece0e4"},"20f28fbc-2ecd-4cae-bb9a-364efa23700e":{"name":"Delilah","character_uuid":"46e24c71-186e-4df5-9a9b-8b83461d3a92","text":{"en":"","fr":"","es":"No, no, no es tu culpa, no pasa nada"},"parent":"07ffd951-8701-4187-9750-fb0f8f2f4563","next":"3e58f4d5-4eae-4403-a3fb-d20b4bfdd2b9"},"07ffd951-8701-4187-9750-fb0f8f2f4563":{"name":"Y/N","character_uuid":"8c05e531-d7a2-4093-a743-2034016072f8","text":{"en":"","fr":"","es":"Perdón"},"parent":"f5628c48-5b00-4d41-9ee7-d6edd1ad7a72","next":"20f28fbc-2ecd-4cae-bb9a-364efa23700e"},"f5628c48-5b00-4d41-9ee7-d6edd1ad7a72":{"name":"Y/N","character_uuid":"8c05e531-d7a2-4093-a743-2034016072f8","text":{"en":"","fr":"","es":"*La sonrisa de Delilah se desvanece*"},"parent":"9e25b545-b588-40dc-a57e-3921b9698f00","next":"07ffd951-8701-4187-9750-fb0f8f2f4563"},"9e25b545-b588-40dc-a57e-3921b9698f00":{"name":"Y/N","character_uuid":"8c05e531-d7a2-4093-a743-2034016072f8","text":{"en":"","fr":"","es":"Pero no me siento igual"},"parent":"028b74ae-7303-4f3c-a1b9-9724920ba018","next":"f5628c48-5b00-4d41-9ee7-d6edd1ad7a72"},"028b74ae-7303-4f3c-a1b9-9724920ba018":{"name":"Y/N","character_uuid":"8c05e531-d7a2-4093-a743-2034016072f8","text":{"en":"","fr":"","es":"Lo siento..."},"parent":"a9389a20-6109-4963-bdae-04a28edd9fe0","next":"9e25b545-b588-40dc-a57e-3921b9698f00"},"4490bf1a-f445-4ab6-9c41-8e77a845fe98":{"name":"Y/N","character_uuid":"8c05e531-d7a2-4093-a743-2034016072f8","text":{"en":"","fr":"","es":"*Después de un rato abrazándome, Delilah se separa y planta un tímido beso en mi mejilla*"},"parent":"47a590c7-6a97-418a-9aa9-5939794dbf7d","next":"5588f276-ee1c-40f0-99f6-227fa5ece0e4"},"47a590c7-6a97-418a-9aa9-5939794dbf7d":{"name":"Y/N","character_uuid":"8c05e531-d7a2-4093-a743-2034016072f8","text":{"en":"","fr":"","es":"*La sonrisa de Delilah crece y se abalanza sobre mí*"},"parent":"6e7c645a-9fe5-47f8-8fad-cc0ace3024df","next":"4490bf1a-f445-4ab6-9c41-8e77a845fe98"},"6e7c645a-9fe5-47f8-8fad-cc0ace3024df":{"name":"Y/N","character_uuid":"8c05e531-d7a2-4093-a743-2034016072f8","text":{"en":"","fr":"","es":"También me gustas"},"parent":"7bdf56bf-4d13-4d1a-b148-be40cb55ce6c","next":"47a590c7-6a97-418a-9aa9-5939794dbf7d"},"a9389a20-6109-4963-bdae-04a28edd9fe0":{"name":"Y/N","character_uuid":"8c05e531-d7a2-4093-a743-2034016072f8","text":{"en":"","fr":"","es":"Delilah..."},"parent":"f39cbcc4-55c0-42e4-b8fb-d66dcac3bb9f","next":"028b74ae-7303-4f3c-a1b9-9724920ba018"},"7bdf56bf-4d13-4d1a-b148-be40cb55ce6c":{"name":"Y/N","character_uuid":"8c05e531-d7a2-4093-a743-2034016072f8","text":{"en":"","fr":"","es":"...sí"},"parent":"390ed22a-fa8d-4b8a-b52d-6d911075240f","next":"6e7c645a-9fe5-47f8-8fad-cc0ace3024df"},"cab9eaf2-0d50-47f6-ac56-6cecd6a8e2f6":{"name":"Y/N","character_uuid":"8c05e531-d7a2-4093-a743-2034016072f8","text":{"en":"","fr":"","es":"(¿Quién me habría dicho que mis decisiones me llevarían a esto?)"},"parent":"5588f276-ee1c-40f0-99f6-227fa5ece0e4","signals":{"eventName":{"String":"changeBg"},"changeBg":{"String":"fondo_negro"},"parent":"cab9eaf2-0d50-47f6-ac56-6cecd6a8e2f6"},"next":"566dc60f-f9f4-4d13-ae16-d739ea7b5a24"},"566dc60f-f9f4-4d13-ae16-d739ea7b5a24":{"name":"Y/N","character_uuid":"8c05e531-d7a2-4093-a743-2034016072f8","text":{"en":"","fr":"","es":" "},"parent":"cab9eaf2-0d50-47f6-ac56-6cecd6a8e2f6"},"root":{"next":"1616ccd5-a6bc-41d1-a292-9346a056b583"},"1616ccd5-a6bc-41d1-a292-9346a056b583":{"name":"Y/N","character_uuid":"492eaa9a-03cc-472d-93e8-ff4bc8fc59b0","text":{"en":"","fr":"","es":"(Por otro lado, Delilah ha sido tan afable... y Guiko tan mono! "},"parent":"root","conditions":[{"affValue":{"value":80,"operator":"greater","type":"int"},"charNum":{"value":1,"operator":"equal","type":"int"},"next":"f991d0d9-f124-46aa-9d91-bf67654c45ea","parent":"1616ccd5-a6bc-41d1-a292-9346a056b583"},{"charNum":{"value":1,"operator":"equal","type":"int"},"affValue":{"value":81,"operator":"lower","type":"int"},"next":"5aa9185d-b7f9-4275-86f5-5301d7ae5457","parent":"1616ccd5-a6bc-41d1-a292-9346a056b583"}]},"__editor":{"root":{"uuid":"root","offset":[60,-140]},"dialogues":[{"uuid":"5aa9185d-b7f9-4275-86f5-5301d7ae5457","offset":[740,360]},{"uuid":"f991d0d9-f124-46aa-9d91-bf67654c45ea","offset":[740,-40]},{"uuid":"102e24d7-8baf-4f5a-bae2-d35dfd9463e1","offset":[1120,-40]},{"uuid":"eee837ed-9bbb-4db2-b677-b5d6c1dc7959","offset":[1500,-40]},{"uuid":"feff53ab-40a2-48e8-8ee2-a15bd16aca49","offset":[1880,-40]},{"uuid":"f785dbbf-09c4-4dfb-8d9d-154e152cf50d","offset":[2260,-40]},{"uuid":"400d9ef8-f46f-492c-9a3b-7b7f4c165989","offset":[2640,-40]},{"uuid":"da4787fd-01f4-4239-97b9-44f56a786ae6","offset":[3020,-40]},{"uuid":"4db36548-a7c2-4553-98e0-a847adfe4c5e","offset":[3400,-40]},{"uuid":"cdf17067-2f38-449f-998c-2a70020b0859","offset":[3780,-40]},{"uuid":"c6ace2da-4902-40b9-936c-225bb3141202","offset":[4160,-40]},{"uuid":"8686ac34-1ac1-42f1-a195-9de47dbcc954","offset":[4540,-40]},{"uuid":"f3bc4482-e4bf-4196-8ffc-3b42051aba94","offset":[8500,-220]},{"uuid":"5558f3fa-2774-450d-81bb-800b74fe6b1a","offset":[7640,40]},{"uuid":"1631afae-58f1-465a-8098-2fb5081f6d5d","offset":[6840,160]},{"uuid":"1892d5d0-bd7c-4899-bcb0-214ed8b88b6e","offset":[6460,160]},{"uuid":"c741c0ad-f342-4505-be10-998173f08d6e","offset":[6080,160]},{"uuid":"f0e745fb-7327-4bdd-b171-a75823d48558","offset":[5700,160]},{"uuid":"73937219-53b3-40fd-b536-80ed30433bbe","offset":[7260,40]},{"uuid":"fa50ea18-c718-42d1-9f96-55ed268dd564","offset":[6840,-220]},{"uuid":"cfe33840-e45b-45a7-96e6-d52f60331523","offset":[6460,-220]},{"uuid":"e4a3cf11-9c34-4923-a6a3-22640b6e9868","offset":[6080,-220]},{"uuid":"dadf0b0a-8718-42e1-81c1-b5aa3300f730","offset":[5700,-220]},{"uuid":"e30ec8f2-28b2-476d-977b-cc95706d1fef","offset":[5320,160]},{"uuid":"7306631f-0b84-4b38-bea3-902a408c70cf","offset":[5320,-220]},{"uuid":"b861f7da-5b6c-4aad-a60e-685ca3a9a256","offset":[8420,180]},{"uuid":"4def0c32-8ae1-4c70-9755-e23425005d5e","offset":[8800,180]},{"uuid":"9f5de4bf-809f-4b86-a487-63e8e8b2a451","offset":[9660,180]},{"uuid":"ca836ed9-cf35-48b2-84be-24e318eb571e","offset":[10160,-220]},{"uuid":"13b8421b-26d9-488e-b8ec-2ac93a23e9cd","offset":[11320,-460]},{"uuid":"9b126d22-75eb-44bc-869e-c361ecefd95b","offset":[10940,-460]},{"uuid":"0a8ec55c-275d-41af-8d0f-13d24fd2582c","offset":[12460,-460]},{"uuid":"e5caeadd-ae0c-439a-b5fb-be8a8700aebd","offset":[12080,-460]},{"uuid":"da1396ee-4fe0-451e-8087-71ea9f744e34","offset":[11700,-460]},{"uuid":"3be65368-b69a-4376-8587-92cfdf118d15","offset":[12080,-100]},{"uuid":"946b186e-caf2-42bd-857f-117b136edb5a","offset":[11700,-100]},{"uuid":"0b733639-4514-4f5b-b849-03a26f1fec4c","offset":[11320,-100]},{"uuid":"f06a816e-c0ee-4dd4-bfe3-319099da6d3d","offset":[10940,-100]},{"uuid":"62af2aab-2a6c-4cd8-979a-1bcee464a1ca","offset":[13020,-260]},{"uuid":"3f96d838-4e2c-4eaf-862e-6186ed13fc65","offset":[12460,-100]},{"uuid":"b7965267-c00e-45cf-a5e0-63b17571fbb2","offset":[16620,-560]},{"uuid":"2a338b9e-a474-48e3-a764-795a44ec5051","offset":[16620,-560]},{"uuid":"fefa7bce-f070-4106-8164-831933b3e4b7","offset":[16620,-560]},{"uuid":"1823a73d-6799-44a8-8348-fe51927cd82f","offset":[16620,-560]},{"uuid":"75053563-7623-4170-80ed-621c29f3d882","offset":[16620,-560]},{"uuid":"5588f276-ee1c-40f0-99f6-227fa5ece0e4","offset":[16620,-560]},{"uuid":"3e58f4d5-4eae-4403-a3fb-d20b4bfdd2b9","offset":[16100,-100]},{"uuid":"20f28fbc-2ecd-4cae-bb9a-364efa23700e","offset":[15720,-100]},{"uuid":"07ffd951-8701-4187-9750-fb0f8f2f4563","offset":[15340,-100]},{"uuid":"f5628c48-5b00-4d41-9ee7-d6edd1ad7a72","offset":[14960,-100]},{"uuid":"9e25b545-b588-40dc-a57e-3921b9698f00","offset":[14580,-100]},{"uuid":"028b74ae-7303-4f3c-a1b9-9724920ba018","offset":[14200,-100]},{"uuid":"4490bf1a-f445-4ab6-9c41-8e77a845fe98","offset":[14960,-460]},{"uuid":"47a590c7-6a97-418a-9aa9-5939794dbf7d","offset":[14580,-460]},{"uuid":"6e7c645a-9fe5-47f8-8fad-cc0ace3024df","offset":[14200,-460]},{"uuid":"a9389a20-6109-4963-bdae-04a28edd9fe0","offset":[13820,-100]},{"uuid":"7bdf56bf-4d13-4d1a-b148-be40cb55ce6c","offset":[13820,-460]},{"uuid":"cab9eaf2-0d50-47f6-ac56-6cecd6a8e2f6","offset":[17020,-560]},{"uuid":"566dc60f-f9f4-4d13-ae16-d739ea7b5a24","offset":[17420,-560]},{"uuid":"1616ccd5-a6bc-41d1-a292-9346a056b583","offset":[-20,80],"parent":"root"}],"conditions":[{"uuid":"0cab69d6-2592-4d45-9c5a-f9ecbf469973","offset":[380,-40],"parent":"1616ccd5-a6bc-41d1-a292-9346a056b583"},{"uuid":"d12b2b86-edba-4f68-bea9-3266058a9f93","offset":[380,340],"parent":"1616ccd5-a6bc-41d1-a292-9346a056b583"}],"signals":[{"uuid":"c6c97c4b-d59c-4011-8436-af606ae732b7","offset":[2260,-380],"parent":"feff53ab-40a2-48e8-8ee2-a15bd16aca49"},{"uuid":"c7ce9152-376c-40fe-bf82-4ae7e9ac7b66","offset":[16980,-200],"parent":"5588f276-ee1c-40f0-99f6-227fa5ece0e4"},{"uuid":"c5a647e1-3596-4626-9400-4d9c3600edcc","offset":[17420,-180],"parent":"cab9eaf2-0d50-47f6-ac56-6cecd6a8e2f6"},{"uuid":"f8259bd6-31de-47c5-b985-e0e17ac7889d","offset":[1120,-400],"parent":"f991d0d9-f124-46aa-9d91-bf67654c45ea"}],"choices":[{"uuid":"537917a2-a99f-48fd-8c1a-13cad5c9c7b0","offset":[4960,-160],"parent":"8686ac34-1ac1-42f1-a195-9de47dbcc954"},{"uuid":"060f798c-0b11-49b3-a907-33ccf7ade81f","offset":[4960,220],"parent":"8686ac34-1ac1-42f1-a195-9de47dbcc954"},{"uuid":"bfddaa8b-b077-4807-900b-269d7bf8742f","offset":[8060,-60],"parent":"5558f3fa-2774-450d-81bb-800b74fe6b1a"},{"uuid":"8362b1d5-28d0-4c42-8f09-d2b26e291c45","offset":[8060,240],"parent":"5558f3fa-2774-450d-81bb-800b74fe6b1a"},{"uuid":"e4018f17-c871-44bd-8889-a75e568a99ca","offset":[9260,100],"parent":"4def0c32-8ae1-4c70-9755-e23425005d5e"},{"uuid":"f8d0701f-6601-43ac-9621-50eddeee65e7","offset":[9260,380],"parent":"4def0c32-8ae1-4c70-9755-e23425005d5e"},{"uuid":"d89a8e3c-8a45-460e-9d18-e6a9a507eadb","offset":[10580,-360],"parent":"ca836ed9-cf35-48b2-84be-24e318eb571e"},{"uuid":"d30ce038-e3bf-4cb1-ba0e-9d1e310ed677","offset":[10580,-40],"parent":"ca836ed9-cf35-48b2-84be-24e318eb571e"},{"uuid":"390ed22a-fa8d-4b8a-b52d-6d911075240f","offset":[13440,-320],"parent":"62af2aab-2a6c-4cd8-979a-1bcee464a1ca"},{"uuid":"f39cbcc4-55c0-42e4-b8fb-d66dcac3bb9f","offset":[13440,-80],"parent":"62af2aab-2a6c-4cd8-979a-1bcee464a1ca"}]}}