{"3c5ba076-ec7c-4a3b-91b3-8fb2262b19f9":{"name":"Y/N","character_uuid":"492eaa9a-03cc-472d-93e8-ff4bc8fc59b0","text":{"en":"","fr":"","es":"(Ahora toca reunión...)"},"parent":"root","next":"1d3079a3-b483-4c1b-9193-3b4d0359b9fd","signals":{"eventName":{"String":"changeBg"},"parent":"3c5ba076-ec7c-4a3b-91b3-8fb2262b19f9","changeBg":{"String":"pasillo"}}},"1d3079a3-b483-4c1b-9193-3b4d0359b9fd":{"name":"Y/N","character_uuid":"492eaa9a-03cc-472d-93e8-ff4bc8fc59b0","text":{"en":"","fr":"","es":"(Como sean los de esta mañana....)"},"parent":"3c5ba076-ec7c-4a3b-91b3-8fb2262b19f9","next":"429bdd57-c562-46ab-9618-6165e49d1867"},"429bdd57-c562-46ab-9618-6165e49d1867":{"name":"Y/N","character_uuid":"492eaa9a-03cc-472d-93e8-ff4bc8fc59b0","text":{"en":"","fr":"","es":"nahhh no creo no...????"},"parent":"1d3079a3-b483-4c1b-9193-3b4d0359b9fd","next":"b28996cd-1798-4a56-bc19-4041ba8af8af"},"b28996cd-1798-4a56-bc19-4041ba8af8af":{"name":"Y/N","character_uuid":"492eaa9a-03cc-472d-93e8-ff4bc8fc59b0","text":{"en":"","fr":"","es":"*Abro la puerta  temerosamente* (... qué miedo)"},"parent":"429bdd57-c562-46ab-9618-6165e49d1867","next":"b431ed12-56b5-440a-8c6c-62b672420fa8","signals":{"parent":"b28996cd-1798-4a56-bc19-4041ba8af8af","eventName":{"String":"changeBg"},"changeBg":{"String":"clase"}}},"b431ed12-56b5-440a-8c6c-62b672420fa8":{"name":"Y/N","character_uuid":"492eaa9a-03cc-472d-93e8-ff4bc8fc59b0","text":{"en":"","fr":"","es":"(...)"},"next":"446fdb11-6ecf-4ace-bf9c-f4f2ad76eda7","parent":"b28996cd-1798-4a56-bc19-4041ba8af8af"},"446fdb11-6ecf-4ace-bf9c-f4f2ad76eda7":{"name":"Y/N","character_uuid":"492eaa9a-03cc-472d-93e8-ff4bc8fc59b0","text":{"en":"","fr":"","es":"(... mierdón)"},"parent":"b431ed12-56b5-440a-8c6c-62b672420fa8","next":"dbf66bf4-33f2-42c1-baa5-77f35ec63aa2","signals":{"parent":"446fdb11-6ecf-4ace-bf9c-f4f2ad76eda7","eventName":{"String":"everyoneEnter"}}},"dbf66bf4-33f2-42c1-baa5-77f35ec63aa2":{"name":"Y/N","character_uuid":"492eaa9a-03cc-472d-93e8-ff4bc8fc59b0","text":{"en":"","fr":"","es":"(... estan el chico de la sudadera roja y la chica de la falda rosa hablando)"},"parent":"446fdb11-6ecf-4ace-bf9c-f4f2ad76eda7","next":"d606833a-dd37-456d-9095-2a0421e8a677"},"d606833a-dd37-456d-9095-2a0421e8a677":{"name":"Y/N","character_uuid":"492eaa9a-03cc-472d-93e8-ff4bc8fc59b0","text":{"en":"","fr":"","es":"(Los otros dos estan a su bola... ojalá yo)"},"parent":"dbf66bf4-33f2-42c1-baa5-77f35ec63aa2","next":"7f741704-946d-4878-a0fa-fd9eeaf9b218"},"7f741704-946d-4878-a0fa-fd9eeaf9b218":{"name":"Y/N","character_uuid":"492eaa9a-03cc-472d-93e8-ff4bc8fc59b0","text":{"en":"","fr":"","es":"(...)"},"parent":"d606833a-dd37-456d-9095-2a0421e8a677","next":"d9040ad2-b3bd-474f-b083-6b86d3062e67"},"d9040ad2-b3bd-474f-b083-6b86d3062e67":{"name":"Y/N","character_uuid":"492eaa9a-03cc-472d-93e8-ff4bc8fc59b0","text":{"en":"","fr":"","es":"*suspira*"},"parent":"7f741704-946d-4878-a0fa-fd9eeaf9b218","choices":[{"text":{"en":"","fr":"","es":"   Eyyy muy buenas a todos, guapísimos   "},"next":"c0bfb8d2-542b-461d-a647-4d24cd259bd6","parent":"d9040ad2-b3bd-474f-b083-6b86d3062e67"},{"text":{"en":"","fr":"","es":"   Buenos días a todos   "},"next":"4928cc15-8b05-422e-b387-e68871df2786","parent":"d9040ad2-b3bd-474f-b083-6b86d3062e67"},{"text":{"en":"","fr":"","es":"   Holaaaaa ¿Qué tal? :3   "},"next":"e6142c4a-0469-44a7-8488-599d224a4ace","parent":"d9040ad2-b3bd-474f-b083-6b86d3062e67"}]},"c0bfb8d2-542b-461d-a647-4d24cd259bd6":{"name":"Matthew","character_uuid":"aee2b52c-ac9f-493d-80d3-e32f0584141b","text":{"en":"","fr":"","es":"Buenas brou >:D"},"parent":"e003bddd-d69e-4329-bcb7-94df856fd611","next":"98818564-33f8-46d0-ac29-e3dfb20d0ff1"},"4928cc15-8b05-422e-b387-e68871df2786":{"name":"Y/N","character_uuid":"492eaa9a-03cc-472d-93e8-ff4bc8fc59b0","text":{"en":"","fr":"","es":"*La de la boina y el del jerser me asienten con aprobación*"},"parent":"c29705bc-c5bf-443d-83a5-5a85545b8232","next":"98818564-33f8-46d0-ac29-e3dfb20d0ff1"},"e6142c4a-0469-44a7-8488-599d224a4ace":{"name":"Delilah","character_uuid":"46e24c71-186e-4df5-9a9b-8b83461d3a92","text":{"en":"","fr":"","es":"Holaaaaaaaa :3 muy bien ¿y tú?"},"parent":"94fb4d5c-c9c8-4379-a347-2f1bdd5f25dc","next":"98818564-33f8-46d0-ac29-e3dfb20d0ff1"},"98818564-33f8-46d0-ac29-e3dfb20d0ff1":{"name":"Y/N","character_uuid":"492eaa9a-03cc-472d-93e8-ff4bc8fc59b0","text":{"en":"","fr":"","es":"Me presento, voy a mentorizaros durante vuestra estancia aquí"},"parent":"e6142c4a-0469-44a7-8488-599d224a4ace","next":"0256770f-3efb-46c5-a5a0-46886ce22076"},"0256770f-3efb-46c5-a5a0-46886ce22076":{"name":"Y/N","character_uuid":"492eaa9a-03cc-472d-93e8-ff4bc8fc59b0","text":{"en":"","fr":"","es":"Para cualquier duda que tengais del intercambio o de cualquier cosa, decidme"},"parent":"98818564-33f8-46d0-ac29-e3dfb20d0ff1","next":"6ddae766-8d52-4cca-b1a0-a2cdca83de74"},"6ddae766-8d52-4cca-b1a0-a2cdca83de74":{"name":"Richard","character_uuid":"f69f8c71-d246-4a25-a343-48ef9efe33af","text":{"en":"","fr":"","es":"Quería saber sobre el tema de los puntos extra para nuestro currículum"},"parent":"0256770f-3efb-46c5-a5a0-46886ce22076","next":"c31c7543-076a-4bd7-8b95-0a911be49456"},"c31c7543-076a-4bd7-8b95-0a911be49456":{"name":"Matthew","character_uuid":"aee2b52c-ac9f-493d-80d3-e32f0584141b","text":{"en":"","fr":"","es":"¿¿Da puntos extra??"},"parent":"6ddae766-8d52-4cca-b1a0-a2cdca83de74","next":"f628926a-799d-46fc-95d1-2f9ca7165774"},"f628926a-799d-46fc-95d1-2f9ca7165774":{"name":"Richard","character_uuid":"f69f8c71-d246-4a25-a343-48ef9efe33af","text":{"en":"","fr":"","es":"..."},"parent":"c31c7543-076a-4bd7-8b95-0a911be49456","next":"c5e0cbcf-9d7f-4755-b6b6-69b4f5f6e314"},"c5e0cbcf-9d7f-4755-b6b6-69b4f5f6e314":{"name":"Camille","character_uuid":"2459fb62-fca4-4c9a-b38d-1f868103de0d","text":{"en":"","fr":"","es":"Ahora aceptan a cualquiera en el intercambio..."},"parent":"f628926a-799d-46fc-95d1-2f9ca7165774","next":"d67976cd-a725-4e6e-be93-564689fdba28"},"d67976cd-a725-4e6e-be93-564689fdba28":{"name":"Delilah","character_uuid":"46e24c71-186e-4df5-9a9b-8b83461d3a92","text":{"en":"","fr":"","es":"Estaba en la letra pequeña, es normal no darse cuenta de detalles así ':D"},"parent":"c5e0cbcf-9d7f-4755-b6b6-69b4f5f6e314","next":"233d6cb8-fb3b-4dba-883f-ec12dc40cac6"},"233d6cb8-fb3b-4dba-883f-ec12dc40cac6":{"name":"Y/N","character_uuid":"492eaa9a-03cc-472d-93e8-ff4bc8fc59b0","text":{"en":"","fr":"","es":"... bueno, ni yo lo sabia  asi que..."},"parent":"d67976cd-a725-4e6e-be93-564689fdba28","next":"9681e648-5939-413e-9ae8-5b6013cd69e2"},"9681e648-5939-413e-9ae8-5b6013cd69e2":{"name":"Y/N","character_uuid":"492eaa9a-03cc-472d-93e8-ff4bc8fc59b0","text":{"en":"","fr":"","es":"En fin, hagamos ronda de presentaciones"},"parent":"233d6cb8-fb3b-4dba-883f-ec12dc40cac6","next":"e2d94024-9bff-47d3-b270-4498de291132"},"e2d94024-9bff-47d3-b270-4498de291132":{"name":"Y/N","character_uuid":"492eaa9a-03cc-472d-93e8-ff4bc8fc59b0","text":{"en":"","fr":"","es":"¿Quién quiere ir primero?"},"parent":"9681e648-5939-413e-9ae8-5b6013cd69e2","next":"d69f4391-266e-4528-a80a-247e839bf153"},"3ae10c00-e8fd-4740-a5a6-011d39bdc0a1":{"name":"Camille","character_uuid":"2459fb62-fca4-4c9a-b38d-1f868103de0d","text":{"en":"","fr":"","es":"Voy yo, supongo"},"next":"d633b9e3-ea37-47ca-9708-7c97e523b968","parent":"609e62b2-d6fa-47df-a942-14600f6b8970"},"d633b9e3-ea37-47ca-9708-7c97e523b968":{"name":"Camille","character_uuid":"2459fb62-fca4-4c9a-b38d-1f868103de0d","text":{"en":"","fr":"","es":"Me llamo Camille Durant, soy de Toulouse y vengo por obligación de mis padres"},"parent":"3ae10c00-e8fd-4740-a5a6-011d39bdc0a1","next":"4adf7ae2-1973-4b93-a1a9-8c472b86db47"},"4adf7ae2-1973-4b93-a1a9-8c472b86db47":{"name":"Camille","character_uuid":"2459fb62-fca4-4c9a-b38d-1f868103de0d","text":{"en":"","fr":"","es":"De no ser por su insistencia seguiria en Toulouse y no en esta... curiosa...clase..."},"parent":"d633b9e3-ea37-47ca-9708-7c97e523b968","next":"7330cf90-49da-4ae9-8bae-def972f2aa60"},"7330cf90-49da-4ae9-8bae-def972f2aa60":{"name":"Y/N","character_uuid":"492eaa9a-03cc-472d-93e8-ff4bc8fc59b0","text":{"en":"","fr":"","es":"ah... muy bien... bueno, el siguiente"},"parent":"4adf7ae2-1973-4b93-a1a9-8c472b86db47","next":"b1a0f0c7-ab14-47e6-a7ca-fd3794f14b38"},"b1a0f0c7-ab14-47e6-a7ca-fd3794f14b38":{"name":"Delilah","character_uuid":"46e24c71-186e-4df5-9a9b-8b83461d3a92","text":{"en":"","fr":"","es":"¡Ah! Puedo ser yo la siguiente si quereis"},"parent":"7330cf90-49da-4ae9-8bae-def972f2aa60","next":"512957ec-a2a8-4678-80a7-3abc7b4330cc"},"512957ec-a2a8-4678-80a7-3abc7b4330cc":{"name":"Delilah","character_uuid":"46e24c71-186e-4df5-9a9b-8b83461d3a92","text":{"en":"","fr":"","es":"Soy Delilah Medina, encantada de conoceros"},"parent":"b1a0f0c7-ab14-47e6-a7ca-fd3794f14b38","next":"9a802442-9b2c-4d95-829d-6336be92e4fc"},"9a802442-9b2c-4d95-829d-6336be92e4fc":{"name":"Delilah","character_uuid":"46e24c71-186e-4df5-9a9b-8b83461d3a92","text":{"en":"","fr":"","es":"He venido con mi mascota Guiko desde Panabo, Filipinas"},"parent":"512957ec-a2a8-4678-80a7-3abc7b4330cc","next":"c676c9cb-13a5-47b1-a118-43436ed1f81d"},"c676c9cb-13a5-47b1-a118-43436ed1f81d":{"name":"Y/N","character_uuid":"492eaa9a-03cc-472d-93e8-ff4bc8fc59b0","text":{"en":"","fr":"","es":"Igualmente, Delilah"},"parent":"9a802442-9b2c-4d95-829d-6336be92e4fc","next":"f536535f-c742-4d67-b726-947fe034a8fb"},"f536535f-c742-4d67-b726-947fe034a8fb":{"name":"Y/N","character_uuid":"492eaa9a-03cc-472d-93e8-ff4bc8fc59b0","text":{"en":"","fr":"","es":"¿Siguiente?"},"parent":"c676c9cb-13a5-47b1-a118-43436ed1f81d","next":"c6cbf371-3202-4bbf-a4c7-b68e6dfcaa75"},"c6cbf371-3202-4bbf-a4c7-b68e6dfcaa75":{"name":"Richard","character_uuid":"f69f8c71-d246-4a25-a343-48ef9efe33af","text":{"en":"","fr":"","es":"Buenos días, me presento, soy Richard Dickinson"},"parent":"f536535f-c742-4d67-b726-947fe034a8fb","next":"bc8f2815-bf6b-4dc5-866a-964f7cf650b6"},"bc8f2815-bf6b-4dc5-866a-964f7cf650b6":{"name":"Richard","character_uuid":"f69f8c71-d246-4a25-a343-48ef9efe33af","text":{"en":"","fr":"","es":"Soy estudiante del Eton College, Colegio de Nuestra Señora de Eton para vosotros..."},"parent":"c6cbf371-3202-4bbf-a4c7-b68e6dfcaa75","next":"4d28693f-3399-4014-88be-37dd09909ea6"},"4d28693f-3399-4014-88be-37dd09909ea6":{"name":"Richard","character_uuid":"f69f8c71-d246-4a25-a343-48ef9efe33af","text":{"en":"","fr":"","es":"Solo me interesan los puntos extra que pueda ganar con el intercambio, no vengo a hacer amigos"},"parent":"bc8f2815-bf6b-4dc5-866a-964f7cf650b6","next":"e19ac5be-82c4-41d9-ab8c-511f6ca9ae8b"},"e19ac5be-82c4-41d9-ab8c-511f6ca9ae8b":{"name":"Y/N","character_uuid":"492eaa9a-03cc-472d-93e8-ff4bc8fc59b0","text":{"en":"","fr":"","es":"Miraré más sobre el tema..."},"parent":"4d28693f-3399-4014-88be-37dd09909ea6","next":"f1b2ad2a-f7e3-4463-bcd5-1f7fc0d28369"},"8cbc9edb-7278-4a0e-9045-abf842f8fe02":{"name":"Matthew","character_uuid":"aee2b52c-ac9f-493d-80d3-e32f0584141b","text":{"en":"","fr":"","es":"Yo soy Matthew Roberts, el mejor streamer del mundo, soy challenger en el lol y main reyna"},"parent":"f1b2ad2a-f7e3-4463-bcd5-1f7fc0d28369","next":"9ed4c95e-f9f1-4c63-baeb-765234fab018"},"f1b2ad2a-f7e3-4463-bcd5-1f7fc0d28369":{"name":"Y/N","character_uuid":"492eaa9a-03cc-472d-93e8-ff4bc8fc59b0","text":{"en":"","fr":"","es":"Bueno ¿y tú?"},"parent":"e19ac5be-82c4-41d9-ab8c-511f6ca9ae8b","next":"8cbc9edb-7278-4a0e-9045-abf842f8fe02"},"9ed4c95e-f9f1-4c63-baeb-765234fab018":{"name":"Matthew","character_uuid":"aee2b52c-ac9f-493d-80d3-e32f0584141b","text":{"en":"","fr":"","es":"Also, soy el mejor jungla de Michigan"},"parent":"8cbc9edb-7278-4a0e-9045-abf842f8fe02","next":"78dd7f17-1cee-4e3c-807c-9c55fae924ea"},"78dd7f17-1cee-4e3c-807c-9c55fae924ea":{"name":"Matthew","character_uuid":"aee2b52c-ac9f-493d-80d3-e32f0584141b","text":{"en":"","fr":"","es":"Seguidme en https://www.twitch.tv/mmatthewwttv y en https://twitter.com/mmatthewwttv"},"parent":"9ed4c95e-f9f1-4c63-baeb-765234fab018","next":"b4786e61-5a75-45ea-9162-0c0af5c4609c"},"b4786e61-5a75-45ea-9162-0c0af5c4609c":{"name":"Y/N","character_uuid":"492eaa9a-03cc-472d-93e8-ff4bc8fc59b0","text":{"en":"","fr":"","es":"¿Por qué acabas de decir dos links enteros hablando?"},"parent":"78dd7f17-1cee-4e3c-807c-9c55fae924ea","next":"313c77de-9757-47d3-a862-7979737a3318"},"313c77de-9757-47d3-a862-7979737a3318":{"name":"Y/N","character_uuid":"492eaa9a-03cc-472d-93e8-ff4bc8fc59b0","text":{"en":"","fr":"","es":"En fin, es un placer conoceros a todos"},"parent":"b4786e61-5a75-45ea-9162-0c0af5c4609c","next":"fb0459ac-5980-42bd-bed6-13cf0a6354e8"},"fb0459ac-5980-42bd-bed6-13cf0a6354e8":{"name":"Y/N","character_uuid":"492eaa9a-03cc-472d-93e8-ff4bc8fc59b0","text":{"en":"","fr":"","es":"Todos los dias tendremos una reunion de este tipo después de clases pero podeis hablarme cuando querais"},"parent":"313c77de-9757-47d3-a862-7979737a3318","next":"2d1d63e4-435f-44f4-a99d-196eda5e4477"},"2d1d63e4-435f-44f4-a99d-196eda5e4477":{"name":"Y/N","character_uuid":"492eaa9a-03cc-472d-93e8-ff4bc8fc59b0","text":{"en":"","fr":"","es":"Hasta entonces, suerte en clase y suerte con el español"},"parent":"fb0459ac-5980-42bd-bed6-13cf0a6354e8","next":"e4be2b70-aa00-42b8-a7bb-f9834b41626d"},"e4be2b70-aa00-42b8-a7bb-f9834b41626d":{"name":"Y/N","character_uuid":"492eaa9a-03cc-472d-93e8-ff4bc8fc59b0","text":{"en":"","fr":"","es":"(Todos salen de la clase, parece que tenian ganas de salir de aquí...)"},"parent":"2d1d63e4-435f-44f4-a99d-196eda5e4477","signals":{"parent":"e4be2b70-aa00-42b8-a7bb-f9834b41626d","eventName":{"String":"everyoneExit"}},"next":"c3a326c3-e944-4508-94c2-e67e19658c37"},"d69f4391-266e-4528-a80a-247e839bf153":{"name":"Y/N","character_uuid":"492eaa9a-03cc-472d-93e8-ff4bc8fc59b0","text":{"en":"","fr":"","es":"..."},"parent":"e2d94024-9bff-47d3-b270-4498de291132","next":"609e62b2-d6fa-47df-a942-14600f6b8970"},"609e62b2-d6fa-47df-a942-14600f6b8970":{"name":"Y/N","character_uuid":"492eaa9a-03cc-472d-93e8-ff4bc8fc59b0","text":{"en":"","fr":"","es":"..."},"parent":"d69f4391-266e-4528-a80a-247e839bf153","next":"3ae10c00-e8fd-4740-a5a6-011d39bdc0a1"},"c3a326c3-e944-4508-94c2-e67e19658c37":{"name":"Y/N","character_uuid":"492eaa9a-03cc-472d-93e8-ff4bc8fc59b0","text":{"en":"","fr":"","es":"*Depués de un día agotador vuelvo a mi casa, duermo de un tirón*"},"parent":"e4be2b70-aa00-42b8-a7bb-f9834b41626d","signals":{"parent":"c3a326c3-e944-4508-94c2-e67e19658c37","eventName":{"String":"changeBg"},"changeBg":{"String":"fondo_negro"}},"next":"210d0ec1-2d3f-48bd-94fa-1770edac0f63"},"210d0ec1-2d3f-48bd-94fa-1770edac0f63":{"name":"Y/N","character_uuid":"492eaa9a-03cc-472d-93e8-ff4bc8fc59b0","text":{"en":"","fr":"","es":"     "},"parent":"c3a326c3-e944-4508-94c2-e67e19658c37"},"root":{"next":"3c5ba076-ec7c-4a3b-91b3-8fb2262b19f9"},"__editor":{"root":{"uuid":"root","offset":[40,100]},"dialogues":[{"uuid":"3c5ba076-ec7c-4a3b-91b3-8fb2262b19f9","offset":[260,-20],"parent":"root"},{"uuid":"1d3079a3-b483-4c1b-9193-3b4d0359b9fd","offset":[660,-20]},{"uuid":"429bdd57-c562-46ab-9618-6165e49d1867","offset":[1060,-20]},{"uuid":"b28996cd-1798-4a56-bc19-4041ba8af8af","offset":[1460,-20]},{"uuid":"b431ed12-56b5-440a-8c6c-62b672420fa8","offset":[1860,-20]},{"uuid":"446fdb11-6ecf-4ace-bf9c-f4f2ad76eda7","offset":[2280,-20]},{"uuid":"dbf66bf4-33f2-42c1-baa5-77f35ec63aa2","offset":[2700,-20]},{"uuid":"d606833a-dd37-456d-9095-2a0421e8a677","offset":[3100,-20]},{"uuid":"7f741704-946d-4878-a0fa-fd9eeaf9b218","offset":[3100,380]},{"uuid":"d9040ad2-b3bd-474f-b083-6b86d3062e67","offset":[2700,380]},{"uuid":"c0bfb8d2-542b-461d-a647-4d24cd259bd6","offset":[1660,380]},{"uuid":"4928cc15-8b05-422e-b387-e68871df2786","offset":[1660,760]},{"uuid":"e6142c4a-0469-44a7-8488-599d224a4ace","offset":[1660,1160]},{"uuid":"98818564-33f8-46d0-ac29-e3dfb20d0ff1","offset":[1080,640]},{"uuid":"0256770f-3efb-46c5-a5a0-46886ce22076","offset":[660,640]},{"uuid":"6ddae766-8d52-4cca-b1a0-a2cdca83de74","offset":[180,600]},{"uuid":"c31c7543-076a-4bd7-8b95-0a911be49456","offset":[180,1080]},{"uuid":"f628926a-799d-46fc-95d1-2f9ca7165774","offset":[580,1080]},{"uuid":"c5e0cbcf-9d7f-4755-b6b6-69b4f5f6e314","offset":[980,1080]},{"uuid":"d67976cd-a725-4e6e-be93-564689fdba28","offset":[980,1560]},{"uuid":"233d6cb8-fb3b-4dba-883f-ec12dc40cac6","offset":[1420,1560]},{"uuid":"9681e648-5939-413e-9ae8-5b6013cd69e2","offset":[1820,1560]},{"uuid":"e2d94024-9bff-47d3-b270-4498de291132","offset":[2220,1560]},{"uuid":"3ae10c00-e8fd-4740-a5a6-011d39bdc0a1","offset":[2220,1140]},{"uuid":"d633b9e3-ea37-47ca-9708-7c97e523b968","offset":[2620,1140]},{"uuid":"4adf7ae2-1973-4b93-a1a9-8c472b86db47","offset":[3040,1140]},{"uuid":"7330cf90-49da-4ae9-8bae-def972f2aa60","offset":[3440,1140]},{"uuid":"b1a0f0c7-ab14-47e6-a7ca-fd3794f14b38","offset":[3440,1560]},{"uuid":"512957ec-a2a8-4678-80a7-3abc7b4330cc","offset":[3440,1960]},{"uuid":"9a802442-9b2c-4d95-829d-6336be92e4fc","offset":[3020,1960]},{"uuid":"c676c9cb-13a5-47b1-a118-43436ed1f81d","offset":[2620,1960]},{"uuid":"f536535f-c742-4d67-b726-947fe034a8fb","offset":[2220,1960]},{"uuid":"c6cbf371-3202-4bbf-a4c7-b68e6dfcaa75","offset":[1820,1960]},{"uuid":"bc8f2815-bf6b-4dc5-866a-964f7cf650b6","offset":[1420,1960]},{"uuid":"4d28693f-3399-4014-88be-37dd09909ea6","offset":[1000,1960]},{"uuid":"e19ac5be-82c4-41d9-ab8c-511f6ca9ae8b","offset":[580,1960]},{"uuid":"8cbc9edb-7278-4a0e-9045-abf842f8fe02","offset":[-220,1960]},{"uuid":"f1b2ad2a-f7e3-4463-bcd5-1f7fc0d28369","offset":[180,1960]},{"uuid":"9ed4c95e-f9f1-4c63-baeb-765234fab018","offset":[-220,2380]},{"uuid":"78dd7f17-1cee-4e3c-807c-9c55fae924ea","offset":[180,2380]},{"uuid":"b4786e61-5a75-45ea-9162-0c0af5c4609c","offset":[640,2380]},{"uuid":"313c77de-9757-47d3-a862-7979737a3318","offset":[1080,2380]},{"uuid":"fb0459ac-5980-42bd-bed6-13cf0a6354e8","offset":[1480,2380]},{"uuid":"2d1d63e4-435f-44f4-a99d-196eda5e4477","offset":[1880,2380]},{"uuid":"e4be2b70-aa00-42b8-a7bb-f9834b41626d","offset":[2280,2380]},{"uuid":"d69f4391-266e-4528-a80a-247e839bf153","offset":[2620,1560]},{"uuid":"609e62b2-d6fa-47df-a942-14600f6b8970","offset":[3000,1560]},{"uuid":"c3a326c3-e944-4508-94c2-e67e19658c37","offset":[2780,2380]},{"uuid":"210d0ec1-2d3f-48bd-94fa-1770edac0f63","offset":[3280,2380]}],"conditions":[],"signals":[{"uuid":"8a5412dc-cccf-4827-9612-05e04a4db9bd","offset":[660,-380],"parent":"3c5ba076-ec7c-4a3b-91b3-8fb2262b19f9"},{"uuid":"50099c94-2dfd-463f-9de0-cde57443d621","offset":[1860,-360],"parent":"b28996cd-1798-4a56-bc19-4041ba8af8af"},{"uuid":"ca40fa1c-bf7b-42ff-8bba-2229994f11a1","offset":[2700,-340],"parent":"446fdb11-6ecf-4ace-bf9c-f4f2ad76eda7"},{"uuid":"baed401b-38ec-4043-9164-c3c479b2c8f5","offset":[2740,2780],"parent":"e4be2b70-aa00-42b8-a7bb-f9834b41626d"},{"uuid":"46574611-3b14-4cf1-9467-a7b9b1386bcf","offset":[3260,2740],"parent":"c3a326c3-e944-4508-94c2-e67e19658c37"}],"choices":[{"uuid":"e003bddd-d69e-4329-bcb7-94df856fd611","offset":[2240,380],"parent":"d9040ad2-b3bd-474f-b083-6b86d3062e67"},{"uuid":"c29705bc-c5bf-443d-83a5-5a85545b8232","offset":[2240,640],"parent":"d9040ad2-b3bd-474f-b083-6b86d3062e67"},{"uuid":"94fb4d5c-c9c8-4379-a347-2f1bdd5f25dc","offset":[2240,900],"parent":"d9040ad2-b3bd-474f-b083-6b86d3062e67"}]}}