{"f63e99c5-047b-4b23-b1aa-f9a22d4cc042":{"name":"Delilah","character_uuid":"46e24c71-186e-4df5-9a9b-8b83461d3a92","text":{"en":"","fr":"","es":"¡Buenos dias!"},"next":"6f659239-772e-4bd7-a663-19647a765627","parent":"af7c7cdd-68e9-40f7-8d56-e9804cbb10f8","signals":{"parent":"f63e99c5-047b-4b23-b1aa-f9a22d4cc042","eventName":{"String":"characterEnter"},"characterEnter":{"String":"matthew"}}},"6f659239-772e-4bd7-a663-19647a765627":{"name":"Matthew","character_uuid":"aee2b52c-ac9f-493d-80d3-e32f0584141b","text":{"en":"","fr":"","es":"Eyyyy"},"parent":"f63e99c5-047b-4b23-b1aa-f9a22d4cc042","next":"721fa8b6-7ad6-4f8d-8eae-ac43eb17c88c"},"721fa8b6-7ad6-4f8d-8eae-ac43eb17c88c":{"name":"Y/N","character_uuid":"8c05e531-d7a2-4093-a743-2034016072f8","text":{"en":"","fr":"","es":"(Solo me saludan Matthew y Delilah)"},"parent":"6f659239-772e-4bd7-a663-19647a765627","next":"a8989e6a-3ba7-4dcb-8f53-04cffb54d13d"},"a8989e6a-3ba7-4dcb-8f53-04cffb54d13d":{"name":"Y/N","character_uuid":"8c05e531-d7a2-4093-a743-2034016072f8","text":{"en":"","fr":"","es":"(Los otros dos estan muy centrados en lo que sea que están haciendo)"},"parent":"721fa8b6-7ad6-4f8d-8eae-ac43eb17c88c","next":"9c39801a-3ea3-4a03-a322-1169633c81ab"},"9c39801a-3ea3-4a03-a322-1169633c81ab":{"name":"Y/N","character_uuid":"8c05e531-d7a2-4093-a743-2034016072f8","text":{"en":"","fr":"","es":"Buenos dias chicos ¿Qué tal?"},"parent":"a8989e6a-3ba7-4dcb-8f53-04cffb54d13d","choices":[{"text":{"en":"","fr":"","es":"   ¿Cómo está tu ajolote, Delilah?   "},"next":"60c3cfc2-b312-4a71-b847-ededfac4db1f","parent":"9c39801a-3ea3-4a03-a322-1169633c81ab"},{"text":{"en":"","fr":"","es":"   ¿Qué tal las rankeds de ayer, Matthew?   "},"next":"3f42de91-7a3c-4974-9497-8f3b2a56e083","parent":"9c39801a-3ea3-4a03-a322-1169633c81ab"},{"text":{"en":"","fr":"","es":"   Vamos a ver que hacen los otros dos   "},"next":"2f554911-1ca5-4fd8-87cc-39c11b79e0b7","parent":"9c39801a-3ea3-4a03-a322-1169633c81ab"}]},"e67ff4bb-7867-4d07-803d-830df47fa829":{"name":"Y/N","character_uuid":"8c05e531-d7a2-4093-a743-2034016072f8","text":{"en":"","fr":"","es":"(Matthew parece triste por la ranked pero agradecido de que haya preguntado)"},"parent":"e07f93ed-1622-4c14-b4e7-659dc81f881d","next":"2340ed6e-4e56-429e-8e4a-47ceeb3ede69","signals":{"parent":"e67ff4bb-7867-4d07-803d-830df47fa829","eventName":{"String":"affinityUp"},"affinityUp":{"String":"matthew"}}},"8dafec58-390b-4ce8-93f8-38ab5a76a8f5":{"name":"Y/N","character_uuid":"8c05e531-d7a2-4093-a743-2034016072f8","text":{"en":"","fr":"","es":"*Miro al aula vacía, solo estan los cuatro presentes*"},"parent":"2340ed6e-4e56-429e-8e4a-47ceeb3ede69","next":"7d16e47e-a0c0-48b3-98f0-f30c18a8afe8","signals":{"eventName":{"String":"everyoneExit"},"parent":"8dafec58-390b-4ce8-93f8-38ab5a76a8f5"}},"0e52f33a-ebb0-43bc-9a00-9e56dd733743":{"name":"Y/N","character_uuid":"8c05e531-d7a2-4093-a743-2034016072f8","text":{"en":"","fr":"","es":"*Richard esconde algo en su lilbro de texto, parece avergonzado*"},"parent":"6202768a-d32c-428f-a9c0-dac9802a405b","next":"8dafec58-390b-4ce8-93f8-38ab5a76a8f5","signals":{"parent":"0e52f33a-ebb0-43bc-9a00-9e56dd733743","eventName":{"String":"affinityUp"},"affinityUp":{"String":"richard"}}},"79bb044b-e3e9-4e41-8840-10e96ce1b1d5":{"name":"Y/N","character_uuid":"8c05e531-d7a2-4093-a743-2034016072f8","text":{"en":"","fr":"","es":"(Camille vuelve a mirar su movil... estaba viendo un desfile en instgaram)"},"parent":"44d2d2bc-5d39-4d48-9b74-d1aa909c3baa","next":"8dafec58-390b-4ce8-93f8-38ab5a76a8f5","signals":{"eventName":{"String":"affinityUp"},"affinityUp":{"String":"camille"},"parent":"79bb044b-e3e9-4e41-8840-10e96ce1b1d5"}},"7d16e47e-a0c0-48b3-98f0-f30c18a8afe8":{"name":"Y/N","character_uuid":"8c05e531-d7a2-4093-a743-2034016072f8","text":{"en":"","fr":"","es":"(¿Con quién me siento hoy?)"},"parent":"8dafec58-390b-4ce8-93f8-38ab5a76a8f5","choices":[{"text":{"en":"","fr":"","es":"   Delilah   "},"next":"927ee584-18b1-4f52-87a2-bbc45032f90f","parent":"7d16e47e-a0c0-48b3-98f0-f30c18a8afe8"},{"text":{"en":"","fr":"","es":"   Matthew   "},"next":"0b904e0a-622c-4578-b1e2-d8cb8c0fd0a3","parent":"7d16e47e-a0c0-48b3-98f0-f30c18a8afe8"},{"text":{"en":"","fr":"","es":"   Camille   "},"next":"94cdec7a-5eef-4b5a-b89b-14c04a52fbb5","parent":"7d16e47e-a0c0-48b3-98f0-f30c18a8afe8"},{"text":{"en":"","fr":"","es":"   Richard   "},"next":"57f78eda-66f8-49b6-b8d8-423e6226ece2","parent":"7d16e47e-a0c0-48b3-98f0-f30c18a8afe8"}]},"3f42de91-7a3c-4974-9497-8f3b2a56e083":{"name":"Matthew","character_uuid":"aee2b52c-ac9f-493d-80d3-e32f0584141b","text":{"en":"","fr":"","es":"Ah... la ranked..."},"parent":"b655ea20-0bea-4b55-9343-78eb092526bb","next":"e07f93ed-1622-4c14-b4e7-659dc81f881d","signals":{"parent":"3f42de91-7a3c-4974-9497-8f3b2a56e083","eventName":{"String":"characterExit"},"characterExit":{"String":"Delilah"}}},"2f554911-1ca5-4fd8-87cc-39c11b79e0b7":{"name":"Y/N","character_uuid":"8c05e531-d7a2-4093-a743-2034016072f8","text":{"en":"","fr":"","es":"*Me acerco  a Camille y Richard*"},"next":"2dccdf91-b201-45a3-8cf2-ba659fdf5c84","parent":"0d936dc5-4b02-4560-b8a2-f13b4bbb8969","signals":{"eventName":{"String":"everyoneExit"},"parent":"2f554911-1ca5-4fd8-87cc-39c11b79e0b7"}},"60c3cfc2-b312-4a71-b847-ededfac4db1f":{"name":"Delilah","character_uuid":"46e24c71-186e-4df5-9a9b-8b83461d3a92","text":{"en":"","fr":"","es":"Guiko esta un poco estresado del vuelo aún"},"parent":"ba888431-0717-4440-944f-62551af1eb59","next":"0a8097b4-89f2-4fa5-a5fc-00dfb24f4e91","signals":{"eventName":{"String":"characterExit"},"characterExit":{"String":"matthew"},"parent":"60c3cfc2-b312-4a71-b847-ededfac4db1f"}},"0a8097b4-89f2-4fa5-a5fc-00dfb24f4e91":{"name":"Delilah","character_uuid":"46e24c71-186e-4df5-9a9b-8b83461d3a92","text":{"en":"","fr":"","es":"¡Pero se está acostumbrando poco a poco!"},"parent":"60c3cfc2-b312-4a71-b847-ededfac4db1f","next":"a807dc64-04de-4314-b84d-de88a0a3c041","signals":{"eventName":{"String":"affinityUp"},"affinityUp":{"String":"delilah"},"parent":"0a8097b4-89f2-4fa5-a5fc-00dfb24f4e91"}},"e07f93ed-1622-4c14-b4e7-659dc81f881d":{"name":"Matthew","character_uuid":"aee2b52c-ac9f-493d-80d3-e32f0584141b","text":{"en":"","fr":"","es":"Pierdo  porque el toplaner no para de morir"},"parent":"3f42de91-7a3c-4974-9497-8f3b2a56e083","next":"e67ff4bb-7867-4d07-803d-830df47fa829"},"2dccdf91-b201-45a3-8cf2-ba659fdf5c84":{"name":"Y/N","character_uuid":"8c05e531-d7a2-4093-a743-2034016072f8","text":{"en":"","fr":"","es":"*Estan los dos muy concentrados*"},"parent":"2f554911-1ca5-4fd8-87cc-39c11b79e0b7","choices":[{"text":{"en":"","fr":"","es":"   ¿Qué miras, Camille?   "},"next":"45f1332a-f841-40ea-8f5c-71b62e9ad05c","parent":"2dccdf91-b201-45a3-8cf2-ba659fdf5c84"},{"text":{"en":"","fr":"","es":"   ¿Qué estas leyendo, Richard?   "},"next":"380064a3-2743-4181-af70-ada80fd7b8bb","parent":"2dccdf91-b201-45a3-8cf2-ba659fdf5c84"}]},"a807dc64-04de-4314-b84d-de88a0a3c041":{"name":"Y/N","character_uuid":"8c05e531-d7a2-4093-a743-2034016072f8","text":{"en":"","fr":"","es":"(Delilah parece contenta)"},"parent":"0a8097b4-89f2-4fa5-a5fc-00dfb24f4e91","next":"2340ed6e-4e56-429e-8e4a-47ceeb3ede69"},"45f1332a-f841-40ea-8f5c-71b62e9ad05c":{"name":"Camille","character_uuid":"2459fb62-fca4-4c9a-b38d-1f868103de0d","text":{"en":"","fr":"","es":"¿Hmm? ah rien"},"parent":"e9defcd1-e0f1-4caa-9eb5-397834579d7a","next":"44d2d2bc-5d39-4d48-9b74-d1aa909c3baa","signals":{"eventName":{"String":"characterEnter"},"characterEnter":{"String":"camille"},"parent":"45f1332a-f841-40ea-8f5c-71b62e9ad05c"}},"380064a3-2743-4181-af70-ada80fd7b8bb":{"name":"Richard","character_uuid":"f69f8c71-d246-4a25-a343-48ef9efe33af","text":{"en":"","fr":"","es":"¡¿Eh?!"},"parent":"bbddbe67-e82c-4d8d-aea5-1af7643c7fb8","next":"6202768a-d32c-428f-a9c0-dac9802a405b","signals":{"eventName":{"String":"characterEnter"},"characterEnter":{"String":"Richard"},"parent":"380064a3-2743-4181-af70-ada80fd7b8bb"}},"6202768a-d32c-428f-a9c0-dac9802a405b":{"name":"Richard","character_uuid":"f69f8c71-d246-4a25-a343-48ef9efe33af","text":{"en":"","fr":"","es":"No nada... estaba... estudiando..."},"parent":"380064a3-2743-4181-af70-ada80fd7b8bb","next":"0e52f33a-ebb0-43bc-9a00-9e56dd733743"},"44d2d2bc-5d39-4d48-9b74-d1aa909c3baa":{"name":"Camille","character_uuid":"2459fb62-fca4-4c9a-b38d-1f868103de0d","text":{"en":"","fr":"","es":"ne t'inquiète pas, chèri"},"parent":"45f1332a-f841-40ea-8f5c-71b62e9ad05c","next":"79bb044b-e3e9-4e41-8840-10e96ce1b1d5"},"2340ed6e-4e56-429e-8e4a-47ceeb3ede69":{"name":"Y/N","character_uuid":"8c05e531-d7a2-4093-a743-2034016072f8","text":{"en":"","fr":"","es":"*Los otros dos siguen centrados en lo suyo*"},"parent":"a807dc64-04de-4314-b84d-de88a0a3c041","next":"8dafec58-390b-4ce8-93f8-38ab5a76a8f5"},"57f78eda-66f8-49b6-b8d8-423e6226ece2":{"name":"Y/N","character_uuid":"8c05e531-d7a2-4093-a743-2034016072f8","text":{"en":"","fr":"","es":"*Me siento al lado de Richard, él rapidamente esconde lo que estaba leyendo*"},"parent":"32405aa8-b245-4c92-a940-137edc687165","next":"c441713f-b08c-4302-b554-7e2b06d7ee0e","signals":{"parent":"57f78eda-66f8-49b6-b8d8-423e6226ece2","eventName":{"String":"characterEnter"},"characterEnter":{"String":"richard"}}},"94cdec7a-5eef-4b5a-b89b-14c04a52fbb5":{"name":"Y/N","character_uuid":"8c05e531-d7a2-4093-a743-2034016072f8","text":{"en":"","fr":"","es":"*Me siento al lado de Camille, ella ni se inmuta ante mi presencia*"},"next":"65a57bc2-d979-41eb-8a85-e86a45c63665","parent":"68e1af79-8780-4541-af6e-232b1c734c92","signals":{"parent":"94cdec7a-5eef-4b5a-b89b-14c04a52fbb5","eventName":{"String":"characterEnter"},"characterEnter":{"String":"camille"}}},"0b904e0a-622c-4578-b1e2-d8cb8c0fd0a3":{"name":"Y/N","character_uuid":"8c05e531-d7a2-4093-a743-2034016072f8","text":{"en":"","fr":"","es":"*Me siento al lado de Matthew y chocamos puños*"},"parent":"2f2d038c-7ca1-4f4d-9e6e-0d932ece7451","next":"a8427f65-d75e-452a-9ad1-8b66dba06409","signals":{"parent":"0b904e0a-622c-4578-b1e2-d8cb8c0fd0a3","eventName":{"String":"characterEnter"},"characterEnter":{"String":"matthew"}}},"927ee584-18b1-4f52-87a2-bbc45032f90f":{"name":"Y/N","character_uuid":"8c05e531-d7a2-4093-a743-2034016072f8","text":{"en":"","fr":"","es":"*Me siento al lado de Delilah, ella me sonríe calidamente*"},"parent":"da2ba543-f10a-44ea-ae5b-6a79cd807475","next":"8c3b6d84-e0ce-4c93-b48b-4ea3362db417","signals":{"parent":"927ee584-18b1-4f52-87a2-bbc45032f90f","eventName":{"String":"characterEnter"},"characterEnter":{"String":"delilah"}}},"8c3b6d84-e0ce-4c93-b48b-4ea3362db417":{"name":"Y/N","character_uuid":"8c05e531-d7a2-4093-a743-2034016072f8","text":{"en":"","fr":"","es":"*La clase pasa sin problema, Delilah y yo nos ayudamos mutuamente*"},"parent":"927ee584-18b1-4f52-87a2-bbc45032f90f","next":"f3ec9ce1-f4be-40f9-95d3-9740e7b9e66f","signals":{"eventName":{"String":"affinityUp"},"affinityUp":{"String":"delilah"},"parent":"8c3b6d84-e0ce-4c93-b48b-4ea3362db417"}},"a8427f65-d75e-452a-9ad1-8b66dba06409":{"name":"Y/N","character_uuid":"8c05e531-d7a2-4093-a743-2034016072f8","text":{"en":"","fr":"","es":"*Soy la unica persona que atiende en mi mesa, Matthew ha hecho la torre de lápices más grande del mundo*"},"parent":"0b904e0a-622c-4578-b1e2-d8cb8c0fd0a3","next":"f3ec9ce1-f4be-40f9-95d3-9740e7b9e66f","signals":{"eventName":{"String":"affinityUp"},"affinityUp":{"String":"matthew"},"parent":"a8427f65-d75e-452a-9ad1-8b66dba06409"}},"65a57bc2-d979-41eb-8a85-e86a45c63665":{"name":"Y/N","character_uuid":"8c05e531-d7a2-4093-a743-2034016072f8","text":{"en":"","fr":"","es":"*Ambos atendemos a la clase sin interactuar directamente, pero ella me presta la goma cuando pierdo la mia*"},"parent":"94cdec7a-5eef-4b5a-b89b-14c04a52fbb5","next":"f3ec9ce1-f4be-40f9-95d3-9740e7b9e66f","signals":{"eventName":{"String":"affinityUp"},"affinityUp":{"String":"camille"},"parent":"65a57bc2-d979-41eb-8a85-e86a45c63665"}},"c441713f-b08c-4302-b554-7e2b06d7ee0e":{"name":"Y/N","character_uuid":"8c05e531-d7a2-4093-a743-2034016072f8","text":{"en":"","fr":"","es":"*Mientras yo intento seguir la clase, Richard no para de preguntarle cosas al profesor*"},"parent":"57f78eda-66f8-49b6-b8d8-423e6226ece2","next":"f3ec9ce1-f4be-40f9-95d3-9740e7b9e66f","signals":{"eventName":{"String":"affinityUp"},"affinityUp":{"String":"richard"},"parent":"c441713f-b08c-4302-b554-7e2b06d7ee0e"}},"f3ec9ce1-f4be-40f9-95d3-9740e7b9e66f":{"name":"Y/N","character_uuid":"8c05e531-d7a2-4093-a743-2034016072f8","text":{"en":"","fr":"","es":"*Al acabar la clase todos salen por su cuenta*"},"parent":"c441713f-b08c-4302-b554-7e2b06d7ee0e","next":"3d263476-4b21-441a-b95e-457d393a6baa","signals":{"eventName":{"String":"everyoneExit"},"parent":"f3ec9ce1-f4be-40f9-95d3-9740e7b9e66f"}},"3d263476-4b21-441a-b95e-457d393a6baa":{"name":"Y/N","character_uuid":"8c05e531-d7a2-4093-a743-2034016072f8","text":{"en":"","fr":"","es":" *Necesito un descansito*"},"parent":"f3ec9ce1-f4be-40f9-95d3-9740e7b9e66f","signals":{"eventName":{"String":"changeBg"},"changeBg":{"String":"pasillo"},"parent":"3d263476-4b21-441a-b95e-457d393a6baa"},"next":"2a563ffb-dbad-4cfa-9aef-10b48dac3fa1"},"08e171af-a223-4a05-a2bc-a86d19ed5786":{"name":"Y/N","character_uuid":"8c05e531-d7a2-4093-a743-2034016072f8","text":{"en":"","fr":"","es":"*Me despierto un nuevo día, me preparo y voy a clase*"},"parent":"root","signals":{"parent":"08e171af-a223-4a05-a2bc-a86d19ed5786","eventName":{"String":"changeBg"},"changeBg":{"String":"clase"}},"next":"af7c7cdd-68e9-40f7-8d56-e9804cbb10f8"},"af7c7cdd-68e9-40f7-8d56-e9804cbb10f8":{"name":"Y/N","character_uuid":"8c05e531-d7a2-4093-a743-2034016072f8","text":{"en":"","fr":"","es":"(Entro en clase tranquilamente)"},"parent":"08e171af-a223-4a05-a2bc-a86d19ed5786","next":"f63e99c5-047b-4b23-b1aa-f9a22d4cc042","signals":{"eventName":{"String":"characterEnter"},"characterEnter":{"String":"delilah"},"parent":"af7c7cdd-68e9-40f7-8d56-e9804cbb10f8"}},"2a563ffb-dbad-4cfa-9aef-10b48dac3fa1":{"name":"Y/N","character_uuid":"8c05e531-d7a2-4093-a743-2034016072f8","text":{"en":"","fr":"","es":"    "},"parent":"3d263476-4b21-441a-b95e-457d393a6baa","next":"bd1af65b-4f13-49e8-98ce-15e14c445981","signals":{"parent":"2a563ffb-dbad-4cfa-9aef-10b48dac3fa1","eventName":{"String":"changeBg"},"changeBg":{"String":"fondo_negro"}}},"bd1af65b-4f13-49e8-98ce-15e14c445981":{"name":"Y/N","character_uuid":"8c05e531-d7a2-4093-a743-2034016072f8","text":{"en":"","fr":"","es":"   "},"parent":"2a563ffb-dbad-4cfa-9aef-10b48dac3fa1"},"root":{"next":"08e171af-a223-4a05-a2bc-a86d19ed5786"},"__editor":{"root":{"uuid":"root","offset":[-800,80]},"dialogues":[{"uuid":"f63e99c5-047b-4b23-b1aa-f9a22d4cc042","offset":[280,-40],"parent":"root"},{"uuid":"6f659239-772e-4bd7-a663-19647a765627","offset":[720,-40]},{"uuid":"721fa8b6-7ad6-4f8d-8eae-ac43eb17c88c","offset":[1140,-40]},{"uuid":"a8989e6a-3ba7-4dcb-8f53-04cffb54d13d","offset":[1560,-40]},{"uuid":"9c39801a-3ea3-4a03-a322-1169633c81ab","offset":[2000,-20]},{"uuid":"e67ff4bb-7867-4d07-803d-830df47fa829","offset":[3940,-800]},{"uuid":"8dafec58-390b-4ce8-93f8-38ab5a76a8f5","offset":[6000,-760]},{"uuid":"0e52f33a-ebb0-43bc-9a00-9e56dd733743","offset":[5320,-40]},{"uuid":"79bb044b-e3e9-4e41-8840-10e96ce1b1d5","offset":[5340,-520]},{"uuid":"7d16e47e-a0c0-48b3-98f0-f30c18a8afe8","offset":[6500,-760]},{"uuid":"3f42de91-7a3c-4974-9497-8f3b2a56e083","offset":[2960,-920]},{"uuid":"2f554911-1ca5-4fd8-87cc-39c11b79e0b7","offset":[3000,-160]},{"uuid":"60c3cfc2-b312-4a71-b847-ededfac4db1f","offset":[2960,-1500]},{"uuid":"0a8097b4-89f2-4fa5-a5fc-00dfb24f4e91","offset":[3420,-1520]},{"uuid":"e07f93ed-1622-4c14-b4e7-659dc81f881d","offset":[3460,-780]},{"uuid":"2dccdf91-b201-45a3-8cf2-ba659fdf5c84","offset":[3440,-160]},{"uuid":"a807dc64-04de-4314-b84d-de88a0a3c041","offset":[3920,-1520]},{"uuid":"45f1332a-f841-40ea-8f5c-71b62e9ad05c","offset":[4460,-520]},{"uuid":"380064a3-2743-4181-af70-ada80fd7b8bb","offset":[4440,-20]},{"uuid":"6202768a-d32c-428f-a9c0-dac9802a405b","offset":[4880,-40]},{"uuid":"44d2d2bc-5d39-4d48-9b74-d1aa909c3baa","offset":[4920,-520]},{"uuid":"2340ed6e-4e56-429e-8e4a-47ceeb3ede69","offset":[4900,-1320]},{"uuid":"57f78eda-66f8-49b6-b8d8-423e6226ece2","offset":[7360,340]},{"uuid":"94cdec7a-5eef-4b5a-b89b-14c04a52fbb5","offset":[7360,-360]},{"uuid":"0b904e0a-622c-4578-b1e2-d8cb8c0fd0a3","offset":[7400,-1040]},{"uuid":"927ee584-18b1-4f52-87a2-bbc45032f90f","offset":[7420,-1680]},{"uuid":"8c3b6d84-e0ce-4c93-b48b-4ea3362db417","offset":[7840,-1720]},{"uuid":"a8427f65-d75e-452a-9ad1-8b66dba06409","offset":[7860,-1000]},{"uuid":"65a57bc2-d979-41eb-8a85-e86a45c63665","offset":[7800,-300]},{"uuid":"c441713f-b08c-4302-b554-7e2b06d7ee0e","offset":[7800,360]},{"uuid":"f3ec9ce1-f4be-40f9-95d3-9740e7b9e66f","offset":[8700,-560]},{"uuid":"3d263476-4b21-441a-b95e-457d393a6baa","offset":[9200,-560]},{"uuid":"08e171af-a223-4a05-a2bc-a86d19ed5786","offset":[-540,-40],"parent":"root"},{"uuid":"af7c7cdd-68e9-40f7-8d56-e9804cbb10f8","offset":[-120,-40]},{"uuid":"2a563ffb-dbad-4cfa-9aef-10b48dac3fa1","offset":[9640,-440]},{"uuid":"bd1af65b-4f13-49e8-98ce-15e14c445981","offset":[10120,-440]}],"conditions":[],"signals":[{"uuid":"66b509fb-23fc-42f2-a741-1aaee3046280","offset":[740,360],"parent":"f63e99c5-047b-4b23-b1aa-f9a22d4cc042"},{"uuid":"af3401db-def9-4760-904e-96b5470255d3","offset":[6420,-360],"parent":"8dafec58-390b-4ce8-93f8-38ab5a76a8f5"},{"uuid":"7e25ee69-1e27-42a0-846f-015f8f7247e3","offset":[3440,-1100],"parent":"3f42de91-7a3c-4974-9497-8f3b2a56e083","data":{"parent":"3f42de91-7a3c-4974-9497-8f3b2a56e083","eventName":{"String":"characterExit"},"characterExit":{"String":"Delilah"}}},{"uuid":"9682cef8-4e85-4d38-bea8-688346bfc19c","offset":[3340,240],"parent":"2f554911-1ca5-4fd8-87cc-39c11b79e0b7","data":{"eventName":{"String":"everyoneExit"},"parent":"2f554911-1ca5-4fd8-87cc-39c11b79e0b7"}},{"uuid":"1bbf3c6e-7edf-49b6-8591-94fcb1779fc7","offset":[3420,-1860],"parent":"60c3cfc2-b312-4a71-b847-ededfac4db1f","data":{"eventName":{"String":"characterExit"},"characterExit":{"String":"matthew"},"parent":"60c3cfc2-b312-4a71-b847-ededfac4db1f"}},{"uuid":"db15fedc-a082-47a9-86be-99cf84043e86","offset":[3900,-1860],"parent":"0a8097b4-89f2-4fa5-a5fc-00dfb24f4e91"},{"uuid":"d249ad43-1413-429c-9647-1f715161e41d","offset":[4820,-880],"parent":"45f1332a-f841-40ea-8f5c-71b62e9ad05c","data":{"eventName":{"String":"characterEnter"},"characterEnter":{"String":"camille"},"parent":"45f1332a-f841-40ea-8f5c-71b62e9ad05c"}},{"uuid":"0cb1e7ef-1b74-405c-a695-768ce669f113","offset":[4780,360],"parent":"380064a3-2743-4181-af70-ada80fd7b8bb","data":{"eventName":{"String":"characterEnter"},"characterEnter":{"String":"Richard"},"parent":"380064a3-2743-4181-af70-ada80fd7b8bb"}},{"uuid":"de71dfd8-36ca-4417-96e3-14930ff7fa00","offset":[7520,40],"parent":"57f78eda-66f8-49b6-b8d8-423e6226ece2","data":{"parent":"57f78eda-66f8-49b6-b8d8-423e6226ece2","eventName":{"String":"characterEnter"},"characterEnter":{"String":"richard"}}},{"uuid":"d4327c0c-53e7-41c2-ac0d-4073a220d499","offset":[7680,-620],"parent":"94cdec7a-5eef-4b5a-b89b-14c04a52fbb5","data":{"parent":"94cdec7a-5eef-4b5a-b89b-14c04a52fbb5","eventName":{"String":"characterEnter"},"characterEnter":{"String":"camille"}}},{"uuid":"bf0fe787-29e9-40db-aba8-769619732370","offset":[7840,-1340],"parent":"0b904e0a-622c-4578-b1e2-d8cb8c0fd0a3","data":{"parent":"0b904e0a-622c-4578-b1e2-d8cb8c0fd0a3","eventName":{"String":"characterEnter"},"characterEnter":{"String":"matthew"}}},{"uuid":"431bd988-4fff-448b-871e-3a16f75f7eeb","offset":[7840,-2040],"parent":"927ee584-18b1-4f52-87a2-bbc45032f90f","data":{"parent":"927ee584-18b1-4f52-87a2-bbc45032f90f","eventName":{"String":"characterEnter"},"characterEnter":{"String":"delilah"}}},{"uuid":"af2eb360-68cb-4caf-b2bd-7cba2e80c75a","offset":[8260,-1800],"parent":"8c3b6d84-e0ce-4c93-b48b-4ea3362db417"},{"uuid":"d8f8f102-6237-40d0-9e2f-26c49b56f38e","offset":[8280,-980],"parent":"a8427f65-d75e-452a-9ad1-8b66dba06409"},{"uuid":"8ea91161-4944-4858-bda5-c5442003fe19","offset":[8200,-520],"parent":"65a57bc2-d979-41eb-8a85-e86a45c63665"},{"uuid":"c427d758-81cd-430a-85e6-54dc2e047f89","offset":[8180,100],"parent":"c441713f-b08c-4302-b554-7e2b06d7ee0e"},{"uuid":"23e3ae03-f592-48c5-9a35-9fdc0902eb90","offset":[9040,-120],"parent":"f3ec9ce1-f4be-40f9-95d3-9740e7b9e66f"},{"uuid":"2178bd3d-0b93-4da5-867d-ac9579d67cf3","offset":[9640,-780],"parent":"3d263476-4b21-441a-b95e-457d393a6baa"},{"uuid":"54a98e79-ecde-4314-a4bd-d3a1331cd378","offset":[-120,-420],"parent":"08e171af-a223-4a05-a2bc-a86d19ed5786"},{"uuid":"cc6e570a-9c3c-4018-a792-c34784144236","offset":[280,360],"parent":"af7c7cdd-68e9-40f7-8d56-e9804cbb10f8"},{"uuid":"fbf506d4-167a-41da-81b5-536bc39b4aed","offset":[10120,-780],"parent":"2a563ffb-dbad-4cfa-9aef-10b48dac3fa1"},{"uuid":"6c8eaffc-9329-44d2-bc3a-af211c0b61ba","offset":[3940,-1120],"parent":"e67ff4bb-7867-4d07-803d-830df47fa829"},{"uuid":"d4a237d5-b080-42b9-a942-eea1290ec4db","offset":[5480,340],"parent":"0e52f33a-ebb0-43bc-9a00-9e56dd733743"},{"uuid":"a4bf0aca-1c77-463a-8cc4-2c3fea99138d","offset":[5380,-880],"parent":"79bb044b-e3e9-4e41-8840-10e96ce1b1d5"}],"choices":[{"uuid":"ba888431-0717-4440-944f-62551af1eb59","offset":[2560,-1200],"parent":"9c39801a-3ea3-4a03-a322-1169633c81ab"},{"uuid":"b655ea20-0bea-4b55-9343-78eb092526bb","offset":[2560,-740],"parent":"9c39801a-3ea3-4a03-a322-1169633c81ab"},{"uuid":"0d936dc5-4b02-4560-b8a2-f13b4bbb8969","offset":[2560,-240],"parent":"9c39801a-3ea3-4a03-a322-1169633c81ab"},{"uuid":"da2ba543-f10a-44ea-ae5b-6a79cd807475","offset":[7000,-1340],"parent":"7d16e47e-a0c0-48b3-98f0-f30c18a8afe8"},{"uuid":"2f2d038c-7ca1-4f4d-9e6e-0d932ece7451","offset":[7000,-960],"parent":"7d16e47e-a0c0-48b3-98f0-f30c18a8afe8"},{"uuid":"68e1af79-8780-4541-af6e-232b1c734c92","offset":[7000,-560],"parent":"7d16e47e-a0c0-48b3-98f0-f30c18a8afe8"},{"uuid":"32405aa8-b245-4c92-a940-137edc687165","offset":[7000,0],"parent":"7d16e47e-a0c0-48b3-98f0-f30c18a8afe8"},{"uuid":"e9defcd1-e0f1-4caa-9eb5-397834579d7a","offset":[4000,-400],"parent":"2dccdf91-b201-45a3-8cf2-ba659fdf5c84"},{"uuid":"bbddbe67-e82c-4d8d-aea5-1af7643c7fb8","offset":[4000,-40],"parent":"2dccdf91-b201-45a3-8cf2-ba659fdf5c84"}]}}