{"ea1bd45c-a1f4-4f0e-a196-3ab89b788759":{"name":"Y/N","character_uuid":"8c05e531-d7a2-4093-a743-2034016072f8","text":{"en":"","fr":"","es":"(Otro día más, otra reunión más...)"},"parent":"root","next":"464375dd-72f2-441d-956d-aff204411a15","signals":{"eventName":{"String":"changeBg"},"changeBg":{"String":"pasillo"},"parent":"ea1bd45c-a1f4-4f0e-a196-3ab89b788759"}},"464375dd-72f2-441d-956d-aff204411a15":{"name":"Y/N","character_uuid":"8c05e531-d7a2-4093-a743-2034016072f8","text":{"en":"","fr":"","es":"(Espero que sea una buena reunión la de hoy...)"},"parent":"ea1bd45c-a1f4-4f0e-a196-3ab89b788759","next":"725d56a9-6305-4e25-84f6-3fb61f8f6dc9"},"725d56a9-6305-4e25-84f6-3fb61f8f6dc9":{"name":"Y/N","character_uuid":"8c05e531-d7a2-4093-a743-2034016072f8","text":{"en":"","fr":"","es":"(Ah, en fin, allá vamos)"},"parent":"3b5bc8b8-24ae-413c-b128-aca0c4aa597d","choices":[{"text":{"en":"","fr":"","es":"   Entrar en el aula   "},"next":"3dbac6f5-b955-4f5d-b50d-e0912befb6c5","parent":"725d56a9-6305-4e25-84f6-3fb61f8f6dc9"},{"text":{"en":"","fr":"","es":"   Esperar fuera   "},"next":"61443366-1218-4234-9bcc-234938d9ce42","parent":"725d56a9-6305-4e25-84f6-3fb61f8f6dc9"}]},"61443366-1218-4234-9bcc-234938d9ce42":{"name":"Y/N","character_uuid":"8c05e531-d7a2-4093-a743-2034016072f8","text":{"en":"","fr":"","es":"(...)"},"parent":"b397a59d-f1e6-42c4-a2e9-5e7b1d98a6e1","next":"3b5bc8b8-24ae-413c-b128-aca0c4aa597d"},"3b5bc8b8-24ae-413c-b128-aca0c4aa597d":{"name":"Y/N","character_uuid":"8c05e531-d7a2-4093-a743-2034016072f8","text":{"en":"","fr":"","es":"(UGH)"},"parent":"61443366-1218-4234-9bcc-234938d9ce42","next":"725d56a9-6305-4e25-84f6-3fb61f8f6dc9"},"3dbac6f5-b955-4f5d-b50d-e0912befb6c5":{"name":"Y/N","character_uuid":"8c05e531-d7a2-4093-a743-2034016072f8","text":{"en":"","fr":"","es":"(Camino hacia la puerta y entro)"},"parent":"877a961a-06bf-4899-837c-ecae34bffa36","next":"210de3b5-c3d7-483b-abb9-94fbd90ce9de","signals":{"eventName":{"String":"changeBg"},"parent":"3dbac6f5-b955-4f5d-b50d-e0912befb6c5","changeBg":{"String":"clase"}}},"210de3b5-c3d7-483b-abb9-94fbd90ce9de":{"name":"Y/N","character_uuid":"8c05e531-d7a2-4093-a743-2034016072f8","text":{"en":"","fr":"","es":"(Me encuentro a los cuatro como esta mañana, cada uno a lo suyo)"},"parent":"3dbac6f5-b955-4f5d-b50d-e0912befb6c5","next":"d539821f-4272-4abe-826d-5db124205dc8","signals":{"parent":"210de3b5-c3d7-483b-abb9-94fbd90ce9de","eventName":{"String":"everyoneEnter"}}},"d539821f-4272-4abe-826d-5db124205dc8":{"name":"Y/N","character_uuid":"8c05e531-d7a2-4093-a743-2034016072f8","text":{"en":"","fr":"","es":"(Me acerco a ellos)"},"parent":"210de3b5-c3d7-483b-abb9-94fbd90ce9de","choices":[{"text":{"en":"","fr":"","es":"   Esperar a que se percaten de mi presencia   "},"next":"97703e26-fc84-4e6f-8a92-df79c0083399","parent":"d539821f-4272-4abe-826d-5db124205dc8"},{"text":{"en":"","fr":"","es":"   Saludar para llamar su atencion   "},"next":"87e9be65-9bfb-4d3d-995e-a5519bef6c76","parent":"d539821f-4272-4abe-826d-5db124205dc8"}]},"97703e26-fc84-4e6f-8a92-df79c0083399":{"name":"Y/N","character_uuid":"8c05e531-d7a2-4093-a743-2034016072f8","text":{"en":"","fr":"","es":"(...)"},"parent":"def9e3d1-a739-48fd-b2e8-675717dc3214","next":"72e1c706-62dc-44eb-aee5-13bafe19f819"},"0b8a58d1-157e-4eb0-bc65-72dc3699735a":{"name":"Y/N","character_uuid":"8c05e531-d7a2-4093-a743-2034016072f8","text":{"en":"","fr":"","es":"(La gente se gira hacia mi... por fín)"},"next":"aecc37f9-4da2-463a-ba4c-e798bb8a1b8a","parent":"2e65e6a1-9e46-4663-bc5a-f06a5c0aca70"},"72e1c706-62dc-44eb-aee5-13bafe19f819":{"name":"Y/N","character_uuid":"8c05e531-d7a2-4093-a743-2034016072f8","text":{"en":"","fr":"","es":"(...)"},"parent":"97703e26-fc84-4e6f-8a92-df79c0083399","next":"b8c1c790-75fd-4cf4-820b-dc5904ac8580"},"87e9be65-9bfb-4d3d-995e-a5519bef6c76":{"name":"Y/N","character_uuid":"8c05e531-d7a2-4093-a743-2034016072f8","text":{"en":"","fr":"","es":"Holaaaaaa"},"parent":"3edaf9ac-c476-464b-95ba-4aef8c3f5941","next":"540ff5f6-d848-4fdb-841e-02f9dc2dc13f"},"f01c90d0-c01a-4934-a1d8-90c3d2d64964":{"name":"Y/N","character_uuid":"8c05e531-d7a2-4093-a743-2034016072f8","text":{"en":"","fr":"","es":"(... en fin)"},"parent":"540ff5f6-d848-4fdb-841e-02f9dc2dc13f","next":"aecc37f9-4da2-463a-ba4c-e798bb8a1b8a"},"540ff5f6-d848-4fdb-841e-02f9dc2dc13f":{"name":"Y/N","character_uuid":"8c05e531-d7a2-4093-a743-2034016072f8","text":{"en":"","fr":"","es":"(Los cuatro se giran hacia mi con reacciones variadas)"},"parent":"87e9be65-9bfb-4d3d-995e-a5519bef6c76","next":"f01c90d0-c01a-4934-a1d8-90c3d2d64964"},"aecc37f9-4da2-463a-ba4c-e798bb8a1b8a":{"name":"Y/N","character_uuid":"8c05e531-d7a2-4093-a743-2034016072f8","text":{"en":"","fr":"","es":"Bueno, como estamos todos ¿Por qué no compartimos cosas entre todos?"},"parent":"f01c90d0-c01a-4934-a1d8-90c3d2d64964","next":"98a60fc7-6dfa-42a5-90db-7045eb19a57e"},"b8c1c790-75fd-4cf4-820b-dc5904ac8580":{"name":"Y/N","character_uuid":"8c05e531-d7a2-4093-a743-2034016072f8","text":{"en":"","fr":"","es":"(Esto no funciona...)"},"parent":"72e1c706-62dc-44eb-aee5-13bafe19f819","next":"2e65e6a1-9e46-4663-bc5a-f06a5c0aca70"},"2e65e6a1-9e46-4663-bc5a-f06a5c0aca70":{"name":"Y/N","character_uuid":"8c05e531-d7a2-4093-a743-2034016072f8","text":{"en":"","fr":"","es":"Hola"},"parent":"b8c1c790-75fd-4cf4-820b-dc5904ac8580","next":"0b8a58d1-157e-4eb0-bc65-72dc3699735a"},"98a60fc7-6dfa-42a5-90db-7045eb19a57e":{"name":"Y/N","character_uuid":"8c05e531-d7a2-4093-a743-2034016072f8","text":{"en":"","fr":"","es":"Para conocernos mejor"},"parent":"aecc37f9-4da2-463a-ba4c-e798bb8a1b8a","next":"2f920ac8-7e2d-489e-90d8-8fb97a03656b"},"2f920ac8-7e2d-489e-90d8-8fb97a03656b":{"name":"Y/N","character_uuid":"8c05e531-d7a2-4093-a743-2034016072f8","text":{"en":"","fr":"","es":"(algunos me miran con duda...)"},"parent":"98a60fc7-6dfa-42a5-90db-7045eb19a57e","next":"6fe84686-c581-4596-af2a-f03a574f3595"},"6fe84686-c581-4596-af2a-f03a574f3595":{"name":"Y/N","character_uuid":"8c05e531-d7a2-4093-a743-2034016072f8","text":{"en":"","fr":"","es":"(Pero no todos...)"},"parent":"2f920ac8-7e2d-489e-90d8-8fb97a03656b","next":"a373cecc-a733-41e9-a5d1-dfd949716e52"},"a373cecc-a733-41e9-a5d1-dfd949716e52":{"name":"Y/N","character_uuid":"8c05e531-d7a2-4093-a743-2034016072f8","text":{"en":"","fr":"","es":"¿Quién quiere empezar?"},"parent":"6fe84686-c581-4596-af2a-f03a574f3595","next":"33fecbc7-b36e-40c8-b72e-c6faf7250f7a"},"33fecbc7-b36e-40c8-b72e-c6faf7250f7a":{"name":"Y/N","character_uuid":"8c05e531-d7a2-4093-a743-2034016072f8","text":{"en":"","fr":"","es":"(...)"},"parent":"a373cecc-a733-41e9-a5d1-dfd949716e52","next":"b1b30cde-0601-4699-8fb2-b612edab9851"},"b1b30cde-0601-4699-8fb2-b612edab9851":{"name":"Y/N","character_uuid":"8c05e531-d7a2-4093-a743-2034016072f8","text":{"en":"","fr":"","es":"(Nadie responde...)"},"parent":"33fecbc7-b36e-40c8-b72e-c6faf7250f7a","next":"9c591ab3-ac82-4df4-9de2-72ef15717abe"},"9c591ab3-ac82-4df4-9de2-72ef15717abe":{"name":"Y/N","character_uuid":"8c05e531-d7a2-4093-a743-2034016072f8","text":{"en":"","fr":"","es":"¿Por qué no empiezas tú, Matthew?"},"parent":"b1b30cde-0601-4699-8fb2-b612edab9851","next":"1c9e6b5c-0071-40ff-a63b-df4734188c36"},"1c9e6b5c-0071-40ff-a63b-df4734188c36":{"name":"Y/N","character_uuid":"8c05e531-d7a2-4093-a743-2034016072f8","text":{"en":"","fr":"","es":"(Matthew se sorprende pero asiente)"},"parent":"9c591ab3-ac82-4df4-9de2-72ef15717abe","next":"6dbd5644-21f4-4189-9957-59c460650053"},"bf85e5ed-9cd8-4a0f-b781-79d6e45559a4":{"name":"Y/N","character_uuid":"8c05e531-d7a2-4093-a743-2034016072f8","text":{"en":"","fr":"","es":"(todos le miramos sin entender nada...)"},"parent":"6dbd5644-21f4-4189-9957-59c460650053","next":"0d450b07-d9dc-4ebc-980b-52d0b7a74220"},"6dbd5644-21f4-4189-9957-59c460650053":{"name":"Matthew","character_uuid":"aee2b52c-ac9f-493d-80d3-e32f0584141b","text":{"en":"","fr":"","es":"Well, soy GrandMasters en League, main Ekko jungle"},"parent":"1c9e6b5c-0071-40ff-a63b-df4734188c36","next":"bf85e5ed-9cd8-4a0f-b781-79d6e45559a4"},"0d450b07-d9dc-4ebc-980b-52d0b7a74220":{"name":"Matthew","character_uuid":"aee2b52c-ac9f-493d-80d3-e32f0584141b","text":{"en":"","fr":"","es":"Y, soy main Reyna in Valorant"},"parent":"bf85e5ed-9cd8-4a0f-b781-79d6e45559a4","next":"4c1ca601-c623-40d8-b7ce-420493dfe9f9"},"4c1ca601-c623-40d8-b7ce-420493dfe9f9":{"name":"Y/N","character_uuid":"8c05e531-d7a2-4093-a743-2034016072f8","text":{"en":"","fr":"","es":"(Matthew parece orgulloso, bien por él)"},"parent":"0d450b07-d9dc-4ebc-980b-52d0b7a74220","next":"dd04d91c-7267-4585-9690-07b244052f0f"},"dd04d91c-7267-4585-9690-07b244052f0f":{"name":"Y/N","character_uuid":"8c05e531-d7a2-4093-a743-2034016072f8","text":{"en":"","fr":"","es":"Muy bien, muy bien ¿Quién sigue?"},"parent":"4c1ca601-c623-40d8-b7ce-420493dfe9f9","next":"98c01c6e-b599-4c08-b9be-80aaa633b21a"},"a0b07fc8-d3bf-4cf6-8923-a211b8e1241d":{"name":"Delilah","character_uuid":"46e24c71-186e-4df5-9a9b-8b83461d3a92","text":{"en":"","fr":"","es":"Me gusta mucho dibujar, sobre todo a mi ajolote Guiko"},"parent":"266094a1-8e42-4706-a05e-392d87eff115","next":"b3479742-ee7c-43a9-a97a-f9e8bb65cef5"},"266094a1-8e42-4706-a05e-392d87eff115":{"name":"Y/N","character_uuid":"8c05e531-d7a2-4093-a743-2034016072f8","text":{"en":"","fr":"","es":"¡Sí! Adelante, Delilah"},"parent":"1fd9dd26-fc85-42f7-a463-2b5506283955","next":"a0b07fc8-d3bf-4cf6-8923-a211b8e1241d"},"1fd9dd26-fc85-42f7-a463-2b5506283955":{"name":"Delilah","character_uuid":"46e24c71-186e-4df5-9a9b-8b83461d3a92","text":{"en":"","fr":"","es":"Puedo ir yo, si nadie más quiere"},"parent":"98c01c6e-b599-4c08-b9be-80aaa633b21a","next":"266094a1-8e42-4706-a05e-392d87eff115"},"98c01c6e-b599-4c08-b9be-80aaa633b21a":{"name":"Y/N","character_uuid":"8c05e531-d7a2-4093-a743-2034016072f8","text":{"en":"","fr":"","es":"(todos se quedan callados... que complicado es esto)"},"parent":"dd04d91c-7267-4585-9690-07b244052f0f","next":"1fd9dd26-fc85-42f7-a463-2b5506283955"},"b3479742-ee7c-43a9-a97a-f9e8bb65cef5":{"name":"Delilah","character_uuid":"46e24c71-186e-4df5-9a9b-8b83461d3a92","text":{"en":"","fr":"","es":"Y... ¡Ah! También hago skate"},"parent":"a0b07fc8-d3bf-4cf6-8923-a211b8e1241d","next":"d7fdbd08-fdcd-4ac8-9a80-ac4a3c1de5bd"},"f5baec76-4ffc-499a-8bb5-4d2372bf2215":{"name":"Y/N","character_uuid":"8c05e531-d7a2-4093-a743-2034016072f8","text":{"en":"","fr":"","es":"Genial ¿Por qué no sigues tú, Camille?"},"parent":"d7fdbd08-fdcd-4ac8-9a80-ac4a3c1de5bd","next":"72b96167-e449-4ea9-8d55-def8ca09d0a4"},"d7fdbd08-fdcd-4ac8-9a80-ac4a3c1de5bd":{"name":"Y/N","character_uuid":"8c05e531-d7a2-4093-a743-2034016072f8","text":{"en":"","fr":"","es":"(Delilah recibe una respuesta normal, nadie se sorprende demasiado)"},"parent":"b3479742-ee7c-43a9-a97a-f9e8bb65cef5","next":"f5baec76-4ffc-499a-8bb5-4d2372bf2215"},"72b96167-e449-4ea9-8d55-def8ca09d0a4":{"name":"Camille","character_uuid":"2459fb62-fca4-4c9a-b38d-1f868103de0d","text":{"en":"","fr":"","es":"Hm, bien, pour quoi pas"},"parent":"f5baec76-4ffc-499a-8bb5-4d2372bf2215","next":"1152f7f2-3582-4dc6-9825-533792ac97ad"},"68592579-d2e8-41fd-85cf-f3f34d22a919":{"name":"Richard","character_uuid":"f69f8c71-d246-4a25-a343-48ef9efe33af","text":{"en":"","fr":"","es":"Leo mucho"},"parent":"10bbfc0c-b557-4e96-8187-34b414857b25","next":"057d632a-cb6e-40b3-a21c-36da38953f22"},"10bbfc0c-b557-4e96-8187-34b414857b25":{"name":"Y/N","character_uuid":"8c05e531-d7a2-4093-a743-2034016072f8","text":{"en":"","fr":"","es":"(Richard me mira con pocas ganas de hablar, pero accede igualmente)"},"parent":"0bb0540c-869d-4a15-8f2a-61b98f82645c","next":"68592579-d2e8-41fd-85cf-f3f34d22a919"},"0bb0540c-869d-4a15-8f2a-61b98f82645c":{"name":"Y/N","character_uuid":"8c05e531-d7a2-4093-a743-2034016072f8","text":{"en":"","fr":"","es":"Bueno, y para terminar ¿Richard?"},"parent":"977c9e12-67c3-4145-abcf-0c85ad946be8","next":"10bbfc0c-b557-4e96-8187-34b414857b25"},"977c9e12-67c3-4145-abcf-0c85ad946be8":{"name":"Y/N","character_uuid":"8c05e531-d7a2-4093-a743-2034016072f8","text":{"en":"","fr":"","es":"(Camille recibe la misma reacción que Delilah, pero ella se ve mucho más orgullosa...)"},"parent":"7229e016-af89-4134-a29a-eb2d952529f8","next":"0bb0540c-869d-4a15-8f2a-61b98f82645c"},"7229e016-af89-4134-a29a-eb2d952529f8":{"name":"Camille","character_uuid":"2459fb62-fca4-4c9a-b38d-1f868103de0d","text":{"en":"","fr":"","es":"Además hago mis propios diseños"},"parent":"5443d6e9-d48a-4347-aeed-8893ab45ca79","next":"977c9e12-67c3-4145-abcf-0c85ad946be8"},"5443d6e9-d48a-4347-aeed-8893ab45ca79":{"name":"Camille","character_uuid":"2459fb62-fca4-4c9a-b38d-1f868103de0d","text":{"en":"","fr":"","es":"Estoy interesada en la alta costura, como podeis deducir"},"parent":"1152f7f2-3582-4dc6-9825-533792ac97ad","next":"7229e016-af89-4134-a29a-eb2d952529f8"},"1152f7f2-3582-4dc6-9825-533792ac97ad":{"name":"Y/N","character_uuid":"8c05e531-d7a2-4093-a743-2034016072f8","text":{"en":"","fr":"","es":"(...)"},"parent":"72b96167-e449-4ea9-8d55-def8ca09d0a4","next":"5443d6e9-d48a-4347-aeed-8893ab45ca79"},"057d632a-cb6e-40b3-a21c-36da38953f22":{"name":"Y/N","character_uuid":"8c05e531-d7a2-4093-a743-2034016072f8","text":{"en":"","fr":"","es":"(...)"},"parent":"68592579-d2e8-41fd-85cf-f3f34d22a919","next":"33f9edd6-4e08-4fc5-b3c0-40a07093fe26"},"33f9edd6-4e08-4fc5-b3c0-40a07093fe26":{"name":"Y/N","character_uuid":"8c05e531-d7a2-4093-a743-2034016072f8","text":{"en":"","fr":"","es":"(¿Eso es todo...?)"},"parent":"057d632a-cb6e-40b3-a21c-36da38953f22","next":"85ff04c1-b6d6-4189-b09f-b3184ab3e8cb"},"6697694d-f673-429c-a789-ca2a6d2063d4":{"name":"Y/N","character_uuid":"8c05e531-d7a2-4093-a743-2034016072f8","text":{"en":"","fr":"","es":"Buenoooo"},"parent":"4ce31e34-8077-437f-af68-2a98ff42d342","next":"f746aa04-62ac-4aa2-aaa8-fcad1413dd9d"},"4ce31e34-8077-437f-af68-2a98ff42d342":{"name":"Y/N","character_uuid":"8c05e531-d7a2-4093-a743-2034016072f8","text":{"en":"","fr":"","es":"(...)"},"next":"6697694d-f673-429c-a789-ca2a6d2063d4","parent":"c57f512b-dc0f-45c5-bd77-d78c0dbe6807"},"c57f512b-dc0f-45c5-bd77-d78c0dbe6807":{"name":"Y/N","character_uuid":"8c05e531-d7a2-4093-a743-2034016072f8","text":{"en":"","fr":"","es":"(Se ha creado un silencio incómodo)"},"parent":"3a6f3f65-aac2-4124-bbce-7d141c43a5a2","next":"4ce31e34-8077-437f-af68-2a98ff42d342"},"3a6f3f65-aac2-4124-bbce-7d141c43a5a2":{"name":"Y/N","character_uuid":"8c05e531-d7a2-4093-a743-2034016072f8","text":{"en":"","fr":"","es":"(Matthew abre los ojos cuando todos le miramos, parece que no quería decir eso en voz alta)"},"parent":"85ff04c1-b6d6-4189-b09f-b3184ab3e8cb","next":"c57f512b-dc0f-45c5-bd77-d78c0dbe6807"},"85ff04c1-b6d6-4189-b09f-b3184ab3e8cb":{"name":"Matthew","character_uuid":"aee2b52c-ac9f-493d-80d3-e32f0584141b","text":{"en":"","fr":"","es":"¿That's all? "},"parent":"33f9edd6-4e08-4fc5-b3c0-40a07093fe26","next":"3a6f3f65-aac2-4124-bbce-7d141c43a5a2"},"f746aa04-62ac-4aa2-aaa8-fcad1413dd9d":{"name":"Y/N","character_uuid":"8c05e531-d7a2-4093-a743-2034016072f8","text":{"en":"","fr":"","es":"Gracias a todos por compartirlo con el grupo"},"next":"36758e9d-dbf2-4392-8fc2-5e59815a7f4f","parent":"6697694d-f673-429c-a789-ca2a6d2063d4"},"36758e9d-dbf2-4392-8fc2-5e59815a7f4f":{"name":"Y/N","character_uuid":"8c05e531-d7a2-4093-a743-2034016072f8","text":{"en":"","fr":"","es":"(Como todas las reuniones sean asi de incómodas me va a dar algo)"},"parent":"f746aa04-62ac-4aa2-aaa8-fcad1413dd9d","next":"84576eae-10d2-47bd-af79-2e4a4d835b74"},"84576eae-10d2-47bd-af79-2e4a4d835b74":{"name":"Y/N","character_uuid":"8c05e531-d7a2-4093-a743-2034016072f8","text":{"en":"","fr":"","es":"*Todos se van*"},"parent":"36758e9d-dbf2-4392-8fc2-5e59815a7f4f","next":"5ece0ab5-189f-4348-acce-6d48aa8c6169","signals":{"eventName":{"String":"everyoneExit"},"parent":"84576eae-10d2-47bd-af79-2e4a4d835b74"}},"5ece0ab5-189f-4348-acce-6d48aa8c6169":{"name":"Y/N","character_uuid":"8c05e531-d7a2-4093-a743-2034016072f8","text":{"en":"","fr":"","es":"*Por último salgo de la clase y la cierro*"},"parent":"84576eae-10d2-47bd-af79-2e4a4d835b74","signals":{"eventName":{"String":"changeBg"},"changeBg":{"String":"fondo_negro"},"parent":"5ece0ab5-189f-4348-acce-6d48aa8c6169"},"next":"ba7285f0-b21a-4e2e-99bf-870e064e306d"},"ba7285f0-b21a-4e2e-99bf-870e064e306d":{"name":"Y/N","character_uuid":"8c05e531-d7a2-4093-a743-2034016072f8","text":{"en":"","fr":"","es":"(Ha sido un día aun más agotador... esto de mentorizar es más difícil de lo que pensaba)"},"parent":"5ece0ab5-189f-4348-acce-6d48aa8c6169"},"root":{"next":"ea1bd45c-a1f4-4f0e-a196-3ab89b788759"},"__editor":{"root":{"uuid":"root","offset":[40,100]},"dialogues":[{"uuid":"ea1bd45c-a1f4-4f0e-a196-3ab89b788759","offset":[240,-20],"parent":"root"},{"uuid":"464375dd-72f2-441d-956d-aff204411a15","offset":[640,-20]},{"uuid":"725d56a9-6305-4e25-84f6-3fb61f8f6dc9","offset":[1040,-20]},{"uuid":"61443366-1218-4234-9bcc-234938d9ce42","offset":[1600,440]},{"uuid":"3b5bc8b8-24ae-413c-b128-aca0c4aa597d","offset":[1200,440]},{"uuid":"3dbac6f5-b955-4f5d-b50d-e0912befb6c5","offset":[1860,-280]},{"uuid":"210de3b5-c3d7-483b-abb9-94fbd90ce9de","offset":[2280,-280]},{"uuid":"d539821f-4272-4abe-826d-5db124205dc8","offset":[2680,-280]},{"uuid":"97703e26-fc84-4e6f-8a92-df79c0083399","offset":[3480,-400]},{"uuid":"0b8a58d1-157e-4eb0-bc65-72dc3699735a","offset":[4280,-400]},{"uuid":"72e1c706-62dc-44eb-aee5-13bafe19f819","offset":[3880,-400]},{"uuid":"87e9be65-9bfb-4d3d-995e-a5519bef6c76","offset":[3480,0]},{"uuid":"f01c90d0-c01a-4934-a1d8-90c3d2d64964","offset":[4280,0]},{"uuid":"540ff5f6-d848-4fdb-841e-02f9dc2dc13f","offset":[3880,0]},{"uuid":"aecc37f9-4da2-463a-ba4c-e798bb8a1b8a","offset":[4700,-180]},{"uuid":"b8c1c790-75fd-4cf4-820b-dc5904ac8580","offset":[3880,-800]},{"uuid":"2e65e6a1-9e46-4663-bc5a-f06a5c0aca70","offset":[4280,-800]},{"uuid":"98a60fc7-6dfa-42a5-90db-7045eb19a57e","offset":[5080,-180]},{"uuid":"2f920ac8-7e2d-489e-90d8-8fb97a03656b","offset":[5460,-180]},{"uuid":"6fe84686-c581-4596-af2a-f03a574f3595","offset":[5840,-180]},{"uuid":"a373cecc-a733-41e9-a5d1-dfd949716e52","offset":[6220,-180]},{"uuid":"33fecbc7-b36e-40c8-b72e-c6faf7250f7a","offset":[6600,-180]},{"uuid":"b1b30cde-0601-4699-8fb2-b612edab9851","offset":[6600,180]},{"uuid":"9c591ab3-ac82-4df4-9de2-72ef15717abe","offset":[6220,180]},{"uuid":"1c9e6b5c-0071-40ff-a63b-df4734188c36","offset":[5840,180]},{"uuid":"bf85e5ed-9cd8-4a0f-b781-79d6e45559a4","offset":[5080,180]},{"uuid":"6dbd5644-21f4-4189-9957-59c460650053","offset":[5460,180]},{"uuid":"0d450b07-d9dc-4ebc-980b-52d0b7a74220","offset":[4700,180]},{"uuid":"4c1ca601-c623-40d8-b7ce-420493dfe9f9","offset":[4700,560]},{"uuid":"dd04d91c-7267-4585-9690-07b244052f0f","offset":[5080,560]},{"uuid":"a0b07fc8-d3bf-4cf6-8923-a211b8e1241d","offset":[6600,560]},{"uuid":"266094a1-8e42-4706-a05e-392d87eff115","offset":[6220,560]},{"uuid":"1fd9dd26-fc85-42f7-a463-2b5506283955","offset":[5840,560]},{"uuid":"98c01c6e-b599-4c08-b9be-80aaa633b21a","offset":[5460,560]},{"uuid":"b3479742-ee7c-43a9-a97a-f9e8bb65cef5","offset":[6600,920]},{"uuid":"f5baec76-4ffc-499a-8bb5-4d2372bf2215","offset":[5840,920]},{"uuid":"d7fdbd08-fdcd-4ac8-9a80-ac4a3c1de5bd","offset":[6220,920]},{"uuid":"72b96167-e449-4ea9-8d55-def8ca09d0a4","offset":[5460,920]},{"uuid":"68592579-d2e8-41fd-85cf-f3f34d22a919","offset":[6220,1280]},{"uuid":"10bbfc0c-b557-4e96-8187-34b414857b25","offset":[5840,1280]},{"uuid":"0bb0540c-869d-4a15-8f2a-61b98f82645c","offset":[5460,1280]},{"uuid":"977c9e12-67c3-4145-abcf-0c85ad946be8","offset":[5080,1280]},{"uuid":"7229e016-af89-4134-a29a-eb2d952529f8","offset":[4700,1280]},{"uuid":"5443d6e9-d48a-4347-aeed-8893ab45ca79","offset":[4700,920]},{"uuid":"1152f7f2-3582-4dc6-9825-533792ac97ad","offset":[5080,920]},{"uuid":"057d632a-cb6e-40b3-a21c-36da38953f22","offset":[6600,1280]},{"uuid":"33f9edd6-4e08-4fc5-b3c0-40a07093fe26","offset":[6600,1640]},{"uuid":"6697694d-f673-429c-a789-ca2a6d2063d4","offset":[4720,1640]},{"uuid":"4ce31e34-8077-437f-af68-2a98ff42d342","offset":[5100,1640]},{"uuid":"c57f512b-dc0f-45c5-bd77-d78c0dbe6807","offset":[5460,1640]},{"uuid":"3a6f3f65-aac2-4124-bbce-7d141c43a5a2","offset":[5840,1640]},{"uuid":"85ff04c1-b6d6-4189-b09f-b3184ab3e8cb","offset":[6220,1640]},{"uuid":"f746aa04-62ac-4aa2-aaa8-fcad1413dd9d","offset":[4700,2020]},{"uuid":"36758e9d-dbf2-4392-8fc2-5e59815a7f4f","offset":[5080,2020]},{"uuid":"84576eae-10d2-47bd-af79-2e4a4d835b74","offset":[5460,2020]},{"uuid":"5ece0ab5-189f-4348-acce-6d48aa8c6169","offset":[5900,2020]},{"uuid":"ba7285f0-b21a-4e2e-99bf-870e064e306d","offset":[6380,2020]}],"conditions":[],"signals":[{"uuid":"0546f057-dc50-4b69-8d71-cb3f527ee6df","offset":[640,-340],"parent":"ea1bd45c-a1f4-4f0e-a196-3ab89b788759"},{"uuid":"690adafa-0269-4d89-ac48-1f302ea3eb47","offset":[2260,-640],"parent":"3dbac6f5-b955-4f5d-b50d-e0912befb6c5","data":{"eventName":{"String":"changeBg"},"parent":"3dbac6f5-b955-4f5d-b50d-e0912befb6c5","changeBg":{"String":"clase"}}},{"uuid":"68921ddd-38f2-4286-94d9-62abe8d3b2a8","offset":[2700,100],"parent":"210de3b5-c3d7-483b-abb9-94fbd90ce9de"},{"uuid":"b7b35d94-1d66-4064-bfcb-fee78ba73114","offset":[6360,2420],"parent":"5ece0ab5-189f-4348-acce-6d48aa8c6169"},{"uuid":"6a014899-fcf3-4737-8467-eb5751383ce6","offset":[5900,2400],"parent":"84576eae-10d2-47bd-af79-2e4a4d835b74"}],"choices":[{"uuid":"877a961a-06bf-4899-837c-ecae34bffa36","offset":[1480,-180],"parent":"725d56a9-6305-4e25-84f6-3fb61f8f6dc9"},{"uuid":"b397a59d-f1e6-42c4-a2e9-5e7b1d98a6e1","offset":[1460,140],"parent":"725d56a9-6305-4e25-84f6-3fb61f8f6dc9"},{"uuid":"def9e3d1-a739-48fd-b2e8-675717dc3214","offset":[3100,-300],"parent":"d539821f-4272-4abe-826d-5db124205dc8"},{"uuid":"3edaf9ac-c476-464b-95ba-4aef8c3f5941","offset":[3100,40],"parent":"d539821f-4272-4abe-826d-5db124205dc8"}]}}