{"d9c64d93-d8ec-4d22-8f62-b1b2af4ade0f":{"name":"Y/N","character_uuid":"8c05e531-d7a2-4093-a743-2034016072f8","text":{"en":"","fr":"","es":"(LLevamos ya unos meses de curso y aún no me acostumbro a la rutina...)"},"parent":"root","next":"1dd624e9-3dce-41f5-ba02-59c9235cba70","signals":{"parent":"d9c64d93-d8ec-4d22-8f62-b1b2af4ade0f","eventName":{"String":"changeBg"},"changeBg":{"String":"clase"}}},"1dd624e9-3dce-41f5-ba02-59c9235cba70":{"name":"Y/N","character_uuid":"8c05e531-d7a2-4093-a743-2034016072f8","text":{"en":"","fr":"","es":"(A ver qué se cuentan estos)"},"parent":"d9c64d93-d8ec-4d22-8f62-b1b2af4ade0f","next":"d3e7ed11-a4ab-43dc-b1e3-ece3c1722274"},"d3e7ed11-a4ab-43dc-b1e3-ece3c1722274":{"name":"Y/N","character_uuid":"8c05e531-d7a2-4093-a743-2034016072f8","text":{"en":"","fr":"","es":"*Estan Richard y Matthew hablando en una esquina del aula*"},"parent":"1dd624e9-3dce-41f5-ba02-59c9235cba70","next":"a5af16aa-24e7-419a-90e8-08270fd5af78"},"a5af16aa-24e7-419a-90e8-08270fd5af78":{"name":"Y/N","character_uuid":"8c05e531-d7a2-4093-a743-2034016072f8","text":{"en":"","fr":"","es":"*Camille y Delilah estan cerca pero cada una a lo suyo, parece que están mirando el cuaderno de la otra*"},"parent":"d3e7ed11-a4ab-43dc-b1e3-ece3c1722274","choices":[{"text":{"en":"","fr":"","es":"   Hablar con Delilah   "},"next":"7cb74998-47c3-4855-99eb-a955ce6de593","parent":"a5af16aa-24e7-419a-90e8-08270fd5af78"},{"text":{"en":"","fr":"","es":"   Hablar con Camille   "},"next":"d8b7a410-4774-4ced-9bc8-a57e3b09dc3c","parent":"a5af16aa-24e7-419a-90e8-08270fd5af78"},{"text":{"en":"","fr":"","es":"   Interrumpir la conversacion de Richard y Matthew   "},"next":"1cebfc04-8003-4000-8e4a-4224a1fc7181","parent":"a5af16aa-24e7-419a-90e8-08270fd5af78"},{"text":{"en":"","fr":"","es":"   Escuchar la conversacion de Richard y Matthew   "},"next":"169004ef-82f4-43bd-baa2-3613a7807ec5","parent":"a5af16aa-24e7-419a-90e8-08270fd5af78"}]},"d8b7a410-4774-4ced-9bc8-a57e3b09dc3c":{"name":"Y/N","character_uuid":"8c05e531-d7a2-4093-a743-2034016072f8","text":{"en":"","fr":"","es":"¡Camille! ¿Qué te cuentas?"},"parent":"313e3911-b610-48ff-aebb-424d35c538a1","next":"8011fbc5-e834-4f58-b7eb-26789ba09556","signals":{"parent":"d8b7a410-4774-4ced-9bc8-a57e3b09dc3c","eventName":{"String":"characterEnter"},"characterEnter":{"String":"camille"}}},"7cb74998-47c3-4855-99eb-a955ce6de593":{"name":"Y/N","character_uuid":"8c05e531-d7a2-4093-a743-2034016072f8","text":{"en":"","fr":"","es":"Hola Delilah ¿Qué dibujas?"},"parent":"05927569-0807-4ceb-81a2-54f5db873a2c","next":"e4432459-00b7-4819-b409-163be0afeb1a","signals":{"eventName":{"String":"characterEnter"},"parent":"7cb74998-47c3-4855-99eb-a955ce6de593","characterEnter":{"String":"delilah"}}},"1cebfc04-8003-4000-8e4a-4224a1fc7181":{"name":"Matthew","character_uuid":"aee2b52c-ac9f-493d-80d3-e32f0584141b","text":{"en":"","fr":"","es":"Tienes que parar de usar las mismas fotos para reaccionar que yo"},"parent":"15035abe-8096-4d20-b4c7-06a742a9766d","next":"aa812dbb-2a76-45ac-a92d-502560d7cd72","signals":{"eventName":{"String":"characterEnter"},"characterEnter":{"String":"matthew"},"parent":"1cebfc04-8003-4000-8e4a-4224a1fc7181"}},"169004ef-82f4-43bd-baa2-3613a7807ec5":{"name":"Matthew","character_uuid":"aee2b52c-ac9f-493d-80d3-e32f0584141b","text":{"en":"","fr":"","es":"Tienes que parar de usar las mismas fotos para reaccionar que yo"},"parent":"395774b3-0e18-45ab-a058-ee8d3dc57f77","next":"b6c8ec0f-c15b-4fd4-aa7f-7a9d5ce59ce0","signals":{"eventName":{"String":"characterEnter"},"characterEnter":{"String":"matthew"},"parent":"169004ef-82f4-43bd-baa2-3613a7807ec5"}},"8011fbc5-e834-4f58-b7eb-26789ba09556":{"name":"Camille","character_uuid":"2459fb62-fca4-4c9a-b38d-1f868103de0d","text":{"en":"","fr":"","es":"¿Hm? ¿y/n? ¿Nunca te han dicho que es de mala educacion meterte donde no te llaman?"},"parent":"d8b7a410-4774-4ced-9bc8-a57e3b09dc3c","next":"d9fa5750-8688-4c5a-a518-437f029fd930","signals":{"eventName":{"String":"affinityUp"},"affinityUp":{"String":"camille"},"parent":"8011fbc5-e834-4f58-b7eb-26789ba09556"}},"e4432459-00b7-4819-b409-163be0afeb1a":{"name":"Delilah","character_uuid":"46e24c71-186e-4df5-9a9b-8b83461d3a92","text":{"en":"","fr":"","es":"¡Oh y/n! Me has dado un susto muy grande!"},"parent":"7cb74998-47c3-4855-99eb-a955ce6de593","next":"161fc386-a3e9-4d71-81f6-f12789fe1e88","signals":{"eventName":{"String":"affinityUp"},"affinityUp":{"String":"delilah"},"parent":"e4432459-00b7-4819-b409-163be0afeb1a"}},"aa812dbb-2a76-45ac-a92d-502560d7cd72":{"name":"Richard","character_uuid":"f69f8c71-d246-4a25-a343-48ef9efe33af","text":{"en":"","fr":"","es":"¿Y eso a qué se debe, si se puede saber?"},"parent":"1cebfc04-8003-4000-8e4a-4224a1fc7181","next":"248f8e55-6570-416f-8cfe-e7dbb3a7e3bf","signals":{"eventName":{"String":"characterEnter"},"characterEnter":{"String":"richard"},"parent":"aa812dbb-2a76-45ac-a92d-502560d7cd72"}},"b6c8ec0f-c15b-4fd4-aa7f-7a9d5ce59ce0":{"name":"Richard","character_uuid":"f69f8c71-d246-4a25-a343-48ef9efe33af","text":{"en":"","fr":"","es":"¿Y eso a qué se debe, si se puede saber?"},"parent":"169004ef-82f4-43bd-baa2-3613a7807ec5","next":"3a178d37-6456-44bf-ad50-418fc89f367a","signals":{"eventName":{"String":"characterEnter"},"characterEnter":{"String":"richard"},"parent":"b6c8ec0f-c15b-4fd4-aa7f-7a9d5ce59ce0"}},"161fc386-a3e9-4d71-81f6-f12789fe1e88":{"name":"Delilah","character_uuid":"46e24c71-186e-4df5-9a9b-8b83461d3a92","text":{"en":"","fr":"","es":"Estoy dibujando a Guiko :3"},"parent":"e4432459-00b7-4819-b409-163be0afeb1a","next":"1ee2cd24-f086-4978-a93b-891a47a4e731"},"1ee2cd24-f086-4978-a93b-891a47a4e731":{"name":"Y/N","character_uuid":"8c05e531-d7a2-4093-a743-2034016072f8","text":{"en":"","fr":"","es":"¡Oh que bonito! "},"parent":"161fc386-a3e9-4d71-81f6-f12789fe1e88","next":"0f94d2be-1a3e-4be7-879c-1eb641fa86a8"},"d9fa5750-8688-4c5a-a518-437f029fd930":{"name":"Camille","character_uuid":"2459fb62-fca4-4c9a-b38d-1f868103de0d","text":{"en":"","fr":"","es":"Afortunadamente para ti, solo por ser tú, te perdono"},"parent":"8011fbc5-e834-4f58-b7eb-26789ba09556","next":"190b91b5-0ccd-4284-be83-aee4146bfe82"},"190b91b5-0ccd-4284-be83-aee4146bfe82":{"name":"Y/N","character_uuid":"8c05e531-d7a2-4093-a743-2034016072f8","text":{"en":"","fr":"","es":"Oh... gracias... supongo"},"parent":"d9fa5750-8688-4c5a-a518-437f029fd930","next":"a380d1dc-cdc8-494e-98d5-fdc440599bab"},"c8991c02-f401-4f45-aa01-2e38e571df06":{"name":"Y/N","character_uuid":"8c05e531-d7a2-4093-a743-2034016072f8","text":{"en":"","fr":"","es":"*Ambos se giran para mirarme*"},"parent":"57888b8a-ea47-442b-a0bb-2c7a52442c49","next":"a0074cb7-0421-4ee5-a3ef-6a3d9896c928"},"248f8e55-6570-416f-8cfe-e7dbb3a7e3bf":{"name":"Matthew","character_uuid":"aee2b52c-ac9f-493d-80d3-e32f0584141b","text":{"en":"","fr":"","es":"¡No es gracioso si lo haces tú también!"},"parent":"aa812dbb-2a76-45ac-a92d-502560d7cd72","next":"57888b8a-ea47-442b-a0bb-2c7a52442c49"},"57888b8a-ea47-442b-a0bb-2c7a52442c49":{"name":"Y/N","character_uuid":"8c05e531-d7a2-4093-a743-2034016072f8","text":{"en":"","fr":"","es":"ejem..."},"parent":"248f8e55-6570-416f-8cfe-e7dbb3a7e3bf","next":"c8991c02-f401-4f45-aa01-2e38e571df06"},"a0074cb7-0421-4ee5-a3ef-6a3d9896c928":{"name":"Y/N","character_uuid":"8c05e531-d7a2-4093-a743-2034016072f8","text":{"en":"","fr":"","es":"(Richard parece aliviado...)"},"parent":"c8991c02-f401-4f45-aa01-2e38e571df06","next":"aed1f83d-7e47-4869-a97f-68f5fe8c382f","signals":{"parent":"a0074cb7-0421-4ee5-a3ef-6a3d9896c928","eventName":{"String":"affinityUp"},"affinityUp":{"String":"richard"}}},"aed1f83d-7e47-4869-a97f-68f5fe8c382f":{"name":"Y/N","character_uuid":"8c05e531-d7a2-4093-a743-2034016072f8","text":{"en":"","fr":"","es":"Dejad de pelear chicos..."},"parent":"a0074cb7-0421-4ee5-a3ef-6a3d9896c928","next":"3877cebd-90db-473a-ba30-fe64c9e55773"},"3877cebd-90db-473a-ba30-fe64c9e55773":{"name":"Y/N","character_uuid":"8c05e531-d7a2-4093-a743-2034016072f8","text":{"en":"","fr":"","es":"*... se forma un silencio incómodo...*"},"parent":"aed1f83d-7e47-4869-a97f-68f5fe8c382f","next":"4477b730-bd5f-4bf4-9649-7fda3bc234ab"},"4477b730-bd5f-4bf4-9649-7fda3bc234ab":{"name":"Y/N","character_uuid":"8c05e531-d7a2-4093-a743-2034016072f8","text":{"en":"","fr":"","es":"(Richard parece más relajado pero Matthew hace pucheros)"},"parent":"3877cebd-90db-473a-ba30-fe64c9e55773","next":"3ccc5193-cadd-478c-b934-5de313304355"},"3a178d37-6456-44bf-ad50-418fc89f367a":{"name":"Matthew","character_uuid":"aee2b52c-ac9f-493d-80d3-e32f0584141b","text":{"en":"","fr":"","es":"¡No es gracioso si lo haces tú también!"},"parent":"b6c8ec0f-c15b-4fd4-aa7f-7a9d5ce59ce0","next":"341c2080-a1fd-4fd9-9cc8-3fd4dc1b8931"},"341c2080-a1fd-4fd9-9cc8-3fd4dc1b8931":{"name":"Richard","character_uuid":"f69f8c71-d246-4a25-a343-48ef9efe33af","text":{"en":"","fr":"","es":"¡Lo usas para reirte de mi!"},"parent":"3a178d37-6456-44bf-ad50-418fc89f367a","next":"5cdd5477-6098-4975-8286-26d17c8fc0e4"},"5cdd5477-6098-4975-8286-26d17c8fc0e4":{"name":"Matthew","character_uuid":"aee2b52c-ac9f-493d-80d3-e32f0584141b","text":{"en":"","fr":"","es":"NAH NAH NAH NO WAY"},"parent":"341c2080-a1fd-4fd9-9cc8-3fd4dc1b8931","next":"c7c7ef57-87a6-4674-90b6-98004e8ebfa7"},"c7c7ef57-87a6-4674-90b6-98004e8ebfa7":{"name":"Matthew","character_uuid":"aee2b52c-ac9f-493d-80d3-e32f0584141b","text":{"en":"","fr":"","es":"¡Eso es BS!"},"parent":"5cdd5477-6098-4975-8286-26d17c8fc0e4","next":"cf39ee19-1038-40c1-beae-1fbef206d614"},"cf39ee19-1038-40c1-beae-1fbef206d614":{"name":"Richard","character_uuid":"f69f8c71-d246-4a25-a343-48ef9efe33af","text":{"en":"","fr":"","es":"Para con tu español roto, si no sabes hablarlo no sabes"},"parent":"c7c7ef57-87a6-4674-90b6-98004e8ebfa7","next":"edd9d919-0b5c-4548-8700-209c7080f3c5"},"edd9d919-0b5c-4548-8700-209c7080f3c5":{"name":"Matthew","character_uuid":"aee2b52c-ac9f-493d-80d3-e32f0584141b","text":{"en":"","fr":"","es":"???????????????????????????????????"},"parent":"cf39ee19-1038-40c1-beae-1fbef206d614","next":"4ffbc896-b0a1-47aa-9128-2d2daf40fa9e"},"4ffbc896-b0a1-47aa-9128-2d2daf40fa9e":{"name":"Matthew","character_uuid":"aee2b52c-ac9f-493d-80d3-e32f0584141b","text":{"en":"","fr":"","es":"you're crazy..."},"parent":"edd9d919-0b5c-4548-8700-209c7080f3c5","next":"24cd2112-0dd0-4c5e-bdda-ffa4780f4016"},"24cd2112-0dd0-4c5e-bdda-ffa4780f4016":{"name":"Y/N","character_uuid":"8c05e531-d7a2-4093-a743-2034016072f8","text":{"en":"","fr":"","es":"(...)"},"parent":"4ffbc896-b0a1-47aa-9128-2d2daf40fa9e","next":"3ccc5193-cadd-478c-b934-5de313304355"},"3ccc5193-cadd-478c-b934-5de313304355":{"name":"Y/N","character_uuid":"8c05e531-d7a2-4093-a743-2034016072f8","text":{"en":"","fr":"","es":"(¿Con quién debería sentarme hoy?)"},"parent":"ae52ab91-d9d9-4442-8d4a-6f05f9c0b09c","choices":[{"text":{"en":"","fr":"","es":"   Delilah   "},"next":"9660008e-76a7-41ed-99b5-fa04f7369ecf","parent":"3ccc5193-cadd-478c-b934-5de313304355"},{"text":{"en":"","fr":"","es":"   Matthew   "},"next":"0c7e987d-8111-466f-b842-77684871ec68","parent":"3ccc5193-cadd-478c-b934-5de313304355"},{"text":{"en":"","fr":"","es":"   Richard   "},"next":"ec3e7822-af60-4175-9adf-247fc417d211","parent":"3ccc5193-cadd-478c-b934-5de313304355"},{"text":{"en":"","fr":"","es":"   Camille   "},"next":"e616cebf-6f5d-4ff2-8e26-6db006fcac5b","parent":"3ccc5193-cadd-478c-b934-5de313304355"}],"signals":{"eventName":{"String":"everyoneExit"},"parent":"3ccc5193-cadd-478c-b934-5de313304355"}},"0f94d2be-1a3e-4be7-879c-1eb641fa86a8":{"name":"Delilah","character_uuid":"46e24c71-186e-4df5-9a9b-8b83461d3a92","text":{"en":"","fr":"","es":"¡mhm! :D"},"parent":"1ee2cd24-f086-4978-a93b-891a47a4e731","next":"46c32ea9-655f-469d-a70a-5c8ece15c905"},"46c32ea9-655f-469d-a70a-5c8ece15c905":{"name":"Delilah","character_uuid":"46e24c71-186e-4df5-9a9b-8b83461d3a92","text":{"en":"","fr":"","es":"¡Muchas gracias!"},"parent":"0f94d2be-1a3e-4be7-879c-1eb641fa86a8","next":"7b4e41e3-d789-4ffe-b99b-50647f4ae0b2"},"7b4e41e3-d789-4ffe-b99b-50647f4ae0b2":{"name":"Y/N","character_uuid":"8c05e531-d7a2-4093-a743-2034016072f8","text":{"en":"","fr":"","es":"*Delilah me sonríe calidamente*"},"parent":"46c32ea9-655f-469d-a70a-5c8ece15c905","conditions":[{"affValue":{"value":19,"operator":"greater","type":"int"},"charNum":{"value":1,"operator":"equal","type":"int"},"parent":"7b4e41e3-d789-4ffe-b99b-50647f4ae0b2","next":"a343d332-19ec-4f46-9b42-a03b875e8a70"},{"affValue":{"value":20,"operator":"lower","type":"int"},"charNum":{"value":1,"operator":"equal","type":"int"},"parent":"7b4e41e3-d789-4ffe-b99b-50647f4ae0b2","next":"3ccc5193-cadd-478c-b934-5de313304355"}]},"a343d332-19ec-4f46-9b42-a03b875e8a70":{"name":"Delilah","character_uuid":"46e24c71-186e-4df5-9a9b-8b83461d3a92","text":{"en":"","fr":"","es":"¡Deberías venir un día a ver a Guiko!"},"parent":"c3009aa0-f02e-48b8-b2dc-4db0c7d2c6c7","next":"da909f7f-a950-451d-ad29-f8f67c65bad7"},"da909f7f-a950-451d-ad29-f8f67c65bad7":{"name":"Y/N","character_uuid":"8c05e531-d7a2-4093-a743-2034016072f8","text":{"en":"","fr":"","es":"Lo tendré en cuenta"},"parent":"a343d332-19ec-4f46-9b42-a03b875e8a70","next":"3ccc5193-cadd-478c-b934-5de313304355"},"a380d1dc-cdc8-494e-98d5-fdc440599bab":{"name":"Camille","character_uuid":"2459fb62-fca4-4c9a-b38d-1f868103de0d","text":{"en":"","fr":"","es":"No es nada ¿Venías por algo?"},"parent":"190b91b5-0ccd-4284-be83-aee4146bfe82","next":"2fc2cca4-fe86-4acf-a006-1072fde78902"},"2fc2cca4-fe86-4acf-a006-1072fde78902":{"name":"Y/N","character_uuid":"8c05e531-d7a2-4093-a743-2034016072f8","text":{"en":"","fr":"","es":"Ah, bueno, quería ver lo que estabas haciendo"},"parent":"a380d1dc-cdc8-494e-98d5-fdc440599bab","conditions":[{"parent":"2fc2cca4-fe86-4acf-a006-1072fde78902","affValue":{"value":19,"operator":"greater","type":"int"},"charNum":{"value":0,"operator":"equal","type":"int"},"next":"5ee95668-cce2-4deb-a2a5-79d3b6aa58e0"},{"parent":"2fc2cca4-fe86-4acf-a006-1072fde78902","affValue":{"value":20,"operator":"lower","type":"int"},"charNum":{"value":0,"operator":"equal","type":"int"},"next":"b50501dc-9ced-45a7-880f-e71f8d90f477"}]},"b50501dc-9ced-45a7-880f-e71f8d90f477":{"name":"Camille","character_uuid":"2459fb62-fca4-4c9a-b38d-1f868103de0d","text":{"en":"","fr":"","es":"Hmm... Igual otro día"},"parent":"a308183d-943a-4e62-8402-ebe377044a9a","next":"3d42664b-1321-467f-80a2-163425b3156b"},"5ee95668-cce2-4deb-a2a5-79d3b6aa58e0":{"name":"Camille","character_uuid":"2459fb62-fca4-4c9a-b38d-1f868103de0d","text":{"en":"","fr":"","es":"Estoy dibujando unos borradores de diseños que vi en la MET Gala"},"parent":"8b8f535f-1ca6-42e3-a806-9831f3417af1","next":"caf8e03b-2766-4510-b03d-c9b4e93e6196"},"1054c7a3-9a4b-44eb-9b4e-a1fc0c9fb2ae":{"name":"Camille","character_uuid":"2459fb62-fca4-4c9a-b38d-1f868103de0d","text":{"en":"","fr":"","es":"Un día veras mi cuaderno entero"},"parent":"caf8e03b-2766-4510-b03d-c9b4e93e6196","next":"73e5641b-de78-4b01-a6ee-c49143f9dd4d"},"caf8e03b-2766-4510-b03d-c9b4e93e6196":{"name":"Y/N","character_uuid":"8c05e531-d7a2-4093-a743-2034016072f8","text":{"en":"","fr":"","es":"*Camille me enseña su cuaderno orgullosa*"},"parent":"5ee95668-cce2-4deb-a2a5-79d3b6aa58e0","next":"1054c7a3-9a4b-44eb-9b4e-a1fc0c9fb2ae"},"73e5641b-de78-4b01-a6ee-c49143f9dd4d":{"name":"Y/N","character_uuid":"8c05e531-d7a2-4093-a743-2034016072f8","text":{"en":"","fr":"","es":"*Camille me guiña el ojo y se acerca al profesor para hablar con él*"},"parent":"1054c7a3-9a4b-44eb-9b4e-a1fc0c9fb2ae","next":"3ccc5193-cadd-478c-b934-5de313304355"},"3d42664b-1321-467f-80a2-163425b3156b":{"name":"Camille","character_uuid":"2459fb62-fca4-4c9a-b38d-1f868103de0d","text":{"en":"","fr":"","es":"(Camille se  va para hablar con el profesor)"},"parent":"b50501dc-9ced-45a7-880f-e71f8d90f477","next":"3ccc5193-cadd-478c-b934-5de313304355"},"92851482-77fa-4d9a-a1b5-354a81a9953e":{"name":"Y/N","character_uuid":"8c05e531-d7a2-4093-a743-2034016072f8","text":{"en":"","fr":"","es":"*Atendemos a clase, pero a veces la veo dibujar de reojo*"},"parent":"e616cebf-6f5d-4ff2-8e26-6db006fcac5b","next":"358f095a-5310-4ab4-935c-4489835e4876","signals":{"eventName":{"String":"affinityUp"},"affinityUp":{"String":"camille"},"parent":"92851482-77fa-4d9a-a1b5-354a81a9953e"}},"e616cebf-6f5d-4ff2-8e26-6db006fcac5b":{"name":"Y/N","character_uuid":"8c05e531-d7a2-4093-a743-2034016072f8","text":{"en":"","fr":"","es":"*Me siento con Camille, ella me asiente cuando me siento*"},"parent":"d73adefb-1625-4cd8-9aab-e8f563f6eb91","next":"92851482-77fa-4d9a-a1b5-354a81a9953e","signals":{"eventName":{"String":"characterEnter"},"characterEnter":{"String":"camille"},"parent":"e616cebf-6f5d-4ff2-8e26-6db006fcac5b"}},"9660008e-76a7-41ed-99b5-fa04f7369ecf":{"name":"Y/N","character_uuid":"8c05e531-d7a2-4093-a743-2034016072f8","text":{"en":"","fr":"","es":"*Me siento con Delilah, ella me saluda contenta*"},"parent":"01ba5313-ddc9-45e7-9479-c0035f1cad50","next":"1664c698-1be8-4e65-98d7-f080f3e44940","signals":{"eventName":{"String":"characterEnter"},"characterEnter":{"String":"delilah"},"parent":"9660008e-76a7-41ed-99b5-fa04f7369ecf"}},"1664c698-1be8-4e65-98d7-f080f3e44940":{"name":"Y/N","character_uuid":"8c05e531-d7a2-4093-a743-2034016072f8","text":{"en":"","fr":"","es":"*Delilah no deja de dibujar monigotes en sus apuntes*"},"parent":"9660008e-76a7-41ed-99b5-fa04f7369ecf","next":"358f095a-5310-4ab4-935c-4489835e4876","signals":{"eventName":{"String":"affinityUp"},"affinityUp":{"String":"delilah"},"parent":"1664c698-1be8-4e65-98d7-f080f3e44940"}},"0c7e987d-8111-466f-b842-77684871ec68":{"name":"Y/N","character_uuid":"8c05e531-d7a2-4093-a743-2034016072f8","text":{"en":"","fr":"","es":"*Me siento con Matthew, está enfadado pero me saluda igual*"},"parent":"124771e3-77ee-47fb-af10-e8b4b02e8f53","next":"83f67f12-463d-4703-a48c-2724addca060","signals":{"parent":"0c7e987d-8111-466f-b842-77684871ec68","eventName":{"String":"characterEnter"},"characterEnter":{"String":"matthew"}}},"83f67f12-463d-4703-a48c-2724addca060":{"name":"Y/N","character_uuid":"8c05e531-d7a2-4093-a743-2034016072f8","text":{"en":"","fr":"","es":"*Con el tiempo acaba distrayendose intentando sacar el loldle*"},"parent":"0c7e987d-8111-466f-b842-77684871ec68","next":"358f095a-5310-4ab4-935c-4489835e4876","signals":{"eventName":{"String":"affinityUp"},"affinityUp":{"String":"matthew"},"parent":"83f67f12-463d-4703-a48c-2724addca060"}},"ec3e7822-af60-4175-9adf-247fc417d211":{"name":"Y/N","character_uuid":"8c05e531-d7a2-4093-a743-2034016072f8","text":{"en":"","fr":"","es":"*Me siento con Richard, él sigue leyendo tranquilo hasta que el profesor empieza la clase*"},"next":"03627bed-bede-4412-9824-5a9a4d254633","parent":"59466048-fcdf-4d5b-8091-10501a89590a","signals":{"eventName":{"String":"characterEnter"},"characterEnter":{"String":"richard"},"parent":"ec3e7822-af60-4175-9adf-247fc417d211"}},"03627bed-bede-4412-9824-5a9a4d254633":{"name":"Y/N","character_uuid":"8c05e531-d7a2-4093-a743-2034016072f8","text":{"en":"","fr":"","es":"*Entre ejercicio y ejercicio, Richard lee un poco más de su... ¿cómic?*"},"parent":"ec3e7822-af60-4175-9adf-247fc417d211","next":"358f095a-5310-4ab4-935c-4489835e4876","signals":{"eventName":{"String":"affinityUp"},"affinityUp":{"String":"richard"},"parent":"03627bed-bede-4412-9824-5a9a4d254633"}},"358f095a-5310-4ab4-935c-4489835e4876":{"name":"Y/N","character_uuid":"8c05e531-d7a2-4093-a743-2034016072f8","text":{"en":"","fr":"","es":"(Las clases ocurren como siempre... que aburriemiento)"},"parent":"03627bed-bede-4412-9824-5a9a4d254633","next":"122c5338-567f-46c3-977a-80d4ae7fb932","signals":{"eventName":{"String":"everyoneExit"},"parent":"358f095a-5310-4ab4-935c-4489835e4876"}},"122c5338-567f-46c3-977a-80d4ae7fb932":{"name":"Y/N","character_uuid":"8c05e531-d7a2-4093-a743-2034016072f8","text":{"en":"","fr":"","es":"(¡Excursión a la cafe!)"},"parent":"358f095a-5310-4ab4-935c-4489835e4876","next":"c2d16329-b6b3-43ef-ba19-c940ab569b73"},"c2d16329-b6b3-43ef-ba19-c940ab569b73":{"name":"Y/N","character_uuid":"8c05e531-d7a2-4093-a743-2034016072f8","text":{"en":"","fr":"","es":"(Me muero de hambre...)"},"parent":"122c5338-567f-46c3-977a-80d4ae7fb932"},"root":{"next":"d9c64d93-d8ec-4d22-8f62-b1b2af4ade0f"},"__editor":{"root":{"uuid":"root","offset":[40,100]},"dialogues":[{"uuid":"d9c64d93-d8ec-4d22-8f62-b1b2af4ade0f","offset":[320,-60],"parent":"root"},{"uuid":"1dd624e9-3dce-41f5-ba02-59c9235cba70","offset":[760,-60]},{"uuid":"d3e7ed11-a4ab-43dc-b1e3-ece3c1722274","offset":[1200,-60]},{"uuid":"a5af16aa-24e7-419a-90e8-08270fd5af78","offset":[1640,-40]},{"uuid":"d8b7a410-4774-4ced-9bc8-a57e3b09dc3c","offset":[2640,-420]},{"uuid":"7cb74998-47c3-4855-99eb-a955ce6de593","offset":[2640,-1140]},{"uuid":"1cebfc04-8003-4000-8e4a-4224a1fc7181","offset":[2620,400]},{"uuid":"169004ef-82f4-43bd-baa2-3613a7807ec5","offset":[2620,1000]},{"uuid":"8011fbc5-e834-4f58-b7eb-26789ba09556","offset":[3120,-320]},{"uuid":"e4432459-00b7-4819-b409-163be0afeb1a","offset":[3120,-1100]},{"uuid":"aa812dbb-2a76-45ac-a92d-502560d7cd72","offset":[3060,400]},{"uuid":"b6c8ec0f-c15b-4fd4-aa7f-7a9d5ce59ce0","offset":[3020,1000]},{"uuid":"161fc386-a3e9-4d71-81f6-f12789fe1e88","offset":[3580,-1100]},{"uuid":"1ee2cd24-f086-4978-a93b-891a47a4e731","offset":[4020,-1100]},{"uuid":"d9fa5750-8688-4c5a-a518-437f029fd930","offset":[3580,-360]},{"uuid":"190b91b5-0ccd-4284-be83-aee4146bfe82","offset":[4020,-360]},{"uuid":"c8991c02-f401-4f45-aa01-2e38e571df06","offset":[4420,180]},{"uuid":"248f8e55-6570-416f-8cfe-e7dbb3a7e3bf","offset":[3560,200]},{"uuid":"57888b8a-ea47-442b-a0bb-2c7a52442c49","offset":[4020,180]},{"uuid":"a0074cb7-0421-4ee5-a3ef-6a3d9896c928","offset":[4840,180]},{"uuid":"aed1f83d-7e47-4869-a97f-68f5fe8c382f","offset":[5260,180]},{"uuid":"3877cebd-90db-473a-ba30-fe64c9e55773","offset":[5660,180]},{"uuid":"4477b730-bd5f-4bf4-9649-7fda3bc234ab","offset":[6080,180]},{"uuid":"3a178d37-6456-44bf-ad50-418fc89f367a","offset":[3420,1000]},{"uuid":"341c2080-a1fd-4fd9-9cc8-3fd4dc1b8931","offset":[3820,1000]},{"uuid":"5cdd5477-6098-4975-8286-26d17c8fc0e4","offset":[4220,1000]},{"uuid":"c7c7ef57-87a6-4674-90b6-98004e8ebfa7","offset":[4640,1000]},{"uuid":"cf39ee19-1038-40c1-beae-1fbef206d614","offset":[5060,1000]},{"uuid":"edd9d919-0b5c-4548-8700-209c7080f3c5","offset":[5440,1000]},{"uuid":"4ffbc896-b0a1-47aa-9128-2d2daf40fa9e","offset":[5840,1000]},{"uuid":"24cd2112-0dd0-4c5e-bdda-ffa4780f4016","offset":[6240,1000]},{"uuid":"3ccc5193-cadd-478c-b934-5de313304355","offset":[7960,-20]},{"uuid":"0f94d2be-1a3e-4be7-879c-1eb641fa86a8","offset":[4440,-1100]},{"uuid":"46c32ea9-655f-469d-a70a-5c8ece15c905","offset":[4860,-1100]},{"uuid":"7b4e41e3-d789-4ffe-b99b-50647f4ae0b2","offset":[5280,-1100]},{"uuid":"a343d332-19ec-4f46-9b42-a03b875e8a70","offset":[6120,-1520]},{"uuid":"da909f7f-a950-451d-ad29-f8f67c65bad7","offset":[6540,-1520]},{"uuid":"a380d1dc-cdc8-494e-98d5-fdc440599bab","offset":[4440,-360]},{"uuid":"2fc2cca4-fe86-4acf-a006-1072fde78902","offset":[4840,-360]},{"uuid":"b50501dc-9ced-45a7-880f-e71f8d90f477","offset":[6340,-280]},{"uuid":"5ee95668-cce2-4deb-a2a5-79d3b6aa58e0","offset":[5700,-720]},{"uuid":"1054c7a3-9a4b-44eb-9b4e-a1fc0c9fb2ae","offset":[6460,-720]},{"uuid":"caf8e03b-2766-4510-b03d-c9b4e93e6196","offset":[6080,-720]},{"uuid":"73e5641b-de78-4b01-a6ee-c49143f9dd4d","offset":[6880,-720]},{"uuid":"3d42664b-1321-467f-80a2-163425b3156b","offset":[6780,-280]},{"uuid":"92851482-77fa-4d9a-a1b5-354a81a9953e","offset":[9280,-980]},{"uuid":"e616cebf-6f5d-4ff2-8e26-6db006fcac5b","offset":[8860,-980]},{"uuid":"9660008e-76a7-41ed-99b5-fa04f7369ecf","offset":[8900,-300]},{"uuid":"1664c698-1be8-4e65-98d7-f080f3e44940","offset":[9320,-300]},{"uuid":"0c7e987d-8111-466f-b842-77684871ec68","offset":[8940,340]},{"uuid":"83f67f12-463d-4703-a48c-2724addca060","offset":[9340,340]},{"uuid":"ec3e7822-af60-4175-9adf-247fc417d211","offset":[8920,1000]},{"uuid":"03627bed-bede-4412-9824-5a9a4d254633","offset":[9340,1000]},{"uuid":"358f095a-5310-4ab4-935c-4489835e4876","offset":[10120,-40]},{"uuid":"122c5338-567f-46c3-977a-80d4ae7fb932","offset":[10600,-160]},{"uuid":"c2d16329-b6b3-43ef-ba19-c940ab569b73","offset":[11040,-140]}],"conditions":[{"uuid":"c3009aa0-f02e-48b8-b2dc-4db0c7d2c6c7","offset":[5720,-1520],"parent":"7b4e41e3-d789-4ffe-b99b-50647f4ae0b2"},{"uuid":"ae52ab91-d9d9-4442-8d4a-6f05f9c0b09c","offset":[6560,-1120],"parent":"7b4e41e3-d789-4ffe-b99b-50647f4ae0b2"},{"uuid":"8b8f535f-1ca6-42e3-a806-9831f3417af1","offset":[5260,-720],"parent":"2fc2cca4-fe86-4acf-a006-1072fde78902"},{"uuid":"a308183d-943a-4e62-8402-ebe377044a9a","offset":[5260,-280],"parent":"2fc2cca4-fe86-4acf-a006-1072fde78902"}],"signals":[{"uuid":"9e6de28a-5eca-4de5-8590-c92449dc7670","offset":[760,-400],"parent":"d9c64d93-d8ec-4d22-8f62-b1b2af4ade0f"},{"uuid":"eb7a80d1-5acc-4eb5-9713-89172c7c7271","offset":[3120,-660],"parent":"d8b7a410-4774-4ced-9bc8-a57e3b09dc3c","data":{"parent":"d8b7a410-4774-4ced-9bc8-a57e3b09dc3c","eventName":{"String":"characterEnter"},"characterEnter":{"String":"camille"}}},{"uuid":"538f03d5-2846-4672-90d4-424a71830a25","offset":[3120,-1440],"parent":"7cb74998-47c3-4855-99eb-a955ce6de593","data":{"eventName":{"String":"characterEnter"},"parent":"7cb74998-47c3-4855-99eb-a955ce6de593","characterEnter":{"String":"delilah"}}},{"uuid":"2bcfa452-48fe-4f75-af82-37aceb7c3f66","offset":[2600,40],"parent":"1cebfc04-8003-4000-8e4a-4224a1fc7181","data":{"eventName":{"String":"characterEnter"},"characterEnter":{"String":"matthew"},"parent":"1cebfc04-8003-4000-8e4a-4224a1fc7181"}},{"uuid":"45d73d9e-d35e-4e55-90c4-854ee3afbf12","offset":[3020,1460],"parent":"169004ef-82f4-43bd-baa2-3613a7807ec5","data":{"eventName":{"String":"characterEnter"},"characterEnter":{"String":"matthew"},"parent":"169004ef-82f4-43bd-baa2-3613a7807ec5"}},{"uuid":"90a951c6-2e2c-4c01-b57e-cb319c0eb315","offset":[3600,-700],"parent":"8011fbc5-e834-4f58-b7eb-26789ba09556"},{"uuid":"0c29db30-c5bc-4776-bc24-9216981748c0","offset":[3600,-1440],"parent":"e4432459-00b7-4819-b409-163be0afeb1a"},{"uuid":"47ea4586-71ad-4324-91df-4637918e3f59","offset":[3020,60],"parent":"aa812dbb-2a76-45ac-a92d-502560d7cd72"},{"uuid":"40664b1c-7231-49c3-9801-27936433770d","offset":[3460,1460],"parent":"b6c8ec0f-c15b-4fd4-aa7f-7a9d5ce59ce0"},{"uuid":"b58fd0dc-e14e-4e8b-ac25-ee4923619e96","offset":[5260,560],"parent":"a0074cb7-0421-4ee5-a3ef-6a3d9896c928"},{"uuid":"c777b8af-d252-4399-a67c-b670a099526b","offset":[7980,380],"parent":"3ccc5193-cadd-478c-b934-5de313304355"},{"uuid":"8b51a270-a0d1-4d35-9ee0-a6672a346362","offset":[9720,-1020],"parent":"92851482-77fa-4d9a-a1b5-354a81a9953e"},{"uuid":"59b62c12-3f91-4b6e-b299-e49d09d06222","offset":[9280,-1320],"parent":"e616cebf-6f5d-4ff2-8e26-6db006fcac5b","data":{"eventName":{"String":"characterEnter"},"characterEnter":{"String":"camille"},"parent":"e616cebf-6f5d-4ff2-8e26-6db006fcac5b"}},{"uuid":"4d73ed99-e61d-42a3-94c2-cb9649741e13","offset":[9300,-620],"parent":"9660008e-76a7-41ed-99b5-fa04f7369ecf","data":{"eventName":{"String":"characterEnter"},"characterEnter":{"String":"delilah"},"parent":"9660008e-76a7-41ed-99b5-fa04f7369ecf"}},{"uuid":"3703f66c-6f29-42b0-9c75-76a3ebea8bc6","offset":[9780,-360],"parent":"1664c698-1be8-4e65-98d7-f080f3e44940"},{"uuid":"c4394273-94b1-47c5-8b65-8037cc113cec","offset":[9260,20],"parent":"0c7e987d-8111-466f-b842-77684871ec68","data":{"parent":"0c7e987d-8111-466f-b842-77684871ec68","eventName":{"String":"characterEnter"},"characterEnter":{"String":"matthew"}}},{"uuid":"a3c8f16a-cd10-41cb-9c70-a426e543a9e7","offset":[9740,140],"parent":"83f67f12-463d-4703-a48c-2724addca060"},{"uuid":"278a69fc-d2e6-4fa2-9b0d-93557ca74071","offset":[9360,700],"parent":"ec3e7822-af60-4175-9adf-247fc417d211","data":{"eventName":{"String":"characterEnter"},"characterEnter":{"String":"richard"},"parent":"ec3e7822-af60-4175-9adf-247fc417d211"}},{"uuid":"4db9d19b-59a8-4665-ad35-a1c3aee1ea35","offset":[9860,1040],"parent":"03627bed-bede-4412-9824-5a9a4d254633"},{"uuid":"fa9edc91-dc99-45f9-b59f-13d2b302c31c","offset":[10500,320],"parent":"358f095a-5310-4ab4-935c-4489835e4876"}],"choices":[{"uuid":"05927569-0807-4ceb-81a2-54f5db873a2c","offset":[2180,-1140],"parent":"a5af16aa-24e7-419a-90e8-08270fd5af78"},{"uuid":"313e3911-b610-48ff-aebb-424d35c538a1","offset":[2180,-400],"parent":"a5af16aa-24e7-419a-90e8-08270fd5af78"},{"uuid":"15035abe-8096-4d20-b4c7-06a742a9766d","offset":[2200,240],"parent":"a5af16aa-24e7-419a-90e8-08270fd5af78"},{"uuid":"395774b3-0e18-45ab-a058-ee8d3dc57f77","offset":[2200,820],"parent":"a5af16aa-24e7-419a-90e8-08270fd5af78"},{"uuid":"01ba5313-ddc9-45e7-9479-c0035f1cad50","offset":[8480,-180],"parent":"3ccc5193-cadd-478c-b934-5de313304355"},{"uuid":"124771e3-77ee-47fb-af10-e8b4b02e8f53","offset":[8460,160],"parent":"3ccc5193-cadd-478c-b934-5de313304355"},{"uuid":"59466048-fcdf-4d5b-8091-10501a89590a","offset":[8500,740],"parent":"3ccc5193-cadd-478c-b934-5de313304355"},{"uuid":"d73adefb-1625-4cd8-9aab-e8f563f6eb91","offset":[8440,-920],"parent":"3ccc5193-cadd-478c-b934-5de313304355"}]}}