{"926f083a-495e-4dec-a6e4-7d04339dbcce":{"name":"Y/N","character_uuid":"8c05e531-d7a2-4093-a743-2034016072f8","text":{"en":"","fr":"","es":"(Después de lo que ha pasado no sé cómo irá esta reunión )"},"parent":"root","next":"800e158c-e9d5-427c-b2fe-8461a305ffd0","signals":{"eventName":{"String":"changeBg"},"changeBg":{"String":"pasillo"},"parent":"926f083a-495e-4dec-a6e4-7d04339dbcce"}},"5b2d36e4-2561-4bee-9fb4-e5b26f5fd9a6":{"name":"Y/N","character_uuid":"8c05e531-d7a2-4093-a743-2034016072f8","text":{"en":"","fr":"","es":"Null"}},"7152c8d2-2c25-48f8-ba1f-2bf5f39ea3ba":{"name":"Y/N","character_uuid":"8c05e531-d7a2-4093-a743-2034016072f8","text":{"en":"","fr":"","es":"Null"}},"42839fc8-dcff-47a4-a1e2-fe1b500c938d":{"name":"Y/N","character_uuid":"8c05e531-d7a2-4093-a743-2034016072f8","text":{"en":"","fr":"","es":"Null"}},"738a6b63-23d2-49b5-b457-a55c69ad27ab":{"name":"Y/N","character_uuid":"8c05e531-d7a2-4093-a743-2034016072f8","text":{"en":"","fr":"","es":"Null"}},"ce951b8e-f2cc-4e28-b21f-ab0b73e3e24b":{"name":"Y/N","character_uuid":"8c05e531-d7a2-4093-a743-2034016072f8","text":{"en":"","fr":"","es":"Null"}},"aed3d9b9-3245-47ee-811a-0cdc3ca0c875":{"name":"Y/N","character_uuid":"8c05e531-d7a2-4093-a743-2034016072f8","text":{"en":"","fr":"","es":"Null"}},"521b02c0-d067-4842-948d-a773f66c5453":{"name":"Y/N","character_uuid":"8c05e531-d7a2-4093-a743-2034016072f8","text":{"en":"","fr":"","es":"Null"}},"a054076a-2f30-40bf-ae01-3e0e588b7a44":{"name":"Y/N","character_uuid":"8c05e531-d7a2-4093-a743-2034016072f8","text":{"en":"","fr":"","es":"Null"}},"44a95af4-68cc-49cf-b617-2c197877da6a":{"name":"Y/N","character_uuid":"8c05e531-d7a2-4093-a743-2034016072f8","text":{"en":"","fr":"","es":"Null"}},"800e158c-e9d5-427c-b2fe-8461a305ffd0":{"name":"Y/N","character_uuid":"8c05e531-d7a2-4093-a743-2034016072f8","text":{"en":"","fr":"","es":"(Espero que no muy mal...)"},"parent":"926f083a-495e-4dec-a6e4-7d04339dbcce","next":"746bf991-2770-4c27-a1a2-dc0d9f82898f"},"746bf991-2770-4c27-a1a2-dc0d9f82898f":{"name":"Y/N","character_uuid":"8c05e531-d7a2-4093-a743-2034016072f8","text":{"en":"","fr":"","es":"(Me dirijo hacia el aula de siempre)"},"next":"cee3eddb-4ecd-4ccd-8cf7-f400de7cae49","parent":"800e158c-e9d5-427c-b2fe-8461a305ffd0","signals":{"eventName":{"String":"changeBg"},"changeBg":{"String":"clase"},"parent":"746bf991-2770-4c27-a1a2-dc0d9f82898f"}},"c574eea1-6937-4018-bf69-0f4064bf11f9":{"name":"Y/N","character_uuid":"8c05e531-d7a2-4093-a743-2034016072f8","text":{"en":"","fr":"","es":"(Delilah me mira y sonrie)"},"parent":"b1174ca4-ff93-4745-8176-98780ec94e50","next":"9f212d2c-783d-4ee3-ae0e-d87030767bfe","signals":{"eventName":{"String":"characterEnter"},"characterEnter":{"String":"delilah"},"parent":"c574eea1-6937-4018-bf69-0f4064bf11f9"}},"b1174ca4-ff93-4745-8176-98780ec94e50":{"name":"Y/N","character_uuid":"8c05e531-d7a2-4093-a743-2034016072f8","text":{"en":"","fr":"","es":"Hola chicas ¿Quñe tal por aquí? ¿Todo bien?"},"parent":"977e341e-4e08-4873-a1fa-b54e17494ad0","next":"c574eea1-6937-4018-bf69-0f4064bf11f9"},"977e341e-4e08-4873-a1fa-b54e17494ad0":{"name":"Y/N","character_uuid":"8c05e531-d7a2-4093-a743-2034016072f8","text":{"en":"","fr":"","es":"(Ando hacia las chicas)"},"parent":"8cdba5d3-831e-4a38-a272-83864c04ba6f","next":"b1174ca4-ff93-4745-8176-98780ec94e50"},"8cdba5d3-831e-4a38-a272-83864c04ba6f":{"name":"Y/N","character_uuid":"8c05e531-d7a2-4093-a743-2034016072f8","text":{"en":"","fr":"","es":"(Deberia acercarme a ellas a ver qué se cuentan)"},"parent":"6b43e571-af27-44ef-bed4-b9f9abebd419","next":"977e341e-4e08-4873-a1fa-b54e17494ad0"},"6b43e571-af27-44ef-bed4-b9f9abebd419":{"name":"Y/N","character_uuid":"8c05e531-d7a2-4093-a743-2034016072f8","text":{"en":"","fr":"","es":"(Por otro lado, Delilah y Camille parecen estar hablando entre ellas)"},"parent":"cee3eddb-4ecd-4ccd-8cf7-f400de7cae49","next":"8cdba5d3-831e-4a38-a272-83864c04ba6f"},"cee3eddb-4ecd-4ccd-8cf7-f400de7cae49":{"name":"Y/N","character_uuid":"8c05e531-d7a2-4093-a743-2034016072f8","text":{"en":"","fr":"","es":"(Matthew y Richard estan en esquinas opuestas del aula, como era de esperar)"},"parent":"746bf991-2770-4c27-a1a2-dc0d9f82898f","next":"6b43e571-af27-44ef-bed4-b9f9abebd419"},"9f212d2c-783d-4ee3-ae0e-d87030767bfe":{"name":"Delilah","character_uuid":"46e24c71-186e-4df5-9a9b-8b83461d3a92","text":{"en":"","fr":"","es":"¡Todo genial! Camille y yo estamos compartiendo dibujos :D"},"parent":"c574eea1-6937-4018-bf69-0f4064bf11f9","next":"d157e121-47ed-4a40-948f-1ec66cb8f3c7"},"c5c9c6df-01e4-4b20-8909-d65bc4b45524":{"name":"Matthew","character_uuid":"aee2b52c-ac9f-493d-80d3-e32f0584141b","text":{"en":"","fr":"","es":"Te puedo oir ¿lo sabes?"},"parent":"8f7b475d-3ae8-4640-8923-e385a3cbbcae","next":"8aadd21a-0b4e-4cd8-9ec6-8251db18a73f"},"8f7b475d-3ae8-4640-8923-e385a3cbbcae":{"name":"Y/N","character_uuid":"8c05e531-d7a2-4093-a743-2034016072f8","text":{"en":"","fr":"","es":"(Camille sonrie con actitud pícara)"},"parent":"c4203281-67b4-42f0-800b-8ec7be049510","next":"c5c9c6df-01e4-4b20-8909-d65bc4b45524","signals":{"eventName":{"String":"characterEnter"},"characterEnter":{"String":"matthew"},"parent":"8f7b475d-3ae8-4640-8923-e385a3cbbcae"}},"c4203281-67b4-42f0-800b-8ec7be049510":{"name":"Camille","character_uuid":"2459fb62-fca4-4c9a-b38d-1f868103de0d","text":{"en":"","fr":"","es":"No como otros"},"parent":"80c13176-e1d1-4fd1-959f-c546770e3d6c","next":"8f7b475d-3ae8-4640-8923-e385a3cbbcae"},"80c13176-e1d1-4fd1-959f-c546770e3d6c":{"name":"Y/N","character_uuid":"8c05e531-d7a2-4093-a743-2034016072f8","text":{"en":"","fr":"","es":"Suena muy bien, me alegro que podais compartir esto entre vosotras"},"parent":"c7d4ab83-2021-4474-afce-78b0c8e32882","next":"c4203281-67b4-42f0-800b-8ec7be049510"},"c7d4ab83-2021-4474-afce-78b0c8e32882":{"name":"Delilah","character_uuid":"46e24c71-186e-4df5-9a9b-8b83461d3a92","text":{"en":"","fr":"","es":"Tenemos estilos muy distintos, ¡Pero me enanta ver las caracteristicas que los definen!"},"parent":"34c50c29-14a8-4e9d-970a-b7d89d51fe58","next":"80c13176-e1d1-4fd1-959f-c546770e3d6c"},"34c50c29-14a8-4e9d-970a-b7d89d51fe58":{"name":"Delilah","character_uuid":"46e24c71-186e-4df5-9a9b-8b83461d3a92","text":{"en":"","fr":"","es":"Awww ¡gracias!"},"parent":"15a9521c-073e-4edb-94f9-ba1ec506e9e2","next":"c7d4ab83-2021-4474-afce-78b0c8e32882"},"15a9521c-073e-4edb-94f9-ba1ec506e9e2":{"name":"Camille","character_uuid":"2459fb62-fca4-4c9a-b38d-1f868103de0d","text":{"en":"","fr":"","es":"C'est vrai, y qué bien dibujas, ma chèrie"},"parent":"d157e121-47ed-4a40-948f-1ec66cb8f3c7","next":"34c50c29-14a8-4e9d-970a-b7d89d51fe58"},"d157e121-47ed-4a40-948f-1ec66cb8f3c7":{"name":"Y/N","character_uuid":"8c05e531-d7a2-4093-a743-2034016072f8","text":{"en":"","fr":"","es":"(Miro a Camille, que asiente orgullosa)"},"parent":"9f212d2c-783d-4ee3-ae0e-d87030767bfe","next":"15a9521c-073e-4edb-94f9-ba1ec506e9e2","signals":{"eventName":{"String":"characterEnter"},"characterEnter":{"String":"camille"},"parent":"d157e121-47ed-4a40-948f-1ec66cb8f3c7"}},"8aadd21a-0b4e-4cd8-9ec6-8251db18a73f":{"name":"Camille","character_uuid":"2459fb62-fca4-4c9a-b38d-1f868103de0d","text":{"en":"","fr":"","es":"Lo sé perfectamente, à la perfection"},"parent":"c5c9c6df-01e4-4b20-8909-d65bc4b45524","next":"09ba97ad-2eec-4659-82e5-2b432f8b7f3c"},"c93e579d-d4f6-41dd-9b61-d8f56f4778b9":{"name":"Y/N","character_uuid":"8c05e531-d7a2-4093-a743-2034016072f8","text":{"en":"","fr":"","es":"(Solo queda esperar...)"},"parent":"0be2bc40-fdd1-4db3-bd09-6c9ed21f67c1","next":"13ce9bf1-3d98-4787-b5d4-bcff5839fdd9"},"0be2bc40-fdd1-4db3-bd09-6c9ed21f67c1":{"name":"Y/N","character_uuid":"8c05e531-d7a2-4093-a743-2034016072f8","text":{"en":"","fr":"","es":"(No veo que haya solución a esto...)"},"parent":"0ba9e973-1368-44ae-a2ac-b61bde248071","next":"c93e579d-d4f6-41dd-9b61-d8f56f4778b9"},"0ba9e973-1368-44ae-a2ac-b61bde248071":{"name":"Y/N","character_uuid":"8c05e531-d7a2-4093-a743-2034016072f8","text":{"en":"","fr":"","es":"(Ambos siguen peleando emotivamente)"},"parent":"79f5b787-9f93-4057-bbff-68293d67c6e9","next":"0be2bc40-fdd1-4db3-bd09-6c9ed21f67c1"},"79f5b787-9f93-4057-bbff-68293d67c6e9":{"name":"Richard","character_uuid":"f69f8c71-d246-4a25-a343-48ef9efe33af","text":{"en":"","fr":"","es":"¿Repite eso? "},"parent":"28a85d76-ae05-4ad1-8171-8fb8b51cc3e1","next":"0ba9e973-1368-44ae-a2ac-b61bde248071"},"28a85d76-ae05-4ad1-8171-8fb8b51cc3e1":{"name":"Matthew","character_uuid":"aee2b52c-ac9f-493d-80d3-e32f0584141b","text":{"en":"","fr":"","es":"Hablas mucho de mi pero poco hablas de lo insoportable que eres"},"parent":"da291c3a-852f-45e2-9c16-7f7328c9c2d6","next":"79f5b787-9f93-4057-bbff-68293d67c6e9"},"da291c3a-852f-45e2-9c16-7f7328c9c2d6":{"name":"Richard","character_uuid":"f69f8c71-d246-4a25-a343-48ef9efe33af","text":{"en":"","fr":"","es":"Que no tengas un minimo de comprensión oral no es mi problema"},"parent":"b348a1ce-a263-42f7-8172-5b217f15e180","next":"28a85d76-ae05-4ad1-8171-8fb8b51cc3e1"},"262fc2ff-d83c-480f-9661-9e5769fa540e":{"name":"Y/N","character_uuid":"8c05e531-d7a2-4093-a743-2034016072f8","text":{"en":"","fr":"","es":"Basta ya, no os peleeis por esto"},"parent":"f03d1ea2-9969-4f33-a36a-863985fb1160","next":"76c76ad5-5524-46ee-87fd-5cd977c53ff6"},"bc240f28-1b32-420a-ab66-5971032e14ff":{"name":"Y/N","character_uuid":"8c05e531-d7a2-4093-a743-2034016072f8","text":{"en":"","fr":"","es":"(Oh no...)"},"parent":"0766f7cd-8315-4765-8e61-c7c36a3c2cd0","choices":[{"text":{"en":"","fr":"","es":"   Para la pelea   "},"next":"262fc2ff-d83c-480f-9661-9e5769fa540e","parent":"bc240f28-1b32-420a-ab66-5971032e14ff"},{"text":{"en":"","fr":"","es":"   Dejar  que se peleen   "},"next":"b348a1ce-a263-42f7-8172-5b217f15e180","parent":"bc240f28-1b32-420a-ab66-5971032e14ff"}]},"0766f7cd-8315-4765-8e61-c7c36a3c2cd0":{"name":"Richard","character_uuid":"f69f8c71-d246-4a25-a343-48ef9efe33af","text":{"en":"","fr":"","es":"Creo que está muy claro lo que insinuo"},"parent":"92b1d536-b052-4225-afd3-edda90c47436","next":"bc240f28-1b32-420a-ab66-5971032e14ff"},"92b1d536-b052-4225-afd3-edda90c47436":{"name":"Matthew","character_uuid":"aee2b52c-ac9f-493d-80d3-e32f0584141b","text":{"en":"","fr":"","es":"¿Qué insinuas?"},"parent":"fa1c806e-d390-4521-ab4a-6e83255cf109","next":"0766f7cd-8315-4765-8e61-c7c36a3c2cd0"},"fa1c806e-d390-4521-ab4a-6e83255cf109":{"name":"Y/N","character_uuid":"8c05e531-d7a2-4093-a743-2034016072f8","text":{"en":"","fr":"","es":"(Todos miramos a Richard sorprendidos)"},"parent":"03f544c1-21b0-4a93-9ed3-9904e7909e16","next":"92b1d536-b052-4225-afd3-edda90c47436"},"03f544c1-21b0-4a93-9ed3-9904e7909e16":{"name":"Richard","character_uuid":"f69f8c71-d246-4a25-a343-48ef9efe33af","text":{"en":"","fr":"","es":"Eso no pasaría si no hicieses lo que haces"},"parent":"562f4ae4-87b5-4468-a6df-e6c9f8710557","next":"fa1c806e-d390-4521-ab4a-6e83255cf109"},"562f4ae4-87b5-4468-a6df-e6c9f8710557":{"name":"Y/N","character_uuid":"8c05e531-d7a2-4093-a743-2034016072f8","text":{"en":"","fr":"","es":"(Matthew suspira)"},"parent":"bee0b437-ca9a-4ef3-b876-37de65b597ec","next":"03f544c1-21b0-4a93-9ed3-9904e7909e16","signals":{"eventName":{"String":"characterEnter"},"characterEnter":{"String":"richard"},"parent":"562f4ae4-87b5-4468-a6df-e6c9f8710557"}},"bee0b437-ca9a-4ef3-b876-37de65b597ec":{"name":"Camille","character_uuid":"2459fb62-fca4-4c9a-b38d-1f868103de0d","text":{"en":"","fr":"","es":"Hah, para molestar, évidemment"},"parent":"09ba97ad-2eec-4659-82e5-2b432f8b7f3c","next":"562f4ae4-87b5-4468-a6df-e6c9f8710557"},"09ba97ad-2eec-4659-82e5-2b432f8b7f3c":{"name":"Matthew","character_uuid":"aee2b52c-ac9f-493d-80d3-e32f0584141b","text":{"en":"","fr":"","es":"¿¡ENTONCES POR QUÉ DICES NADA!?"},"parent":"8aadd21a-0b4e-4cd8-9ec6-8251db18a73f","next":"bee0b437-ca9a-4ef3-b876-37de65b597ec"},"b348a1ce-a263-42f7-8172-5b217f15e180":{"name":"Matthew","character_uuid":"aee2b52c-ac9f-493d-80d3-e32f0584141b","text":{"en":"","fr":"","es":"No, no esta claro,  nunca dejas nada claro"},"parent":"a0079885-3ed3-44c0-a93e-1dd0fe7aef9a","next":"da291c3a-852f-45e2-9c16-7f7328c9c2d6"},"13ce9bf1-3d98-4787-b5d4-bcff5839fdd9":{"name":"Y/N","character_uuid":"8c05e531-d7a2-4093-a743-2034016072f8","text":{"en":"","fr":"","es":"(Camile mantiene su sonrisa pícara)"},"parent":"c93e579d-d4f6-41dd-9b61-d8f56f4778b9","next":"90721804-34d5-4368-9144-b5e1230cf1e1","signals":{"parent":"13ce9bf1-3d98-4787-b5d4-bcff5839fdd9","eventName":{"String":"affinityUp"},"affinityUp":{"String":"Camille"}}},"d417252a-c46d-4f3e-9dd0-df8da5c951da":{"name":"Y/N","character_uuid":"8c05e531-d7a2-4093-a743-2034016072f8","text":{"en":"","fr":"","es":"YA"},"parent":"c16b882b-2a34-4630-9375-c4a6ec5b52d9","next":"5de9542d-4f24-4522-b090-7a4096bff8e2"},"c16b882b-2a34-4630-9375-c4a6ec5b52d9":{"name":"Matthew","character_uuid":"aee2b52c-ac9f-493d-80d3-e32f0584141b","text":{"en":"","fr":"","es":"NO IBA A-"},"parent":"cc2d4733-088c-4bf6-b596-2cf61f0c51ef","next":"d417252a-c46d-4f3e-9dd0-df8da5c951da"},"cc2d4733-088c-4bf6-b596-2cf61f0c51ef":{"name":"Richard","character_uuid":"f69f8c71-d246-4a25-a343-48ef9efe33af","text":{"en":"","fr":"","es":"¿Yo? Fuiste tú el que empezó a mandar esas fotos riendote de mí"},"parent":"b9fb7d72-cb73-45c1-8813-77023714a6fb","next":"c16b882b-2a34-4630-9375-c4a6ec5b52d9"},"b9fb7d72-cb73-45c1-8813-77023714a6fb":{"name":"Y/N","character_uuid":"8c05e531-d7a2-4093-a743-2034016072f8","text":{"en":"","fr":"","es":"(Matthew señala a Richard)"},"parent":"76c76ad5-5524-46ee-87fd-5cd977c53ff6","next":"cc2d4733-088c-4bf6-b596-2cf61f0c51ef"},"76c76ad5-5524-46ee-87fd-5cd977c53ff6":{"name":"Matthew","character_uuid":"aee2b52c-ac9f-493d-80d3-e32f0584141b","text":{"en":"","fr":"","es":"Ha empezado él"},"parent":"262fc2ff-d83c-480f-9661-9e5769fa540e","next":"b9fb7d72-cb73-45c1-8813-77023714a6fb"},"90721804-34d5-4368-9144-b5e1230cf1e1":{"name":"Y/N","character_uuid":"8c05e531-d7a2-4093-a743-2034016072f8","text":{"en":"","fr":"","es":"(Delilah parece preocupada....)"},"parent":"13ce9bf1-3d98-4787-b5d4-bcff5839fdd9","next":"cd43a404-b4e0-4f2c-8a88-6a4e9492ed15"},"5de9542d-4f24-4522-b090-7a4096bff8e2":{"name":"Y/N","character_uuid":"8c05e531-d7a2-4093-a743-2034016072f8","text":{"en":"","fr":"","es":"(Todos me miran sorprendidos...)"},"parent":"d417252a-c46d-4f3e-9dd0-df8da5c951da","next":"d90260d5-40d7-431a-a07a-bc00a6091c88"},"cd43a404-b4e0-4f2c-8a88-6a4e9492ed15":{"name":"Y/N","character_uuid":"8c05e531-d7a2-4093-a743-2034016072f8","text":{"en":"","fr":"","es":"(Vaya resto de año me espera...)"},"parent":"b4a215d4-efec-477a-8c6a-51f0d7ca59b4","next":"5edd02db-85ae-405d-9ff6-20479304b54c","signals":{"eventName":{"String":"everyoneExit"},"parent":"cd43a404-b4e0-4f2c-8a88-6a4e9492ed15"}},"5edd02db-85ae-405d-9ff6-20479304b54c":{"name":"Y/N","character_uuid":"8c05e531-d7a2-4093-a743-2034016072f8","text":{"en":"","fr":"","es":" (En fin...)"},"parent":"cd43a404-b4e0-4f2c-8a88-6a4e9492ed15","next":"c28a62d9-69b2-4d3a-a50a-49864dea9592","signals":{"parent":"5edd02db-85ae-405d-9ff6-20479304b54c","eventName":{"String":"changeBg"},"changeBg":{"String":"fondo_negro"}}},"b4a215d4-efec-477a-8c6a-51f0d7ca59b4":{"name":"Y/N","character_uuid":"8c05e531-d7a2-4093-a743-2034016072f8","text":{"en":"","fr":"","es":"(Camille suelta un suspiro, aburrida)"},"parent":"bd0069c8-cb22-44a4-ab00-28c969bc13ba","next":"cd43a404-b4e0-4f2c-8a88-6a4e9492ed15"},"bd0069c8-cb22-44a4-ab00-28c969bc13ba":{"name":"Y/N","character_uuid":"8c05e531-d7a2-4093-a743-2034016072f8","text":{"en":"","fr":"","es":"(Delilah parece aliviada)"},"parent":"d90260d5-40d7-431a-a07a-bc00a6091c88","next":"b4a215d4-efec-477a-8c6a-51f0d7ca59b4","signals":{"parent":"bd0069c8-cb22-44a4-ab00-28c969bc13ba","eventName":{"String":"affinityUp"},"affinityUp":{"String":"Delilah"}}},"d90260d5-40d7-431a-a07a-bc00a6091c88":{"name":"Y/N","character_uuid":"8c05e531-d7a2-4093-a743-2034016072f8","text":{"en":"","fr":"","es":"Suficiente ya"},"parent":"5de9542d-4f24-4522-b090-7a4096bff8e2","next":"bd0069c8-cb22-44a4-ab00-28c969bc13ba"},"c28a62d9-69b2-4d3a-a50a-49864dea9592":{"name":"Y/N","character_uuid":"8c05e531-d7a2-4093-a743-2034016072f8","text":{"en":"","fr":"","es":" "},"parent":"5edd02db-85ae-405d-9ff6-20479304b54c"},"root":{"next":"926f083a-495e-4dec-a6e4-7d04339dbcce"},"__editor":{"root":{"uuid":"root","offset":[40,100]},"dialogues":[{"uuid":"926f083a-495e-4dec-a6e4-7d04339dbcce","offset":[220,-20],"parent":"root"},{"uuid":"5b2d36e4-2561-4bee-9fb4-e5b26f5fd9a6","offset":[600,-20]},{"uuid":"7152c8d2-2c25-48f8-ba1f-2bf5f39ea3ba","offset":[600,-20]},{"uuid":"42839fc8-dcff-47a4-a1e2-fe1b500c938d","offset":[600,-20]},{"uuid":"738a6b63-23d2-49b5-b457-a55c69ad27ab","offset":[600,-20]},{"uuid":"ce951b8e-f2cc-4e28-b21f-ab0b73e3e24b","offset":[600,-20]},{"uuid":"aed3d9b9-3245-47ee-811a-0cdc3ca0c875","offset":[600,-20]},{"uuid":"521b02c0-d067-4842-948d-a773f66c5453","offset":[600,-20]},{"uuid":"a054076a-2f30-40bf-ae01-3e0e588b7a44","offset":[600,-20]},{"uuid":"44a95af4-68cc-49cf-b617-2c197877da6a","offset":[600,-20]},{"uuid":"800e158c-e9d5-427c-b2fe-8461a305ffd0","offset":[600,-20]},{"uuid":"746bf991-2770-4c27-a1a2-dc0d9f82898f","offset":[980,-20]},{"uuid":"c574eea1-6937-4018-bf69-0f4064bf11f9","offset":[2120,340]},{"uuid":"b1174ca4-ff93-4745-8176-98780ec94e50","offset":[2500,340]},{"uuid":"977e341e-4e08-4873-a1fa-b54e17494ad0","offset":[2500,-20]},{"uuid":"8cdba5d3-831e-4a38-a272-83864c04ba6f","offset":[2120,-20]},{"uuid":"6b43e571-af27-44ef-bed4-b9f9abebd419","offset":[1740,-20]},{"uuid":"cee3eddb-4ecd-4ccd-8cf7-f400de7cae49","offset":[1360,-20]},{"uuid":"9f212d2c-783d-4ee3-ae0e-d87030767bfe","offset":[1740,340]},{"uuid":"c5c9c6df-01e4-4b20-8909-d65bc4b45524","offset":[1360,720]},{"uuid":"8f7b475d-3ae8-4640-8923-e385a3cbbcae","offset":[980,720]},{"uuid":"c4203281-67b4-42f0-800b-8ec7be049510","offset":[600,720]},{"uuid":"80c13176-e1d1-4fd1-959f-c546770e3d6c","offset":[220,720]},{"uuid":"c7d4ab83-2021-4474-afce-78b0c8e32882","offset":[220,340]},{"uuid":"34c50c29-14a8-4e9d-970a-b7d89d51fe58","offset":[600,340]},{"uuid":"15a9521c-073e-4edb-94f9-ba1ec506e9e2","offset":[980,340]},{"uuid":"d157e121-47ed-4a40-948f-1ec66cb8f3c7","offset":[1360,340]},{"uuid":"8aadd21a-0b4e-4cd8-9ec6-8251db18a73f","offset":[1740,720]},{"uuid":"c93e579d-d4f6-41dd-9b61-d8f56f4778b9","offset":[3360,2100]},{"uuid":"0be2bc40-fdd1-4db3-bd09-6c9ed21f67c1","offset":[2980,2100]},{"uuid":"0ba9e973-1368-44ae-a2ac-b61bde248071","offset":[2600,2100]},{"uuid":"79f5b787-9f93-4057-bbff-68293d67c6e9","offset":[2220,2100]},{"uuid":"28a85d76-ae05-4ad1-8171-8fb8b51cc3e1","offset":[1840,2100]},{"uuid":"da291c3a-852f-45e2-9c16-7f7328c9c2d6","offset":[1460,2100]},{"uuid":"262fc2ff-d83c-480f-9661-9e5769fa540e","offset":[1080,1540]},{"uuid":"bc240f28-1b32-420a-ab66-5971032e14ff","offset":[600,1100]},{"uuid":"0766f7cd-8315-4765-8e61-c7c36a3c2cd0","offset":[980,1100]},{"uuid":"92b1d536-b052-4225-afd3-edda90c47436","offset":[1360,1100]},{"uuid":"fa1c806e-d390-4521-ab4a-6e83255cf109","offset":[1740,1100]},{"uuid":"03f544c1-21b0-4a93-9ed3-9904e7909e16","offset":[2120,1100]},{"uuid":"562f4ae4-87b5-4468-a6df-e6c9f8710557","offset":[2500,1100]},{"uuid":"bee0b437-ca9a-4ef3-b876-37de65b597ec","offset":[2500,720]},{"uuid":"09ba97ad-2eec-4659-82e5-2b432f8b7f3c","offset":[2120,720]},{"uuid":"b348a1ce-a263-42f7-8172-5b217f15e180","offset":[1080,2100]},{"uuid":"13ce9bf1-3d98-4787-b5d4-bcff5839fdd9","offset":[3740,2100]},{"uuid":"d417252a-c46d-4f3e-9dd0-df8da5c951da","offset":[2980,1540]},{"uuid":"c16b882b-2a34-4630-9375-c4a6ec5b52d9","offset":[2600,1540]},{"uuid":"cc2d4733-088c-4bf6-b596-2cf61f0c51ef","offset":[2220,1540]},{"uuid":"b9fb7d72-cb73-45c1-8813-77023714a6fb","offset":[1840,1540]},{"uuid":"76c76ad5-5524-46ee-87fd-5cd977c53ff6","offset":[1460,1540]},{"uuid":"90721804-34d5-4368-9144-b5e1230cf1e1","offset":[4120,2100]},{"uuid":"5de9542d-4f24-4522-b090-7a4096bff8e2","offset":[3360,1540]},{"uuid":"cd43a404-b4e0-4f2c-8a88-6a4e9492ed15","offset":[5040,1860]},{"uuid":"5edd02db-85ae-405d-9ff6-20479304b54c","offset":[5520,1880]},{"uuid":"b4a215d4-efec-477a-8c6a-51f0d7ca59b4","offset":[4500,1540]},{"uuid":"bd0069c8-cb22-44a4-ab00-28c969bc13ba","offset":[4120,1540]},{"uuid":"d90260d5-40d7-431a-a07a-bc00a6091c88","offset":[3740,1540]},{"uuid":"c28a62d9-69b2-4d3a-a50a-49864dea9592","offset":[6000,1840]}],"conditions":[],"signals":[{"uuid":"397e08a1-4f3a-4bc9-b529-ef4a0bae91ee","offset":[620,-360],"parent":"926f083a-495e-4dec-a6e4-7d04339dbcce"},{"uuid":"6f740400-3f4b-48e6-b936-deae5ed443ef","offset":[1400,-360],"parent":"746bf991-2770-4c27-a1a2-dc0d9f82898f"},{"uuid":"ed69085b-67d4-47e1-8525-c71c555275d1","offset":[2320,540],"parent":"c574eea1-6937-4018-bf69-0f4064bf11f9"},{"uuid":"039ac727-9185-4acf-9bd1-b15b052be939","offset":[1220,920],"parent":"8f7b475d-3ae8-4640-8923-e385a3cbbcae"},{"uuid":"3839c395-d83b-4a72-8a26-40c153ad1cec","offset":[1740,520],"parent":"d157e121-47ed-4a40-948f-1ec66cb8f3c7"},{"uuid":"06619841-c9f3-443d-9628-ca4435ccd91b","offset":[2960,1140],"parent":"562f4ae4-87b5-4468-a6df-e6c9f8710557"},{"uuid":"ee6f7754-0311-493c-9257-b8ed758ade5a","offset":[4120,2480],"parent":"13ce9bf1-3d98-4787-b5d4-bcff5839fdd9"},{"uuid":"09baf9ff-3b8d-456d-baeb-7eb6760db392","offset":[5540,2300],"parent":"cd43a404-b4e0-4f2c-8a88-6a4e9492ed15"},{"uuid":"97a09137-f61d-446f-b0c7-8e74e9a59902","offset":[4520,1200],"parent":"bd0069c8-cb22-44a4-ab00-28c969bc13ba"},{"uuid":"fe9a24ee-c2d6-4a94-a6be-db2045c0e42c","offset":[6000,2280],"parent":"5edd02db-85ae-405d-9ff6-20479304b54c"}],"choices":[{"uuid":"f03d1ea2-9969-4f33-a36a-863985fb1160","offset":[640,1660],"parent":"bc240f28-1b32-420a-ab66-5971032e14ff"},{"uuid":"a0079885-3ed3-44c0-a93e-1dd0fe7aef9a","offset":[660,2080],"parent":"bc240f28-1b32-420a-ab66-5971032e14ff"}]}}