{"d870266d-2b74-4992-83a8-50c0cc2a53bb":{"name":"Y/N","character_uuid":"8c05e531-d7a2-4093-a743-2034016072f8","text":{"en":"","fr":"","es":"(Me pregunto cómo irá hoy la reunión...)"},"parent":"root","next":"137ef7ac-814b-4d81-af47-255ea3db711d","signals":{"eventName":{"String":"changeBg"},"changeBg":{"String":"pasillo"},"parent":"d870266d-2b74-4992-83a8-50c0cc2a53bb"}},"137ef7ac-814b-4d81-af47-255ea3db711d":{"name":"Y/N","character_uuid":"8c05e531-d7a2-4093-a743-2034016072f8","text":{"en":"","fr":"","es":"(Después de lo de esta mañana...)"},"parent":"d870266d-2b74-4992-83a8-50c0cc2a53bb","next":"64e3ad9c-3dc0-4d19-a8c5-875ffb1f4227"},"463a9e57-8d6c-4d87-9275-1cb09b296bdf":{"name":"Y/N","character_uuid":"8c05e531-d7a2-4093-a743-2034016072f8","text":{"en":"","fr":"","es":"(Parece que Delilah le está enseñando a Camille algo en su telefono)"},"parent":"ed4619e9-58ff-4d9c-b9c1-1dbbdf4c194a","next":"74f90d3e-211a-40c0-bec0-94d32bb3448e","signals":{"eventName":{"String":"characterEnter"},"characterEnter":{"String":"delilah"},"parent":"463a9e57-8d6c-4d87-9275-1cb09b296bdf"}},"74f90d3e-211a-40c0-bec0-94d32bb3448e":{"name":"Delilah","character_uuid":"46e24c71-186e-4df5-9a9b-8b83461d3a92","text":{"en":"","fr":"","es":"¡Ah! Y mira qué bonito está en esta foto, es tan majo le quiero tan-"},"parent":"463a9e57-8d6c-4d87-9275-1cb09b296bdf","next":"1329f917-4447-4c55-a01a-89800b2dc597","signals":{"eventName":{"String":"characterEnter"},"characterEnter":{"String":"camille"},"parent":"74f90d3e-211a-40c0-bec0-94d32bb3448e"}},"1329f917-4447-4c55-a01a-89800b2dc597":{"name":"Y/N","character_uuid":"8c05e531-d7a2-4093-a743-2034016072f8","text":{"en":"","fr":"","es":"¿Interrumpo algo?"},"parent":"74f90d3e-211a-40c0-bec0-94d32bb3448e","next":"5fb1422a-532d-4cd7-ae7d-3aa1b86e72d9"},"5fb1422a-532d-4cd7-ae7d-3aa1b86e72d9":{"name":"Y/N","character_uuid":"8c05e531-d7a2-4093-a743-2034016072f8","text":{"en":"","fr":"","es":"(Ambas me miran)"},"parent":"1329f917-4447-4c55-a01a-89800b2dc597","next":"f827228a-d91b-4600-b91b-8a19cdfe8314"},"f827228a-d91b-4600-b91b-8a19cdfe8314":{"name":"Delilah","character_uuid":"46e24c71-186e-4df5-9a9b-8b83461d3a92","text":{"en":"","fr":"","es":"Oh, solo le estaba enseñando a Camille las fotos que le hice a Guiko y cómo las edité luego"},"parent":"5fb1422a-532d-4cd7-ae7d-3aa1b86e72d9","next":"005b1080-9593-4b8b-b379-6dd2d357c4b0"},"ed4619e9-58ff-4d9c-b9c1-1dbbdf4c194a":{"name":"Y/N","character_uuid":"8c05e531-d7a2-4093-a743-2034016072f8","text":{"en":"","fr":"","es":"(Como de costumbre me acerco a ellas)"},"parent":"0b508d53-6b94-40ff-b687-7100b1d1a88d","next":"463a9e57-8d6c-4d87-9275-1cb09b296bdf"},"0b508d53-6b94-40ff-b687-7100b1d1a88d":{"name":"Y/N","character_uuid":"8c05e531-d7a2-4093-a743-2034016072f8","text":{"en":"","fr":"","es":"(Al entrar a clase veo a Camille y Delilah juntas hablando)"},"next":"ed4619e9-58ff-4d9c-b9c1-1dbbdf4c194a","parent":"1a3ce02d-1198-4ab2-a389-20ba33a927fc","signals":{"eventName":{"String":"changeBg"},"changeBg":{"String":"clase"},"parent":"0b508d53-6b94-40ff-b687-7100b1d1a88d"}},"1b67d3ef-fd8b-4a13-938c-04beab1542af":{"name":"Y/N","character_uuid":"8c05e531-d7a2-4093-a743-2034016072f8","text":{"en":"","fr":"","es":"(A ver qué tal se nos dan)"},"parent":"64e3ad9c-3dc0-4d19-a8c5-875ffb1f4227","choices":[{"text":{"en":"","fr":"","es":"Esperar"},"next":"a4c47502-c70b-4751-8c48-4055d49600c2","parent":"1b67d3ef-fd8b-4a13-938c-04beab1542af"},{"text":{"en":"","fr":"","es":"Entrar en la clase"},"next":"0b508d53-6b94-40ff-b687-7100b1d1a88d","parent":"b771537b-cd95-43e2-beb3-67bfc4caaf2e"}]},"64e3ad9c-3dc0-4d19-a8c5-875ffb1f4227":{"name":"Y/N","character_uuid":"8c05e531-d7a2-4093-a743-2034016072f8","text":{"en":"","fr":"","es":"(No sé cómo irán las cosas)"},"parent":"137ef7ac-814b-4d81-af47-255ea3db711d","next":"1b67d3ef-fd8b-4a13-938c-04beab1542af"},"a4c47502-c70b-4751-8c48-4055d49600c2":{"name":"Y/N","character_uuid":"8c05e531-d7a2-4093-a743-2034016072f8","text":{"en":"","fr":"","es":"(...)"},"parent":"5c6202a1-74ff-4e34-bd28-0d16a8a59aab","next":"b771537b-cd95-43e2-beb3-67bfc4caaf2e"},"b771537b-cd95-43e2-beb3-67bfc4caaf2e":{"name":"Y/N","character_uuid":"8c05e531-d7a2-4093-a743-2034016072f8","text":{"en":"","fr":"","es":"(Veo a Matthew acercarse por mi izquierda)"},"parent":"a4c47502-c70b-4751-8c48-4055d49600c2","choices":[{"text":{"en":"","fr":"","es":"Hablar con Matthew"},"next":"4a760197-8294-48f1-a6ce-1afb244d5be0","parent":"b771537b-cd95-43e2-beb3-67bfc4caaf2e"},{"text":{"en":"","fr":"","es":"Seguir esperando"},"next":"418e1318-795c-4495-8f42-621f1a88157f","parent":"b771537b-cd95-43e2-beb3-67bfc4caaf2e"},{"text":{"en":"","fr":"","es":"Entrar en la clase"},"next":"0b508d53-6b94-40ff-b687-7100b1d1a88d","parent":"b771537b-cd95-43e2-beb3-67bfc4caaf2e"}]},"418e1318-795c-4495-8f42-621f1a88157f":{"name":"Y/N","character_uuid":"8c05e531-d7a2-4093-a743-2034016072f8","text":{"en":"","fr":"","es":"(Matthew no se mueve)"},"next":"3c1af6a9-0619-405a-9d7e-077ea73476d7","parent":"fdaf0c2d-3073-4720-99ba-204fea3bb3a7"},"3c1af6a9-0619-405a-9d7e-077ea73476d7":{"name":"Y/N","character_uuid":"8c05e531-d7a2-4093-a743-2034016072f8","text":{"en":"","fr":"","es":"(...)"},"parent":"418e1318-795c-4495-8f42-621f1a88157f","next":"4b12ad11-9d21-4657-8557-4f33a8198ea4"},"3c51e1ab-417f-4a82-8155-e5a48e8affc9":{"name":"Y/N","character_uuid":"8c05e531-d7a2-4093-a743-2034016072f8","text":{"en":"","fr":"","es":"*Matthew levanta la mirada hacia a mi y sonrie levemente, guardando lo que tenia en la mano detras de si*"},"parent":"4a760197-8294-48f1-a6ce-1afb244d5be0","next":"792f1175-8576-4877-b16d-31ccb1ec8178"},"4a760197-8294-48f1-a6ce-1afb244d5be0":{"name":"Y/N","character_uuid":"8c05e531-d7a2-4093-a743-2034016072f8","text":{"en":"","fr":"","es":"¡Matthew! ¿Listo para la reunión de hoy?"},"parent":"3f8f594e-d966-4129-b417-079f9e06ae4d","next":"3c51e1ab-417f-4a82-8155-e5a48e8affc9","signals":{"eventName":{"String":"characterEnter"},"characterEnter":{"String":"matthew"},"parent":"4a760197-8294-48f1-a6ce-1afb244d5be0"}},"c72c7718-98c5-43f2-b222-c99ea291f90d":{"name":"Richard","character_uuid":"f69f8c71-d246-4a25-a343-48ef9efe33af","text":{"en":"","fr":"","es":"Solamente no me esperaba que fueran tan directas"},"parent":"5be44637-c8a6-4954-bb37-b0291077ca7d","next":"e6260d9c-6a5b-4ff0-b8f8-2b550471da98"},"5be44637-c8a6-4954-bb37-b0291077ca7d":{"name":"Richard","character_uuid":"f69f8c71-d246-4a25-a343-48ef9efe33af","text":{"en":"","fr":"","es":"No no, tampoco es eso. Acepto tus disculpas"},"parent":"7b98b380-bb0d-464b-9202-706808935ef7","next":"c72c7718-98c5-43f2-b222-c99ea291f90d"},"7b98b380-bb0d-464b-9202-706808935ef7":{"name":"Matthew","character_uuid":"aee2b52c-ac9f-493d-80d3-e32f0584141b","text":{"en":"","fr":"","es":"Ah... razonable... si no quieres aceptar mis disculpas está bien también"},"parent":"bef3f575-baf2-47b1-bbe6-143965f22499","next":"5be44637-c8a6-4954-bb37-b0291077ca7d"},"bef3f575-baf2-47b1-bbe6-143965f22499":{"name":"Richard","character_uuid":"f69f8c71-d246-4a25-a343-48ef9efe33af","text":{"en":"","fr":"","es":"No, está bien, solo no me lo esperaba"},"parent":"ea575dd4-231b-4b08-8209-81cbce0e80b5","next":"7b98b380-bb0d-464b-9202-706808935ef7"},"ea575dd4-231b-4b08-8209-81cbce0e80b5":{"name":"Matthew","character_uuid":"aee2b52c-ac9f-493d-80d3-e32f0584141b","text":{"en":"","fr":"","es":"¿... he dicho algo que no debía? Perdona, yo solo quería-"},"parent":"3f1dbfff-6401-452b-9d82-5f0caa450561","next":"bef3f575-baf2-47b1-bbe6-143965f22499"},"3f1dbfff-6401-452b-9d82-5f0caa450561":{"name":"Richard","character_uuid":"f69f8c71-d246-4a25-a343-48ef9efe33af","text":{"en":"","fr":"","es":"...."},"parent":"ddf0fd94-a8bc-4066-ba46-840dc64836f7","next":"ea575dd4-231b-4b08-8209-81cbce0e80b5"},"ddf0fd94-a8bc-4066-ba46-840dc64836f7":{"name":"Richard","character_uuid":"f69f8c71-d246-4a25-a343-48ef9efe33af","text":{"en":"","fr":"","es":"..."},"parent":"db16deed-a7f9-4536-a4db-ce7746a8e6a4","next":"3f1dbfff-6401-452b-9d82-5f0caa450561"},"db16deed-a7f9-4536-a4db-ce7746a8e6a4":{"name":"Matthew","character_uuid":"aee2b52c-ac9f-493d-80d3-e32f0584141b","text":{"en":"","fr":"","es":"Me quería disculpar"},"parent":"32ff5f27-2d23-4f0c-a420-018519258670","next":"ddf0fd94-a8bc-4066-ba46-840dc64836f7"},"32ff5f27-2d23-4f0c-a420-018519258670":{"name":"Richard","character_uuid":"f69f8c71-d246-4a25-a343-48ef9efe33af","text":{"en":"","fr":"","es":"¿Sí?"},"parent":"e36255e9-10c3-47c7-bd2c-74c57812dfbe","next":"db16deed-a7f9-4536-a4db-ce7746a8e6a4"},"e36255e9-10c3-47c7-bd2c-74c57812dfbe":{"name":"Matthew","character_uuid":"aee2b52c-ac9f-493d-80d3-e32f0584141b","text":{"en":"","fr":"","es":"Bueno... quería..."},"parent":"921ae117-9958-450d-ac60-2ee6ad68341e","next":"32ff5f27-2d23-4f0c-a420-018519258670"},"921ae117-9958-450d-ac60-2ee6ad68341e":{"name":"Matthew","character_uuid":"aee2b52c-ac9f-493d-80d3-e32f0584141b","text":{"en":"","fr":"","es":"..."},"parent":"2420b254-ca6d-4777-9571-b6013853a34d","next":"e36255e9-10c3-47c7-bd2c-74c57812dfbe"},"2420b254-ca6d-4777-9571-b6013853a34d":{"name":"Richard","character_uuid":"f69f8c71-d246-4a25-a343-48ef9efe33af","text":{"en":"","fr":"","es":"¿Qué querias decirme? Tenemos reunión en nada"},"parent":"b19b5751-6c10-426a-b93d-614cc9d9c035","next":"921ae117-9958-450d-ac60-2ee6ad68341e"},"b19b5751-6c10-426a-b93d-614cc9d9c035":{"name":"Matthew","character_uuid":"aee2b52c-ac9f-493d-80d3-e32f0584141b","text":{"en":"","fr":"","es":"Supongo que tienes razón"},"parent":"6682a566-585d-4dd2-9a58-411a30eba56b","next":"2420b254-ca6d-4777-9571-b6013853a34d"},"6682a566-585d-4dd2-9a58-411a30eba56b":{"name":"Richard","character_uuid":"f69f8c71-d246-4a25-a343-48ef9efe33af","text":{"en":"","fr":"","es":"Habiamos quedado para hablar ¿no es asi? No voy a llegar tarde"},"next":"b19b5751-6c10-426a-b93d-614cc9d9c035","parent":"bcf86803-221b-43be-ab1c-f57c87ca774a"},"bcf86803-221b-43be-ab1c-f57c87ca774a":{"name":"Matthew","character_uuid":"aee2b52c-ac9f-493d-80d3-e32f0584141b","text":{"en":"","fr":"","es":"Pensaba que tardarias más en venir, que estarías ocupado"},"parent":"52977dc6-9090-498d-8054-7bb5e6c50868","next":"6682a566-585d-4dd2-9a58-411a30eba56b","signals":{"eventName":{"String":"characterEnter"},"characterEnter":{"String":"richard"},"parent":"bcf86803-221b-43be-ab1c-f57c87ca774a"}},"7affb686-242b-4c69-aaf5-c2d94d5206d7":{"name":"Y/N","character_uuid":"8c05e531-d7a2-4093-a743-2034016072f8","text":{"en":"","fr":"","es":"*Me quedo en mi sitio, como si estuviera haciendo otra cosa, pero preparo la oreja para esuchcar lo que dicen*"},"parent":"cc8257d2-84ca-4b87-99e1-600692f6a65e","next":"52977dc6-9090-498d-8054-7bb5e6c50868","signals":{"eventName":{"String":"characterEnter"},"characterEnter":{"String":"matthew"},"parent":"7affb686-242b-4c69-aaf5-c2d94d5206d7"}},"52977dc6-9090-498d-8054-7bb5e6c50868":{"name":"Matthew","character_uuid":"aee2b52c-ac9f-493d-80d3-e32f0584141b","text":{"en":"","fr":"","es":"Oh ya estas aqui"},"parent":"7affb686-242b-4c69-aaf5-c2d94d5206d7","next":"bcf86803-221b-43be-ab1c-f57c87ca774a"},"4b12ad11-9d21-4657-8557-4f33a8198ea4":{"name":"Y/N","character_uuid":"8c05e531-d7a2-4093-a743-2034016072f8","text":{"en":"","fr":"","es":"(¿... ese que se acerca a Matthew es Richard?)"},"parent":"3c1af6a9-0619-405a-9d7e-077ea73476d7","choices":[{"text":{"en":"","fr":"","es":"Dejarles en paz y entrar a clase"},"next":"0b508d53-6b94-40ff-b687-7100b1d1a88d","parent":"4b12ad11-9d21-4657-8557-4f33a8198ea4"},{"text":{"en":"","fr":"","es":"Cotillear la conversación"},"next":"7affb686-242b-4c69-aaf5-c2d94d5206d7","parent":"4b12ad11-9d21-4657-8557-4f33a8198ea4"}]},"5b199ca7-303f-4e5f-932e-59b8ac2ead1e":{"name":"Camille","character_uuid":"2459fb62-fca4-4c9a-b38d-1f868103de0d","text":{"en":"","fr":"","es":"Algo sobre que le quedarían muy bien"},"parent":"005b1080-9593-4b8b-b379-6dd2d357c4b0","next":"d19040dd-13f0-4298-aad3-c6d23eb0bcac"},"005b1080-9593-4b8b-b379-6dd2d357c4b0":{"name":"Camille","character_uuid":"2459fb62-fca4-4c9a-b38d-1f868103de0d","text":{"en":"","fr":"","es":"Ha decidido que va a dibujar mis diseños en Guiko"},"parent":"f827228a-d91b-4600-b91b-8a19cdfe8314","next":"5b199ca7-303f-4e5f-932e-59b8ac2ead1e"},"9f78b2d6-c9e9-4f8c-8992-3cf2f82ae45a":{"name":"Y/N","character_uuid":"8c05e531-d7a2-4093-a743-2034016072f8","text":{"en":"","fr":"","es":"(Dejo a Matthew detrás, justo cuando oigo unos pasos acercarse a él)"},"next":"0b508d53-6b94-40ff-b687-7100b1d1a88d","parent":"3cbaf98c-5c5c-4e37-b52c-c94a8dc87bf2"},"3cbaf98c-5c5c-4e37-b52c-c94a8dc87bf2":{"name":"Y/N","character_uuid":"8c05e531-d7a2-4093-a743-2034016072f8","text":{"en":"","fr":"","es":"Vale, te esperamos dentro"},"parent":"31e3ba5c-9c5b-4aa0-90fd-5ac7b04114d8","next":"9f78b2d6-c9e9-4f8c-8992-3cf2f82ae45a","signals":{"eventName":{"String":"characterExit"},"characterExit":{"String":"matthew"},"parent":"3cbaf98c-5c5c-4e37-b52c-c94a8dc87bf2"}},"31e3ba5c-9c5b-4aa0-90fd-5ac7b04114d8":{"name":"Matthew","character_uuid":"aee2b52c-ac9f-493d-80d3-e32f0584141b","text":{"en":"","fr":"","es":"Seguro"},"parent":"670f6a32-62b4-484b-a180-656eab4e9b28","next":"3cbaf98c-5c5c-4e37-b52c-c94a8dc87bf2"},"670f6a32-62b4-484b-a180-656eab4e9b28":{"name":"Y/N","character_uuid":"8c05e531-d7a2-4093-a743-2034016072f8","text":{"en":"","fr":"","es":"¿Seguro?"},"parent":"792f1175-8576-4877-b16d-31ccb1ec8178","next":"31e3ba5c-9c5b-4aa0-90fd-5ac7b04114d8"},"792f1175-8576-4877-b16d-31ccb1ec8178":{"name":"Matthew","character_uuid":"aee2b52c-ac9f-493d-80d3-e32f0584141b","text":{"en":"","fr":"","es":"Sí, listo, tengo que hacer una cosa antes, ve entrando y ya voy yo luego"},"parent":"3c51e1ab-417f-4a82-8155-e5a48e8affc9","next":"670f6a32-62b4-484b-a180-656eab4e9b28"},"c3c59ba2-644a-4df8-a38a-ab4028f1935b":{"name":"Matthew","character_uuid":"aee2b52c-ac9f-493d-80d3-e32f0584141b","text":{"en":"","fr":"","es":"¡Mhm, Doctor Who Empire Of Wolf the physical book!"},"parent":"c70ae6b8-f1fe-4426-920b-883bcd32582c","next":"b88d36fd-3658-4219-8a57-8f9b1a706bc2"},"c70ae6b8-f1fe-4426-920b-883bcd32582c":{"name":"Richard","character_uuid":"f69f8c71-d246-4a25-a343-48ef9efe33af","text":{"en":"","fr":"","es":"¿Esto es...?"},"parent":"a005a024-55a5-46bf-9058-034d9df94ff0","next":"c3c59ba2-644a-4df8-a38a-ab4028f1935b"},"a005a024-55a5-46bf-9058-034d9df94ff0":{"name":"Richard","character_uuid":"f69f8c71-d246-4a25-a343-48ef9efe33af","text":{"en":"","fr":"","es":"..."},"parent":"c7e84ff8-e508-4741-babc-4068e94a9d30","next":"c70ae6b8-f1fe-4426-920b-883bcd32582c"},"c7e84ff8-e508-4741-babc-4068e94a9d30":{"name":"Matthew","character_uuid":"aee2b52c-ac9f-493d-80d3-e32f0584141b","text":{"en":"","fr":"","es":"¡Asi que te he traido esto también para pedirte perdón!"},"parent":"8c37c97a-4add-4264-805a-f27243137d1e","next":"a005a024-55a5-46bf-9058-034d9df94ff0"},"8c37c97a-4add-4264-805a-f27243137d1e":{"name":"Richard","character_uuid":"f69f8c71-d246-4a25-a343-48ef9efe33af","text":{"en":"","fr":"","es":"De verdad que está bien, no pasa nad-"},"parent":"861b8f08-cce4-45d7-9560-bc23772bb482","next":"c7e84ff8-e508-4741-babc-4068e94a9d30"},"861b8f08-cce4-45d7-9560-bc23772bb482":{"name":"Matthew","character_uuid":"aee2b52c-ac9f-493d-80d3-e32f0584141b","text":{"en":"","fr":"","es":"Pensé que sería algo gracioso, me equivoqué"},"parent":"5ed8ec5b-3c2a-4855-8765-a386d0690316","next":"8c37c97a-4add-4264-805a-f27243137d1e"},"5ed8ec5b-3c2a-4855-8765-a386d0690316":{"name":"Matthew","character_uuid":"aee2b52c-ac9f-493d-80d3-e32f0584141b","text":{"en":"","fr":"","es":"De verdad que no pensé que te molestaría tanto"},"parent":"e6260d9c-6a5b-4ff0-b8f8-2b550471da98","next":"861b8f08-cce4-45d7-9560-bc23772bb482"},"e6260d9c-6a5b-4ff0-b8f8-2b550471da98":{"name":"Matthew","character_uuid":"aee2b52c-ac9f-493d-80d3-e32f0584141b","text":{"en":"","fr":"","es":"Ah... gracias por aceptar mis disculpas"},"parent":"c72c7718-98c5-43f2-b222-c99ea291f90d","next":"5ed8ec5b-3c2a-4855-8765-a386d0690316"},"c6d3320a-fef9-4f25-afb9-485584634f85":{"name":"Y/N","character_uuid":"8c05e531-d7a2-4093-a743-2034016072f8","text":{"en":"","fr":"","es":"(Toca entrar a clase...)"},"next":"0b508d53-6b94-40ff-b687-7100b1d1a88d","parent":"1add0869-fea9-450f-8326-565e5375d92b"},"1add0869-fea9-450f-8326-565e5375d92b":{"name":"Y/N","character_uuid":"8c05e531-d7a2-4093-a743-2034016072f8","text":{"en":"","fr":"","es":"(Suficiente cotillear por hoy)"},"parent":"85e0c3c9-0e6a-4c79-82f7-35e1a87b2623","next":"c6d3320a-fef9-4f25-afb9-485584634f85"},"85e0c3c9-0e6a-4c79-82f7-35e1a87b2623":{"name":"Richard","character_uuid":"f69f8c71-d246-4a25-a343-48ef9efe33af","text":{"en":"","fr":"","es":"Me encanta, gracias"},"parent":"cc4b813f-3330-4470-9e36-a1583de2a208","next":"1add0869-fea9-450f-8326-565e5375d92b"},"cdb6649b-e883-4e8c-b333-28643df8963a":{"name":"Matthew","character_uuid":"aee2b52c-ac9f-493d-80d3-e32f0584141b","text":{"en":"","fr":"","es":"Si ya lo tienes o no te gusta lo podemos cambia-"},"parent":"55ceefa6-bf25-42f8-b14b-15839811bf3a","next":"cc4b813f-3330-4470-9e36-a1583de2a208"},"cc4b813f-3330-4470-9e36-a1583de2a208":{"name":"Y/N","character_uuid":"8c05e531-d7a2-4093-a743-2034016072f8","text":{"en":"","fr":"","es":"*Oigo a Matthew sorprenderse y luego un silencio corto*"},"parent":"cdb6649b-e883-4e8c-b333-28643df8963a","next":"85e0c3c9-0e6a-4c79-82f7-35e1a87b2623"},"55ceefa6-bf25-42f8-b14b-15839811bf3a":{"name":"Richard","character_uuid":"f69f8c71-d246-4a25-a343-48ef9efe33af","text":{"en":"","fr":"","es":"..."},"parent":"a0026b01-2a6a-4e9f-858c-7b2ab25b18bb","next":"cdb6649b-e883-4e8c-b333-28643df8963a"},"a0026b01-2a6a-4e9f-858c-7b2ab25b18bb":{"name":"Matthew","character_uuid":"aee2b52c-ac9f-493d-80d3-e32f0584141b","text":{"en":"","fr":"","es":"Tuve que preguntarle a mi hermana pero me recomendó este libro asi que... Espero que te guste"},"parent":"b88d36fd-3658-4219-8a57-8f9b1a706bc2","next":"55ceefa6-bf25-42f8-b14b-15839811bf3a"},"b88d36fd-3658-4219-8a57-8f9b1a706bc2":{"name":"Matthew","character_uuid":"aee2b52c-ac9f-493d-80d3-e32f0584141b","text":{"en":"","fr":"","es":"Espero que no lo tengas... te vi el otro dia con un libro de Doctor Who y pensé que sería una buena opción"},"parent":"c3c59ba2-644a-4df8-a38a-ab4028f1935b","next":"a0026b01-2a6a-4e9f-858c-7b2ab25b18bb"},"d19040dd-13f0-4298-aad3-c6d23eb0bcac":{"name":"Delilah","character_uuid":"46e24c71-186e-4df5-9a9b-8b83461d3a92","text":{"en":"","fr":"","es":"¡Te has saltado la parte más importante!"},"parent":"5b199ca7-303f-4e5f-932e-59b8ac2ead1e","next":"9846b794-8dad-4f5a-b8f3-30f2fc686b9f"},"65f38d94-f651-4b9b-9931-8cc4fa897ca1":{"name":"Y/N","character_uuid":"8c05e531-d7a2-4093-a743-2034016072f8","text":{"en":"","fr":"","es":"*Delilah la mira con una pequeña sonrisa pilla*"},"parent":"9846b794-8dad-4f5a-b8f3-30f2fc686b9f","next":"3be118ee-e33e-4e33-8ee6-00301b2a7719"},"9846b794-8dad-4f5a-b8f3-30f2fc686b9f":{"name":"Camille","character_uuid":"2459fb62-fca4-4c9a-b38d-1f868103de0d","text":{"en":"","fr":"","es":"Ah ¿Sí? Creo que necesito que me la recuerdes, je ne me rappelle pas"},"parent":"d19040dd-13f0-4298-aad3-c6d23eb0bcac","next":"65f38d94-f651-4b9b-9931-8cc4fa897ca1"},"68577d6d-4275-46b6-93b5-af4e94dd4d12":{"name":"Delilah","character_uuid":"46e24c71-186e-4df5-9a9b-8b83461d3a92","text":{"en":"","fr":"","es":"Tus diseños son preciosos, si Guiko hablara diria lo mismo"},"parent":"3be118ee-e33e-4e33-8ee6-00301b2a7719","next":"f1738895-a5ce-4dd4-8334-36c1f111d9b7"},"3be118ee-e33e-4e33-8ee6-00301b2a7719":{"name":"Delilah","character_uuid":"46e24c71-186e-4df5-9a9b-8b83461d3a92","text":{"en":"","fr":"","es":"Te lo recordaré tantas veces como haga falta"},"parent":"65f38d94-f651-4b9b-9931-8cc4fa897ca1","next":"68577d6d-4275-46b6-93b5-af4e94dd4d12"},"f1738895-a5ce-4dd4-8334-36c1f111d9b7":{"name":"Camille","character_uuid":"2459fb62-fca4-4c9a-b38d-1f868103de0d","text":{"en":"","fr":"","es":"Hm ¿Sí? ¿Tú crees?"},"parent":"68577d6d-4275-46b6-93b5-af4e94dd4d12","next":"cd264805-1c4d-4e1a-bfb1-3a818a8803b9"},"cd264805-1c4d-4e1a-bfb1-3a818a8803b9":{"name":"Camille","character_uuid":"2459fb62-fca4-4c9a-b38d-1f868103de0d","text":{"en":"","fr":"","es":"¿Tan buenos son?"},"parent":"f1738895-a5ce-4dd4-8334-36c1f111d9b7","next":"2f72641c-1b5c-480a-a47d-b33e6effadae"},"2f72641c-1b5c-480a-a47d-b33e6effadae":{"name":"Y/N","character_uuid":"8c05e531-d7a2-4093-a743-2034016072f8","text":{"en":"","fr":"","es":"*Camille sonrie como si solo quisiera escuchar los halagos*"},"parent":"cd264805-1c4d-4e1a-bfb1-3a818a8803b9","next":"9ca2a14e-f1e9-4bf8-bfb0-bd317a6cb3b1"},"9ca2a14e-f1e9-4bf8-bfb0-bd317a6cb3b1":{"name":"Delilah","character_uuid":"46e24c71-186e-4df5-9a9b-8b83461d3a92","text":{"en":"","fr":"","es":"¡Mhm mhm! "},"parent":"2f72641c-1b5c-480a-a47d-b33e6effadae","next":"c65b8b68-3b40-4310-92cd-b3b1b4153fd9"},"501a93a0-45e2-469b-8b73-c3c7b03db747":{"name":"Delilah","character_uuid":"46e24c71-186e-4df5-9a9b-8b83461d3a92","text":{"en":"","fr":"","es":"Ay, no digas eso, es pura práctica"},"parent":"051e2222-5bea-4e4e-a9f7-d29f9ebb5780","next":"9d8162f0-f898-4bde-bdda-978400088cf5"},"051e2222-5bea-4e4e-a9f7-d29f9ebb5780":{"name":"Camille","character_uuid":"2459fb62-fca4-4c9a-b38d-1f868103de0d","text":{"en":"","fr":"","es":"La persona que los ha editado realmente sabe lo que hace"},"parent":"c65b8b68-3b40-4310-92cd-b3b1b4153fd9","next":"501a93a0-45e2-469b-8b73-c3c7b03db747"},"c65b8b68-3b40-4310-92cd-b3b1b4153fd9":{"name":"Camille","character_uuid":"2459fb62-fca4-4c9a-b38d-1f868103de0d","text":{"en":"","fr":"","es":"Yo creo que Guiko diría primero que los dibujos son preciosos"},"parent":"9ca2a14e-f1e9-4bf8-bfb0-bd317a6cb3b1","next":"051e2222-5bea-4e4e-a9f7-d29f9ebb5780"},"9d8162f0-f898-4bde-bdda-978400088cf5":{"name":"Camille","character_uuid":"2459fb62-fca4-4c9a-b38d-1f868103de0d","text":{"en":"","fr":"","es":"Por eso tiene mérito, ma chèrie"},"parent":"501a93a0-45e2-469b-8b73-c3c7b03db747","next":"7681be7d-0a50-4072-98d0-8d18aef81f60"},"7681be7d-0a50-4072-98d0-8d18aef81f60":{"name":"Y/N","character_uuid":"8c05e531-d7a2-4093-a743-2034016072f8","text":{"en":"","fr":"","es":"(Parece que todo bien por aquí)"},"parent":"9d8162f0-f898-4bde-bdda-978400088cf5","next":"87c6882d-b3da-46a4-a7cb-62c7b5418b05"},"87c6882d-b3da-46a4-a7cb-62c7b5418b05":{"name":"Y/N","character_uuid":"8c05e531-d7a2-4093-a743-2034016072f8","text":{"en":"","fr":"","es":"*Al rato aparecen Matthew y Richard sonrientes, este último con un libro en la mano de... Doctor Who*"},"parent":"7681be7d-0a50-4072-98d0-8d18aef81f60","next":"f8790251-5cc4-43e0-81dd-50155053d26f"},"b3e37103-f4c9-4553-a8a7-c6fdc06186a1":{"name":"Y/N","character_uuid":"8c05e531-d7a2-4093-a743-2034016072f8","text":{"en":"","fr":"","es":"   "},"parent":"9cd83551-0a94-46ca-a211-a5812861f198"},"9cd83551-0a94-46ca-a211-a5812861f198":{"name":"Y/N","character_uuid":"8c05e531-d7a2-4093-a743-2034016072f8","text":{"en":"","fr":"","es":"(Me alegro por ellos)"},"parent":"f8790251-5cc4-43e0-81dd-50155053d26f","next":"b3e37103-f4c9-4553-a8a7-c6fdc06186a1","signals":{"eventName":{"String":"changeBg"},"changeBg":{"String":"fondo_negro"},"parent":"9cd83551-0a94-46ca-a211-a5812861f198"}},"f8790251-5cc4-43e0-81dd-50155053d26f":{"name":"Y/N","character_uuid":"8c05e531-d7a2-4093-a743-2034016072f8","text":{"en":"","fr":"","es":"(Parece que finalmente han hecho las paces)"},"parent":"87c6882d-b3da-46a4-a7cb-62c7b5418b05","next":"9cd83551-0a94-46ca-a211-a5812861f198","signals":{"eventName":{"String":"everyoneExit"},"parent":"f8790251-5cc4-43e0-81dd-50155053d26f"}},"root":{"next":"d870266d-2b74-4992-83a8-50c0cc2a53bb"},"__editor":{"root":{"uuid":"root","offset":[40,100]},"dialogues":[{"uuid":"d870266d-2b74-4992-83a8-50c0cc2a53bb","offset":[220,-20],"parent":"root"},{"uuid":"137ef7ac-814b-4d81-af47-255ea3db711d","offset":[600,-20]},{"uuid":"463a9e57-8d6c-4d87-9275-1cb09b296bdf","offset":[7380,-780]},{"uuid":"74f90d3e-211a-40c0-bec0-94d32bb3448e","offset":[7760,-780]},{"uuid":"1329f917-4447-4c55-a01a-89800b2dc597","offset":[8140,-780]},{"uuid":"5fb1422a-532d-4cd7-ae7d-3aa1b86e72d9","offset":[8520,-780]},{"uuid":"f827228a-d91b-4600-b91b-8a19cdfe8314","offset":[8900,-780]},{"uuid":"ed4619e9-58ff-4d9c-b9c1-1dbbdf4c194a","offset":[7000,-780]},{"uuid":"0b508d53-6b94-40ff-b687-7100b1d1a88d","offset":[6620,-780]},{"uuid":"1b67d3ef-fd8b-4a13-938c-04beab1542af","offset":[1360,-20]},{"uuid":"64e3ad9c-3dc0-4d19-a8c5-875ffb1f4227","offset":[980,-20]},{"uuid":"a4c47502-c70b-4751-8c48-4055d49600c2","offset":[2300,160]},{"uuid":"b771537b-cd95-43e2-beb3-67bfc4caaf2e","offset":[2700,160]},{"uuid":"418e1318-795c-4495-8f42-621f1a88157f","offset":[3720,440]},{"uuid":"3c1af6a9-0619-405a-9d7e-077ea73476d7","offset":[4100,440]},{"uuid":"3c51e1ab-417f-4a82-8155-e5a48e8affc9","offset":[4080,60]},{"uuid":"4a760197-8294-48f1-a6ce-1afb244d5be0","offset":[3700,60]},{"uuid":"c72c7718-98c5-43f2-b222-c99ea291f90d","offset":[6600,1680]},{"uuid":"5be44637-c8a6-4954-bb37-b0291077ca7d","offset":[6980,1680]},{"uuid":"7b98b380-bb0d-464b-9202-706808935ef7","offset":[6980,1320]},{"uuid":"bef3f575-baf2-47b1-bbe6-143965f22499","offset":[6600,1320]},{"uuid":"ea575dd4-231b-4b08-8209-81cbce0e80b5","offset":[6220,1320]},{"uuid":"3f1dbfff-6401-452b-9d82-5f0caa450561","offset":[5840,1320]},{"uuid":"ddf0fd94-a8bc-4066-ba46-840dc64836f7","offset":[5460,1320]},{"uuid":"db16deed-a7f9-4536-a4db-ce7746a8e6a4","offset":[5460,940]},{"uuid":"32ff5f27-2d23-4f0c-a420-018519258670","offset":[5840,940]},{"uuid":"e36255e9-10c3-47c7-bd2c-74c57812dfbe","offset":[6220,940]},{"uuid":"921ae117-9958-450d-ac60-2ee6ad68341e","offset":[6600,940]},{"uuid":"2420b254-ca6d-4777-9571-b6013853a34d","offset":[6980,940]},{"uuid":"b19b5751-6c10-426a-b93d-614cc9d9c035","offset":[6980,580]},{"uuid":"6682a566-585d-4dd2-9a58-411a30eba56b","offset":[6600,580]},{"uuid":"bcf86803-221b-43be-ab1c-f57c87ca774a","offset":[6220,580]},{"uuid":"7affb686-242b-4c69-aaf5-c2d94d5206d7","offset":[5460,580]},{"uuid":"52977dc6-9090-498d-8054-7bb5e6c50868","offset":[5840,580]},{"uuid":"4b12ad11-9d21-4657-8557-4f33a8198ea4","offset":[4480,440]},{"uuid":"5b199ca7-303f-4e5f-932e-59b8ac2ead1e","offset":[8520,-400]},{"uuid":"005b1080-9593-4b8b-b379-6dd2d357c4b0","offset":[8900,-400]},{"uuid":"9f78b2d6-c9e9-4f8c-8992-3cf2f82ae45a","offset":[5700,-600]},{"uuid":"3cbaf98c-5c5c-4e37-b52c-c94a8dc87bf2","offset":[5320,-600]},{"uuid":"31e3ba5c-9c5b-4aa0-90fd-5ac7b04114d8","offset":[4940,-600]},{"uuid":"670f6a32-62b4-484b-a180-656eab4e9b28","offset":[4560,-600]},{"uuid":"792f1175-8576-4877-b16d-31ccb1ec8178","offset":[4460,60]},{"uuid":"c3c59ba2-644a-4df8-a38a-ab4028f1935b","offset":[6980,2040]},{"uuid":"c70ae6b8-f1fe-4426-920b-883bcd32582c","offset":[6600,2040]},{"uuid":"a005a024-55a5-46bf-9058-034d9df94ff0","offset":[6220,2040]},{"uuid":"c7e84ff8-e508-4741-babc-4068e94a9d30","offset":[5840,2040]},{"uuid":"8c37c97a-4add-4264-805a-f27243137d1e","offset":[5460,2040]},{"uuid":"861b8f08-cce4-45d7-9560-bc23772bb482","offset":[5460,1680]},{"uuid":"5ed8ec5b-3c2a-4855-8765-a386d0690316","offset":[5840,1680]},{"uuid":"e6260d9c-6a5b-4ff0-b8f8-2b550471da98","offset":[6220,1680]},{"uuid":"c6d3320a-fef9-4f25-afb9-485584634f85","offset":[6300,-140]},{"uuid":"1add0869-fea9-450f-8326-565e5375d92b","offset":[7520,580]},{"uuid":"85e0c3c9-0e6a-4c79-82f7-35e1a87b2623","offset":[7660,1080]},{"uuid":"cdb6649b-e883-4e8c-b333-28643df8963a","offset":[7740,1640]},{"uuid":"cc4b813f-3330-4470-9e36-a1583de2a208","offset":[8120,1640]},{"uuid":"55ceefa6-bf25-42f8-b14b-15839811bf3a","offset":[8120,2040]},{"uuid":"a0026b01-2a6a-4e9f-858c-7b2ab25b18bb","offset":[7740,2040]},{"uuid":"b88d36fd-3658-4219-8a57-8f9b1a706bc2","offset":[7360,2040]},{"uuid":"d19040dd-13f0-4298-aad3-c6d23eb0bcac","offset":[8140,-400]},{"uuid":"65f38d94-f651-4b9b-9931-8cc4fa897ca1","offset":[7380,-400]},{"uuid":"9846b794-8dad-4f5a-b8f3-30f2fc686b9f","offset":[7760,-400]},{"uuid":"68577d6d-4275-46b6-93b5-af4e94dd4d12","offset":[7000,-20]},{"uuid":"3be118ee-e33e-4e33-8ee6-00301b2a7719","offset":[7000,-400]},{"uuid":"f1738895-a5ce-4dd4-8334-36c1f111d9b7","offset":[7380,-20]},{"uuid":"cd264805-1c4d-4e1a-bfb1-3a818a8803b9","offset":[7760,-20]},{"uuid":"2f72641c-1b5c-480a-a47d-b33e6effadae","offset":[8140,-20]},{"uuid":"9ca2a14e-f1e9-4bf8-bfb0-bd317a6cb3b1","offset":[8520,-20]},{"uuid":"501a93a0-45e2-469b-8b73-c3c7b03db747","offset":[8520,340]},{"uuid":"051e2222-5bea-4e4e-a9f7-d29f9ebb5780","offset":[8900,340]},{"uuid":"c65b8b68-3b40-4310-92cd-b3b1b4153fd9","offset":[8900,-20]},{"uuid":"9d8162f0-f898-4bde-bdda-978400088cf5","offset":[8140,340]},{"uuid":"7681be7d-0a50-4072-98d0-8d18aef81f60","offset":[8140,720]},{"uuid":"87c6882d-b3da-46a4-a7cb-62c7b5418b05","offset":[8520,720]},{"uuid":"b3e37103-f4c9-4553-a8a7-c6fdc06186a1","offset":[9660,720]},{"uuid":"9cd83551-0a94-46ca-a211-a5812861f198","offset":[9280,720]},{"uuid":"f8790251-5cc4-43e0-81dd-50155053d26f","offset":[8900,720]}],"conditions":[],"signals":[{"uuid":"a79b5ed3-7887-4df8-b642-7dbb87117fb2","offset":[620,-380],"parent":"d870266d-2b74-4992-83a8-50c0cc2a53bb"},{"uuid":"d2ae2ac9-1d29-49b5-91f6-433f84f118bf","offset":[7760,-1120],"parent":"463a9e57-8d6c-4d87-9275-1cb09b296bdf"},{"uuid":"ea90c3eb-4369-430c-bc73-e8988501b3fa","offset":[8180,-1120],"parent":"74f90d3e-211a-40c0-bec0-94d32bb3448e"},{"uuid":"c16ada34-2e09-4077-9a76-b6d40b91536a","offset":[4060,-300],"parent":"4a760197-8294-48f1-a6ce-1afb244d5be0","data":{"eventName":{"String":"characterEnter"},"characterEnter":{"String":"matthew"},"parent":"4a760197-8294-48f1-a6ce-1afb244d5be0"}},{"uuid":"ca5a605a-49ac-4c8f-acfc-28193c7cd775","offset":[6600,240],"parent":"bcf86803-221b-43be-ab1c-f57c87ca774a"},{"uuid":"81c4481f-e0fd-4ad6-9dfd-c607df502e2e","offset":[5840,240],"parent":"7affb686-242b-4c69-aaf5-c2d94d5206d7","data":{"eventName":{"String":"characterEnter"},"characterEnter":{"String":"matthew"},"parent":"7affb686-242b-4c69-aaf5-c2d94d5206d7"}},{"uuid":"d4bd9400-f36a-43a0-aff8-04f0239daaa8","offset":[5700,-240],"parent":"3cbaf98c-5c5c-4e37-b52c-c94a8dc87bf2"},{"uuid":"46226f49-37d7-41e0-932c-063e1b94ab9e","offset":[9680,1080],"parent":"9cd83551-0a94-46ca-a211-a5812861f198"},{"uuid":"fe6206d9-1594-4651-89af-1addd99b71bf","offset":[7020,-1140],"parent":"0b508d53-6b94-40ff-b687-7100b1d1a88d"},{"uuid":"ed8b5b9f-605d-4887-bc18-3e856f609b55","offset":[9280,1100],"parent":"f8790251-5cc4-43e0-81dd-50155053d26f"}],"choices":[{"uuid":"5c6202a1-74ff-4e34-bd28-0d16a8a59aab","offset":[1900,220],"parent":"1b67d3ef-fd8b-4a13-938c-04beab1542af"},{"uuid":"3f8f594e-d966-4129-b417-079f9e06ae4d","offset":[3240,120],"parent":"b771537b-cd95-43e2-beb3-67bfc4caaf2e"},{"uuid":"fdaf0c2d-3073-4720-99ba-204fea3bb3a7","offset":[3300,400],"parent":"b771537b-cd95-43e2-beb3-67bfc4caaf2e"},{"uuid":"13f4986b-7030-4906-8716-cff08694b5b5","offset":[3600,-920],"parent":"b771537b-cd95-43e2-beb3-67bfc4caaf2e"},{"uuid":"1a3ce02d-1198-4ab2-a389-20ba33a927fc","offset":[5040,300],"parent":"4b12ad11-9d21-4657-8557-4f33a8198ea4"},{"uuid":"cc8257d2-84ca-4b87-99e1-600692f6a65e","offset":[5040,720],"parent":"4b12ad11-9d21-4657-8557-4f33a8198ea4"}]}}