{"62f43425-2961-4129-94aa-2cc1516381b0":{"name":"Y/N","character_uuid":"aee2b52c-ac9f-493d-80d3-e32f0584141b","text":{"en":"","fr":"","es":"(Cada vez queda menos para que acabe el curso)"},"parent":"root","next":"a91b7989-310b-4760-b206-555c8c5480ef"},"a91b7989-310b-4760-b206-555c8c5480ef":{"name":"Y/N","character_uuid":"aee2b52c-ac9f-493d-80d3-e32f0584141b","text":{"en":"","fr":"","es":"(y pensar que ha pasado ya casi el curso entero...)"},"parent":"62f43425-2961-4129-94aa-2cc1516381b0","next":"269bef57-8210-4eeb-af44-78ccdf2fb718","signals":{"eventName":{"String":"changeBg"},"changeBg":{"String":"clase"},"parent":"a91b7989-310b-4760-b206-555c8c5480ef"}},"269bef57-8210-4eeb-af44-78ccdf2fb718":{"name":"Y/N","character_uuid":"aee2b52c-ac9f-493d-80d3-e32f0584141b","text":{"en":"","fr":"","es":"(Al entrar al aula, veo a Camille y Delilah hablando , ultimamente pasan mucho tiempo juntas)"},"parent":"a91b7989-310b-4760-b206-555c8c5480ef","next":"81049042-d93d-446c-a42d-2f559bd854fc"},"f4d67033-41d7-4737-84d4-5656d1896c93":{"name":"Y/N","character_uuid":"8c05e531-d7a2-4093-a743-2034016072f8","text":{"en":"","fr":"","es":"(Me siento al lado de Camille y ella me dirige una pequeña sonrisa)"},"parent":"c6dba692-1c22-4591-a333-0181edd76836","next":"36faeb31-316b-47ae-9c51-8a176ebcce4f","signals":{"eventName":{"String":"characterEnter"},"characterEnter":{"String":"camille"},"parent":"f4d67033-41d7-4737-84d4-5656d1896c93"}},"3fa9472d-36d1-4181-8e32-e611eae0220d":{"name":"Y/N","character_uuid":"8c05e531-d7a2-4093-a743-2034016072f8","text":{"en":"","fr":"","es":"(Me siento al lado de Delilah y ella me sonrie cálidamente, como siempre tan agradable)"},"parent":"16c36f2d-ab15-416b-ae50-6b3079a1703e","next":"91dcd669-1f95-4899-b2a3-ee5b1d4d08b9","signals":{"eventName":{"String":"characterEnter"},"characterEnter":{"String":"delilah"},"parent":"3fa9472d-36d1-4181-8e32-e611eae0220d"}},"faf6e349-efe0-4231-ac9d-5ae0e4b606bf":{"name":"Y/N","character_uuid":"8c05e531-d7a2-4093-a743-2034016072f8","text":{"en":"","fr":"","es":"(Matthew no responde mucho cuando me siento a su lado)"},"parent":"38b38e47-0772-48c8-8623-d001a4ee3efc","next":"20c37e7d-0d94-4859-8316-b953d2c404a3","signals":{"eventName":{"String":"characterEnter"},"characterEnter":{"String":"matthew"},"parent":"faf6e349-efe0-4231-ac9d-5ae0e4b606bf"}},"eedcfa7a-c826-4afc-a0b4-f40806f5d7e7":{"name":"Y/N","character_uuid":"8c05e531-d7a2-4093-a743-2034016072f8","text":{"en":"","fr":"","es":"(Richard me sonrie ligermanete, parece cansado)"},"parent":"59d3c8af-1c99-441d-801e-ab0c08553556","next":"af5e7cbf-3120-4e00-b1d8-324a6f2d68b5","signals":{"eventName":{"String":"characterEnter"},"characterEnter":{"String":"richard"},"parent":"eedcfa7a-c826-4afc-a0b4-f40806f5d7e7"}},"36faeb31-316b-47ae-9c51-8a176ebcce4f":{"name":"Camille","character_uuid":"2459fb62-fca4-4c9a-b38d-1f868103de0d","text":{"en":"","fr":"","es":"(Camille parece entender mucho de la asignatura y me ayuda con la clase)"},"parent":"f4d67033-41d7-4737-84d4-5656d1896c93","next":"8be13bfa-2dcb-4133-a455-1ae92d2ed968","signals":{"eventName":{"String":"affinityUp"},"affinityUp":{"String":"camille"},"parent":"36faeb31-316b-47ae-9c51-8a176ebcce4f"}},"91dcd669-1f95-4899-b2a3-ee5b1d4d08b9":{"name":"Y/N","character_uuid":"8c05e531-d7a2-4093-a743-2034016072f8","text":{"en":"","fr":"","es":"(Tenemos problemas entendiendo la clase pero nos ayudamos mutuamente)"},"parent":"3fa9472d-36d1-4181-8e32-e611eae0220d","next":"8be13bfa-2dcb-4133-a455-1ae92d2ed968","signals":{"eventName":{"String":"affinityUp"},"affinityUp":{"String":"delilah"},"parent":"91dcd669-1f95-4899-b2a3-ee5b1d4d08b9"}},"20c37e7d-0d94-4859-8316-b953d2c404a3":{"name":"Y/N","character_uuid":"8c05e531-d7a2-4093-a743-2034016072f8","text":{"en":"","fr":"","es":"(Le ayudo con la clase y me lo agradece profundamente)"},"parent":"faf6e349-efe0-4231-ac9d-5ae0e4b606bf","next":"8be13bfa-2dcb-4133-a455-1ae92d2ed968","signals":{"eventName":{"String":"affinityUp"},"affinityUp":{"String":"matthew"},"parent":"20c37e7d-0d94-4859-8316-b953d2c404a3"}},"af5e7cbf-3120-4e00-b1d8-324a6f2d68b5":{"name":"Y/N","character_uuid":"8c05e531-d7a2-4093-a743-2034016072f8","text":{"en":"","fr":"","es":"(Ambos estamos callados atendiendo pero a veces gira su hoja para que vea sus apuntes)"},"parent":"eedcfa7a-c826-4afc-a0b4-f40806f5d7e7","next":"8be13bfa-2dcb-4133-a455-1ae92d2ed968","signals":{"eventName":{"String":"affinityUp"},"affinityUp":{"String":"richard"},"parent":"af5e7cbf-3120-4e00-b1d8-324a6f2d68b5"}},"c66be245-e3e6-40c0-83c6-0f6bc1f29bcb":{"name":"Y/N","character_uuid":"8c05e531-d7a2-4093-a743-2034016072f8","text":{"en":"","fr":"","es":"(¿Con quién me deberia sentar hoy?)"},"choices":[{"text":{"en":"","fr":"","es":"   Camille   "},"next":"f4d67033-41d7-4737-84d4-5656d1896c93","parent":"c66be245-e3e6-40c0-83c6-0f6bc1f29bcb"},{"text":{"en":"","fr":"","es":"   Delilah   "},"next":"3fa9472d-36d1-4181-8e32-e611eae0220d","parent":"c66be245-e3e6-40c0-83c6-0f6bc1f29bcb"},{"text":{"en":"","fr":"","es":"   Matthew   "},"next":"faf6e349-efe0-4231-ac9d-5ae0e4b606bf","parent":"c66be245-e3e6-40c0-83c6-0f6bc1f29bcb"},{"text":{"en":"","fr":"","es":"   Richard   "},"next":"eedcfa7a-c826-4afc-a0b4-f40806f5d7e7","parent":"c66be245-e3e6-40c0-83c6-0f6bc1f29bcb"}],"parent":"18ab0649-ad4c-46a6-9599-aed0c0d46ffa","signals":{"eventName":{"String":"everyoneExit"},"parent":"c66be245-e3e6-40c0-83c6-0f6bc1f29bcb"}},"81049042-d93d-446c-a42d-2f559bd854fc":{"name":"Y/N","character_uuid":"aee2b52c-ac9f-493d-80d3-e32f0584141b","text":{"en":"","fr":"","es":"*Me acerco para hablar con ellas*"},"next":"e875bd50-b5fd-418c-a259-774226071bb2","parent":"269bef57-8210-4eeb-af44-78ccdf2fb718"},"e875bd50-b5fd-418c-a259-774226071bb2":{"name":"Y/N","character_uuid":"aee2b52c-ac9f-493d-80d3-e32f0584141b","text":{"en":"","fr":"","es":"¡Hola chicas!"},"parent":"81049042-d93d-446c-a42d-2f559bd854fc","next":"69e15fd3-2532-4d23-8cc1-039b364f15b4","signals":{"eventName":{"String":"characterEnter"},"characterEnter":{"String":"delilah"},"parent":"e875bd50-b5fd-418c-a259-774226071bb2"}},"69e15fd3-2532-4d23-8cc1-039b364f15b4":{"name":"Delilah","character_uuid":"46e24c71-186e-4df5-9a9b-8b83461d3a92","text":{"en":"","fr":"","es":"¡Hola de nuevo y/n!"},"parent":"e875bd50-b5fd-418c-a259-774226071bb2","next":"5437508a-6cd6-4c37-8e74-7c2c2b653f1f","signals":{"eventName":{"String":"characterEnter"},"characterEnter":{"String":"camille"},"parent":"69e15fd3-2532-4d23-8cc1-039b364f15b4"}},"8be13bfa-2dcb-4133-a455-1ae92d2ed968":{"name":"Y/N","character_uuid":"8c05e531-d7a2-4093-a743-2034016072f8","text":{"en":"","fr":"","es":"(El dia pasa con normalidad...)"},"next":"ab944efa-30a6-4e05-abc3-cdef6145e31a","parent":"af5e7cbf-3120-4e00-b1d8-324a6f2d68b5","signals":{"eventName":{"String":"everyoneExit"},"parent":"8be13bfa-2dcb-4133-a455-1ae92d2ed968"}},"ab944efa-30a6-4e05-abc3-cdef6145e31a":{"name":"Y/N","character_uuid":"8c05e531-d7a2-4093-a743-2034016072f8","text":{"en":"","fr":"","es":"Estoy para el arrastre..."},"parent":"8be13bfa-2dcb-4133-a455-1ae92d2ed968","signals":{"eventName":{"String":"changeBg"},"changeBg":{"String":"fondo_negro"},"parent":"ab944efa-30a6-4e05-abc3-cdef6145e31a"},"next":"775add19-a407-4d10-a586-c525dd3c380d"},"5437508a-6cd6-4c37-8e74-7c2c2b653f1f":{"name":"Y/N","character_uuid":"aee2b52c-ac9f-493d-80d3-e32f0584141b","text":{"en":"","fr":"","es":"(Camille me saluda asintiendo en mi dirección con una ligera sonrisa)"},"parent":"69e15fd3-2532-4d23-8cc1-039b364f15b4","next":"5b873052-33dd-4205-a101-b5e2e8046695"},"5b873052-33dd-4205-a101-b5e2e8046695":{"name":"Delilah","character_uuid":"46e24c71-186e-4df5-9a9b-8b83461d3a92","text":{"en":"","fr":"","es":"¿Has oido lo de Richard y Matthew?"},"parent":"5437508a-6cd6-4c37-8e74-7c2c2b653f1f","choices":[{"text":{"en":"","fr":"","es":"   ¿El qué?   "},"next":"f26eeb38-28ef-4e4b-83f4-10e746dd1dc0","parent":"5b873052-33dd-4205-a101-b5e2e8046695"},{"text":{"en":"","fr":"","es":"   Sí, claro   "},"next":"16976c2a-8711-4947-9d14-079fb3e6aef8","parent":"5b873052-33dd-4205-a101-b5e2e8046695"}]},"16976c2a-8711-4947-9d14-079fb3e6aef8":{"name":"Camille","character_uuid":"2459fb62-fca4-4c9a-b38d-1f868103de0d","text":{"en":"","fr":"","es":"¿Te crees que tienes un humor muy bueno, no?"},"parent":"73c3df6c-11c3-4388-9b7c-3ae7fa65bb0e","next":"228ddee9-da3a-4979-b520-716c7c2976f4"},"f26eeb38-28ef-4e4b-83f4-10e746dd1dc0":{"name":"Delilah","character_uuid":"46e24c71-186e-4df5-9a9b-8b83461d3a92","text":{"en":"","fr":"","es":"¡Ay ay!"},"parent":"436b306a-013b-40f6-ac9b-578f8ca31e1b","next":"d53d34d5-114a-485d-b9e5-e60868a4957b"},"228ddee9-da3a-4979-b520-716c7c2976f4":{"name":"Y/N","character_uuid":"aee2b52c-ac9f-493d-80d3-e32f0584141b","text":{"en":"","fr":"","es":"(Camille sonríe entretenida pero Delilah le pega un flojo codazo)"},"parent":"16976c2a-8711-4947-9d14-079fb3e6aef8","next":"b4dc4f1c-5ea2-4cf2-abba-1145b9f16029","signals":{"eventName":{"String":"affinityUp"},"affinityUp":{"String":"camille"},"parent":"228ddee9-da3a-4979-b520-716c7c2976f4"}},"b4dc4f1c-5ea2-4cf2-abba-1145b9f16029":{"name":"Delilah","character_uuid":"46e24c71-186e-4df5-9a9b-8b83461d3a92","text":{"en":"","fr":"","es":"¡Camille!"},"parent":"228ddee9-da3a-4979-b520-716c7c2976f4","next":"8638fb1b-5ee0-417a-a237-4c85f4dcda44"},"bcd0e6c1-707f-4ebc-81fb-a4f3fd44e700":{"name":"Y/N","character_uuid":"aee2b52c-ac9f-493d-80d3-e32f0584141b","text":{"en":"","fr":"","es":"(Camille sonrie hacia Delilah, su sonrisa parece mas genuina de lo normal)"},"parent":"8638fb1b-5ee0-417a-a237-4c85f4dcda44","next":"67ecb484-0be6-4856-9ff1-087f2d4db177"},"8638fb1b-5ee0-417a-a237-4c85f4dcda44":{"name":"Camille","character_uuid":"2459fb62-fca4-4c9a-b38d-1f868103de0d","text":{"en":"","fr":"","es":"Perdóname, Delilah, ma chèrie"},"parent":"b4dc4f1c-5ea2-4cf2-abba-1145b9f16029","next":"bcd0e6c1-707f-4ebc-81fb-a4f3fd44e700"},"d53d34d5-114a-485d-b9e5-e60868a4957b":{"name":"Camille","character_uuid":"2459fb62-fca4-4c9a-b38d-1f868103de0d","text":{"en":"","fr":"","es":"¿Vives debajo de una roca? ¿Cómo no te has enterado?"},"parent":"f26eeb38-28ef-4e4b-83f4-10e746dd1dc0","next":"fdac9e71-e455-4344-b707-634ea6ad1611"},"fdac9e71-e455-4344-b707-634ea6ad1611":{"name":"Y/N","character_uuid":"aee2b52c-ac9f-493d-80d3-e32f0584141b","text":{"en":"","fr":"","es":"Pero ¿qué es? Decidlo ya"},"parent":"d53d34d5-114a-485d-b9e5-e60868a4957b","next":"a22345ee-3946-4a45-9691-70b918c5c760"},"a22345ee-3946-4a45-9691-70b918c5c760":{"name":"Y/N","character_uuid":"aee2b52c-ac9f-493d-80d3-e32f0584141b","text":{"en":"","fr":"","es":"(Delilah se rie por lo bajo)"},"parent":"fdac9e71-e455-4344-b707-634ea6ad1611","next":"3f1ca617-c110-4702-a734-461284944340","signals":{"eventName":{"String":"affinityUp"},"affinityUp":{"String":"delilah"},"parent":"a22345ee-3946-4a45-9691-70b918c5c760"}},"3f1ca617-c110-4702-a734-461284944340":{"name":"Y/N","character_uuid":"aee2b52c-ac9f-493d-80d3-e32f0584141b","text":{"en":"","fr":"","es":"(Camille sonríe satisfecha)"},"parent":"a22345ee-3946-4a45-9691-70b918c5c760","next":"67ecb484-0be6-4856-9ff1-087f2d4db177"},"67ecb484-0be6-4856-9ff1-087f2d4db177":{"name":"Delilah","character_uuid":"46e24c71-186e-4df5-9a9b-8b83461d3a92","text":{"en":"","fr":"","es":"¡Matthew y Richard no paran de discutir en twitter!"},"parent":"3f1ca617-c110-4702-a734-461284944340","next":"c1703f56-8088-41fc-a191-67da2aef0cc8"},"c1703f56-8088-41fc-a191-67da2aef0cc8":{"name":"Delilah","character_uuid":"46e24c71-186e-4df5-9a9b-8b83461d3a92","text":{"en":"","fr":"","es":"Pero no es solamente una discusión, ¡parece algo más!"},"parent":"67ecb484-0be6-4856-9ff1-087f2d4db177","next":"40cbec64-ebec-4bb9-8942-667bdb963e26"},"40cbec64-ebec-4bb9-8942-667bdb963e26":{"name":"Camille","character_uuid":"2459fb62-fca4-4c9a-b38d-1f868103de0d","text":{"en":"","fr":"","es":"Mhm, vraiment, c'est magnifique"},"parent":"c1703f56-8088-41fc-a191-67da2aef0cc8","next":"0776f173-4024-4cc2-941a-bf80b9e57248"},"0776f173-4024-4cc2-941a-bf80b9e57248":{"name":"Y/N","character_uuid":"aee2b52c-ac9f-493d-80d3-e32f0584141b","text":{"en":"","fr":"","es":"Pero, pensaba que se llevaban mal"},"parent":"40cbec64-ebec-4bb9-8942-667bdb963e26","next":"b481b59e-4bc8-4bc3-9553-23edc3dc23e3"},"b481b59e-4bc8-4bc3-9553-23edc3dc23e3":{"name":"Camille","character_uuid":"2459fb62-fca4-4c9a-b38d-1f868103de0d","text":{"en":"","fr":"","es":"Eso pensábamos todos, pero hay algo más..."},"parent":"0776f173-4024-4cc2-941a-bf80b9e57248","next":"5df6c1f9-81f4-47d2-a578-65670f8feb55"},"5df6c1f9-81f4-47d2-a578-65670f8feb55":{"name":"Delilah","character_uuid":"46e24c71-186e-4df5-9a9b-8b83461d3a92","text":{"en":"","fr":"","es":"¡Ay que ahí vienen!"},"parent":"b481b59e-4bc8-4bc3-9553-23edc3dc23e3","choices":[{"text":{"en":"","fr":"","es":"   Quedarse hablando con Camille y Delilah   "},"next":"f1756321-9e96-4642-857c-ca6ed1107c7e","parent":"5df6c1f9-81f4-47d2-a578-65670f8feb55"},{"text":{"en":"","fr":"","es":"   Acercarse a hablar con Richard   "},"next":"b1b98752-5f4a-423e-9cdf-33610b758da7","parent":"5df6c1f9-81f4-47d2-a578-65670f8feb55"},{"text":{"en":"","fr":"","es":"   Acercarse a hablar con Matthew   "},"next":"ba2554e0-1840-4cd4-b93f-d0716961da42","parent":"5df6c1f9-81f4-47d2-a578-65670f8feb55"}]},"a7e368e8-bacc-4d02-b03b-5465e7ead49b":{"name":"Y/N","character_uuid":"8c05e531-d7a2-4093-a743-2034016072f8","text":{"en":"","fr":"","es":"¡Matthew! ¡Qué tal!"},"next":"9ddbef9e-241d-4d5a-ad98-aea8fda958a5","parent":"ba2554e0-1840-4cd4-b93f-d0716961da42","signals":{"eventName":{"String":"characterEnter"},"characterEnter":{"String":"matthew"},"parent":"a7e368e8-bacc-4d02-b03b-5465e7ead49b"}},"9ddbef9e-241d-4d5a-ad98-aea8fda958a5":{"name":"Y/N","character_uuid":"aee2b52c-ac9f-493d-80d3-e32f0584141b","text":{"en":"","fr":"","es":"(Matthew se ve más tímido de lo normal... va un poco cabizbajo)"},"parent":"a7e368e8-bacc-4d02-b03b-5465e7ead49b","next":"4558ef47-f538-4c53-a041-f7eb5b94967a"},"4558ef47-f538-4c53-a041-f7eb5b94967a":{"name":"Matthew","character_uuid":"aee2b52c-ac9f-493d-80d3-e32f0584141b","text":{"en":"","fr":"","es":"Ah, y/n, ¿Qué tal?"},"parent":"9ddbef9e-241d-4d5a-ad98-aea8fda958a5","choices":[{"text":{"en":"","fr":"","es":"   Yo bien, yo bien, a ti también se te ve bien   "},"next":"38e666dc-88cd-478c-bb3d-dcb0f8a833b3","parent":"4558ef47-f538-4c53-a041-f7eb5b94967a"},{"text":{"en":"","fr":"","es":"   Yo pregunté antes, pero bien   "},"next":"abbfc013-ea18-42ae-ba89-3949efe8e6fa","parent":"4558ef47-f538-4c53-a041-f7eb5b94967a"}]},"abbfc013-ea18-42ae-ba89-3949efe8e6fa":{"name":"Matthew","character_uuid":"aee2b52c-ac9f-493d-80d3-e32f0584141b","text":{"en":"","fr":"","es":"Eh... yo bien también"},"parent":"314cc9bf-ae9f-4a10-a2a7-7fdaacdb8f4c","next":"37f81fe8-86bc-4ff0-b1a4-c73eff988607"},"38e666dc-88cd-478c-bb3d-dcb0f8a833b3":{"name":"Matthew","character_uuid":"aee2b52c-ac9f-493d-80d3-e32f0584141b","text":{"en":"","fr":"","es":"Yeh... muy muy bien, nunca he estado mejor"},"parent":"aae38ffb-3a5a-45b6-b4bd-2d38876541a5","next":"37f81fe8-86bc-4ff0-b1a4-c73eff988607"},"37f81fe8-86bc-4ff0-b1a4-c73eff988607":{"name":"Y/N","character_uuid":"8c05e531-d7a2-4093-a743-2034016072f8","text":{"en":"","fr":"","es":"Parece que has perdido una ranked, ¿es eso?"},"parent":"38e666dc-88cd-478c-bb3d-dcb0f8a833b3","conditions":[{"parent":"37f81fe8-86bc-4ff0-b1a4-c73eff988607","affValue":{"value":19,"operator":"greater","type":"int"},"charNum":{"value":2,"operator":"equal","type":"int"},"next":"53576c87-7343-4e0b-84a3-cbf8a3f73f91"},{"parent":"37f81fe8-86bc-4ff0-b1a4-c73eff988607","affValue":{"value":20,"operator":"lower","type":"int"},"charNum":{"value":2,"operator":"equal","type":"int"},"next":"88c6ed65-113a-4b59-bf58-fd5b2a776517"}]},"88c6ed65-113a-4b59-bf58-fd5b2a776517":{"name":"Matthew","character_uuid":"aee2b52c-ac9f-493d-80d3-e32f0584141b","text":{"en":"","fr":"","es":"Eh... ¡Sí! ¡Es eso!"},"parent":"6193b4cc-6998-41ee-8131-c8d6fce54544","next":"35225629-b087-4bdc-9907-c7573f9c9f57"},"53576c87-7343-4e0b-84a3-cbf8a3f73f91":{"name":"Matthew","character_uuid":"aee2b52c-ac9f-493d-80d3-e32f0584141b","text":{"en":"","fr":"","es":"..."},"parent":"f718483f-be59-40a9-9804-ab18ff1925d2","next":"6729ee46-9091-4e82-9761-6ab561a60c7e"},"35225629-b087-4bdc-9907-c7573f9c9f57":{"name":"Matthew","character_uuid":"aee2b52c-ac9f-493d-80d3-e32f0584141b","text":{"en":"","fr":"","es":"Me tocó con un Varus top... Nada bueno sale de ahi..."},"parent":"88c6ed65-113a-4b59-bf58-fd5b2a776517","next":"e9bb610c-132b-4f14-9921-c4381f4de27f"},"e9bb610c-132b-4f14-9921-c4381f4de27f":{"name":"Y/N","character_uuid":"8c05e531-d7a2-4093-a743-2034016072f8","text":{"en":"","fr":"","es":"Entiendo, suena complicado"},"parent":"35225629-b087-4bdc-9907-c7573f9c9f57","next":"46a0f447-7430-4015-95c7-fc188a2484d3"},"46a0f447-7430-4015-95c7-fc188a2484d3":{"name":"Matthew","character_uuid":"aee2b52c-ac9f-493d-80d3-e32f0584141b","text":{"en":"","fr":"","es":"¡Lo es¡ No tengo prioridad en top porque el jungla enemigo esta abusando de él pero también me flames porque muere!"},"parent":"e9bb610c-132b-4f14-9921-c4381f4de27f","next":"020b60e8-ff4e-45c1-afaf-5812afca618f"},"020b60e8-ff4e-45c1-afaf-5812afca618f":{"name":"Y/N","character_uuid":"8c05e531-d7a2-4093-a743-2034016072f8","text":{"en":"","fr":"","es":"(Alento a Matthew, parece estar más relajado ahora)"},"parent":"46a0f447-7430-4015-95c7-fc188a2484d3","next":"0cc2f748-aa9f-4682-aadd-81e9980f4391"},"0cc2f748-aa9f-4682-aadd-81e9980f4391":{"name":"Y/N","character_uuid":"8c05e531-d7a2-4093-a743-2034016072f8","text":{"en":"","fr":"","es":"(Le dejo en paz esperando a que empiece la clase)"},"parent":"56c17242-b289-4993-a68b-35dabaf34775","next":"c66be245-e3e6-40c0-83c6-0f6bc1f29bcb"},"6729ee46-9091-4e82-9761-6ab561a60c7e":{"name":"Matthew","character_uuid":"aee2b52c-ac9f-493d-80d3-e32f0584141b","text":{"en":"","fr":"","es":"...no le digas esto a nadie ¿Vale?"},"parent":"53576c87-7343-4e0b-84a3-cbf8a3f73f91","next":"f2029b0d-cf98-448b-8367-647c11488d72"},"f2029b0d-cf98-448b-8367-647c11488d72":{"name":"Matthew","character_uuid":"aee2b52c-ac9f-493d-80d3-e32f0584141b","text":{"en":"","fr":"","es":"¿Lo juras?"},"parent":"6729ee46-9091-4e82-9761-6ab561a60c7e","choices":[{"text":{"en":"","fr":"","es":"   No   "},"next":"1a8d1e48-9e47-465e-9557-4d47553cf63f","parent":"f2029b0d-cf98-448b-8367-647c11488d72"},{"text":{"en":"","fr":"","es":"   Claro   "},"next":"b1f4d691-eacc-4be3-9f80-a76476685bb9","parent":"f2029b0d-cf98-448b-8367-647c11488d72"}]},"1a8d1e48-9e47-465e-9557-4d47553cf63f":{"name":"Matthew","character_uuid":"aee2b52c-ac9f-493d-80d3-e32f0584141b","text":{"en":"","fr":"","es":"..."},"parent":"9c218b9a-e81d-47ac-9b3a-ffb21d639785","next":"6c412ce4-cedb-42d2-a754-843024b24a3a"},"6c412ce4-cedb-42d2-a754-843024b24a3a":{"name":"Y/N","character_uuid":"8c05e531-d7a2-4093-a743-2034016072f8","text":{"en":"","fr":"","es":"Es broma"},"parent":"1a8d1e48-9e47-465e-9557-4d47553cf63f","next":"82094dd4-29b4-4259-aca1-7431246112e4"},"82094dd4-29b4-4259-aca1-7431246112e4":{"name":"Matthew","character_uuid":"aee2b52c-ac9f-493d-80d3-e32f0584141b","text":{"en":"","fr":"","es":"... um... ultimamente me siento muy raro al rededor de Richard..."},"parent":"7a518354-a70e-4178-9d67-e43c42b593f1","next":"90ba7938-a99f-44ff-9b9e-98847f0bb1fb"},"b1f4d691-eacc-4be3-9f80-a76476685bb9":{"name":"Matthew","character_uuid":"aee2b52c-ac9f-493d-80d3-e32f0584141b","text":{"en":"","fr":"","es":"Vale... gracias"},"parent":"788c91d2-876c-4d32-96d4-a9117f3fa443","next":"7a518354-a70e-4178-9d67-e43c42b593f1","signals":{"eventName":{"String":"affinityUp"},"affinityUp":{"String":"matthew"},"parent":"b1f4d691-eacc-4be3-9f80-a76476685bb9"}},"7a518354-a70e-4178-9d67-e43c42b593f1":{"name":"Y/N","character_uuid":"8c05e531-d7a2-4093-a743-2034016072f8","text":{"en":"","fr":"","es":"Nada, nada"},"next":"82094dd4-29b4-4259-aca1-7431246112e4","parent":"b1f4d691-eacc-4be3-9f80-a76476685bb9"},"90ba7938-a99f-44ff-9b9e-98847f0bb1fb":{"name":"Y/N","character_uuid":"8c05e531-d7a2-4093-a743-2034016072f8","text":{"en":"","fr":"","es":"!!!"},"parent":"82094dd4-29b4-4259-aca1-7431246112e4","next":"bba86446-54d8-4e9e-a31c-a6b85c90d606"},"bba86446-54d8-4e9e-a31c-a6b85c90d606":{"name":"Matthew","character_uuid":"aee2b52c-ac9f-493d-80d3-e32f0584141b","text":{"en":"","fr":"","es":"SHHH quiet down!"},"parent":"90ba7938-a99f-44ff-9b9e-98847f0bb1fb","next":"5d24e9c1-9353-4984-b989-00de8631b839"},"5d24e9c1-9353-4984-b989-00de8631b839":{"name":"Y/N","character_uuid":"aee2b52c-ac9f-493d-80d3-e32f0584141b","text":{"en":"","fr":"","es":"*Matthew se empieza a sonrojar...*"},"parent":"bba86446-54d8-4e9e-a31c-a6b85c90d606","next":"66a0704f-ba17-4cc1-871b-9f14be39b7b5"},"66a0704f-ba17-4cc1-871b-9f14be39b7b5":{"name":"Matthew","character_uuid":"aee2b52c-ac9f-493d-80d3-e32f0584141b","text":{"en":"","fr":"","es":"ugh... so embarrassing..."},"parent":"5d24e9c1-9353-4984-b989-00de8631b839","next":"56c17242-b289-4993-a68b-35dabaf34775"},"56c17242-b289-4993-a68b-35dabaf34775":{"name":"Y/N","character_uuid":"aee2b52c-ac9f-493d-80d3-e32f0584141b","text":{"en":"","fr":"","es":"*Matthew se va con las manos en la cara*"},"parent":"66a0704f-ba17-4cc1-871b-9f14be39b7b5","next":"0cc2f748-aa9f-4682-aadd-81e9980f4391"},"6b5c3caf-6c32-4c59-bb7b-5ec207c10919":{"name":"Y/N","character_uuid":"8c05e531-d7a2-4093-a743-2034016072f8","text":{"en":"","fr":"","es":"Richard ¿Qué tal?"},"next":"024737ae-ecd5-499e-b8c4-76267f26a48f","parent":"b1b98752-5f4a-423e-9cdf-33610b758da7","signals":{"eventName":{"String":"characterEnter"},"characterEnter":{"String":"richard"},"parent":"6b5c3caf-6c32-4c59-bb7b-5ec207c10919"}},"024737ae-ecd5-499e-b8c4-76267f26a48f":{"name":"Y/N","character_uuid":"8c05e531-d7a2-4093-a743-2034016072f8","text":{"en":"","fr":"","es":"(Richard se sorprende al escucharme hablarle, pero recupera la compostura rápidamente)"},"parent":"6b5c3caf-6c32-4c59-bb7b-5ec207c10919","next":"4674abbe-677d-4b55-9ae1-c7e42afcd0a7"},"4674abbe-677d-4b55-9ae1-c7e42afcd0a7":{"name":"Richard","character_uuid":"f69f8c71-d246-4a25-a343-48ef9efe33af","text":{"en":"","fr":"","es":"Uhm... sí, bien ¿Qué tal tú, y/n?"},"parent":"024737ae-ecd5-499e-b8c4-76267f26a48f","next":"226ae554-db4e-473a-8972-4531614c49d1"},"226ae554-db4e-473a-8972-4531614c49d1":{"name":"Y/N","character_uuid":"8c05e531-d7a2-4093-a743-2034016072f8","text":{"en":"","fr":"","es":"Yo bien, como de costumbre"},"parent":"4674abbe-677d-4b55-9ae1-c7e42afcd0a7","next":"989ca115-7d9c-4a12-8afb-2573d1da0d08"},"989ca115-7d9c-4a12-8afb-2573d1da0d08":{"name":"Y/N","character_uuid":"8c05e531-d7a2-4093-a743-2034016072f8","text":{"en":"","fr":"","es":"(...)"},"parent":"226ae554-db4e-473a-8972-4531614c49d1","next":"2229f354-ade4-4775-b874-59dcf5388d85"},"2229f354-ade4-4775-b874-59dcf5388d85":{"name":"Y/N","character_uuid":"8c05e531-d7a2-4093-a743-2034016072f8","text":{"en":"","fr":"","es":"Se te ve preocupado, ¿Qué ha pasado?"},"parent":"989ca115-7d9c-4a12-8afb-2573d1da0d08","conditions":[{"parent":"2229f354-ade4-4775-b874-59dcf5388d85","affValue":{"value":19,"operator":"greater","type":"int"},"charNum":{"value":3,"operator":"equal","type":"int"},"next":"9e9e833f-9fbe-4e03-b61e-87fa0f91b24b"},{"parent":"2229f354-ade4-4775-b874-59dcf5388d85","affValue":{"value":20,"operator":"lower","type":"int"},"charNum":{"value":3,"operator":"equal","type":"int"},"next":"8c6742d8-a812-4778-b564-63fe9756f857"}]},"8c6742d8-a812-4778-b564-63fe9756f857":{"name":"Richard","character_uuid":"f69f8c71-d246-4a25-a343-48ef9efe33af","text":{"en":"","fr":"","es":"Nada grave"},"parent":"471a9fb3-729f-48ba-93b8-64d410a4df29","next":"2d75f87d-26a3-48cb-b4b6-22e79e0374b5"},"2d75f87d-26a3-48cb-b4b6-22e79e0374b5":{"name":"Richard","character_uuid":"f69f8c71-d246-4a25-a343-48ef9efe33af","text":{"en":"","fr":"","es":"Solo cosas de la vida..."},"parent":"8c6742d8-a812-4778-b564-63fe9756f857","next":"b772d9d1-ac5e-4055-95a1-75a440fd3f91"},"9e9e833f-9fbe-4e03-b61e-87fa0f91b24b":{"name":"Richard","character_uuid":"f69f8c71-d246-4a25-a343-48ef9efe33af","text":{"en":"","fr":"","es":"pues... Me siento un poco... distinto..."},"parent":"73999c2e-d8ee-45ea-95c1-2ea78cf373d9","choices":[{"text":{"en":"","fr":"","es":"¿Distinto en qué sentido?"},"next":"78ebfb8e-9759-4bb6-aa78-38dac28da1de","parent":"9e9e833f-9fbe-4e03-b61e-87fa0f91b24b"},{"text":{"en":"","fr":"","es":"No, si se nota"},"next":"4edeaf85-36e5-4b52-a4f5-a8101f79d5c3","parent":"9e9e833f-9fbe-4e03-b61e-87fa0f91b24b"}]},"78ebfb8e-9759-4bb6-aa78-38dac28da1de":{"name":"Richard","character_uuid":"f69f8c71-d246-4a25-a343-48ef9efe33af","text":{"en":"","fr":"","es":"... es complicado..."},"parent":"64171952-f09e-4409-a729-e8fe0d019677","next":"0d908eea-c487-4187-a3d7-a09c681532c6","signals":{"eventName":{"String":"affinityUp"},"affinityUp":{"String":"richard"},"parent":"78ebfb8e-9759-4bb6-aa78-38dac28da1de"}},"4edeaf85-36e5-4b52-a4f5-a8101f79d5c3":{"name":"Richard","character_uuid":"f69f8c71-d246-4a25-a343-48ef9efe33af","text":{"en":"","fr":"","es":"...."},"parent":"1145841b-8c86-4573-8e95-bb848612c687","next":"e9357e69-2771-41d7-afc0-4e6b5a7cbffb"},"e9357e69-2771-41d7-afc0-4e6b5a7cbffb":{"name":"Y/N","character_uuid":"8c05e531-d7a2-4093-a743-2034016072f8","text":{"en":"","fr":"","es":"Era broma"},"parent":"4edeaf85-36e5-4b52-a4f5-a8101f79d5c3","next":"94fd8b35-9a9e-4ec7-9714-7f3c195149cb"},"0d908eea-c487-4187-a3d7-a09c681532c6":{"name":"Y/N","character_uuid":"8c05e531-d7a2-4093-a743-2034016072f8","text":{"en":"","fr":"","es":"Tomate tu tiempo"},"parent":"78ebfb8e-9759-4bb6-aa78-38dac28da1de","next":"94fd8b35-9a9e-4ec7-9714-7f3c195149cb"},"94fd8b35-9a9e-4ec7-9714-7f3c195149cb":{"name":"Richard","character_uuid":"f69f8c71-d246-4a25-a343-48ef9efe33af","text":{"en":"","fr":"","es":"Raro en el sentido que cuando aparece me empiezo a sentir nervioso"},"parent":"0d908eea-c487-4187-a3d7-a09c681532c6","next":"fd8a02fb-cd9f-4197-892a-5cdb2896b474"},"fd8a02fb-cd9f-4197-892a-5cdb2896b474":{"name":"Richard","character_uuid":"f69f8c71-d246-4a25-a343-48ef9efe33af","text":{"en":"","fr":"","es":"Creo que es porque se ríe de mi con esas imagenes con gafas... "},"parent":"94fd8b35-9a9e-4ec7-9714-7f3c195149cb","next":"82b8720f-ee87-4666-a03e-f23209ce888e"},"82b8720f-ee87-4666-a03e-f23209ce888e":{"name":"Y/N","character_uuid":"8c05e531-d7a2-4093-a743-2034016072f8","text":{"en":"","fr":"","es":"Richard..."},"parent":"fd8a02fb-cd9f-4197-892a-5cdb2896b474","next":"8ea898c9-1255-42bc-90e3-215ffa377597"},"b772d9d1-ac5e-4055-95a1-75a440fd3f91":{"name":"Y/N","character_uuid":"8c05e531-d7a2-4093-a743-2034016072f8","text":{"en":"","fr":"","es":"(No me convence la respuesta de RIchard)"},"parent":"2d75f87d-26a3-48cb-b4b6-22e79e0374b5","next":"a326f60d-4634-49b4-bc34-53e66bccbf81"},"8ea898c9-1255-42bc-90e3-215ffa377597":{"name":"Richard","character_uuid":"f69f8c71-d246-4a25-a343-48ef9efe33af","text":{"en":"","fr":"","es":"Desde que me defiendo usando su propia medicina todo ha camniado un poco..."},"parent":"82b8720f-ee87-4666-a03e-f23209ce888e","next":"80480f2f-811e-4a09-b147-429252dd7ca8"},"80480f2f-811e-4a09-b147-429252dd7ca8":{"name":"Richard","character_uuid":"f69f8c71-d246-4a25-a343-48ef9efe33af","text":{"en":"","fr":"","es":"Me gusta chincharle de vuelta...."},"parent":"8ea898c9-1255-42bc-90e3-215ffa377597","next":"0ff8ba31-48c1-4af5-b2ec-375897b61f2d"},"0ff8ba31-48c1-4af5-b2ec-375897b61f2d":{"name":"Richard","character_uuid":"f69f8c71-d246-4a25-a343-48ef9efe33af","text":{"en":"","fr":"","es":"En fin, me voy a sentar"},"parent":"80480f2f-811e-4a09-b147-429252dd7ca8","next":"e120ef65-19c0-492d-8d82-1bbaefa73ad6"},"e120ef65-19c0-492d-8d82-1bbaefa73ad6":{"name":"Y/N","character_uuid":"8c05e531-d7a2-4093-a743-2034016072f8","text":{"en":"","fr":"","es":"(Richard me daja atrás y se sienta en su sitio de siempre)"},"parent":"a326f60d-4634-49b4-bc34-53e66bccbf81","next":"c66be245-e3e6-40c0-83c6-0f6bc1f29bcb"},"a326f60d-4634-49b4-bc34-53e66bccbf81":{"name":"Y/N","character_uuid":"8c05e531-d7a2-4093-a743-2034016072f8","text":{"en":"","fr":"","es":"(Igual aun no tiene la confianza para hablar)"},"parent":"b772d9d1-ac5e-4055-95a1-75a440fd3f91","next":"e120ef65-19c0-492d-8d82-1bbaefa73ad6"},"f1756321-9e96-4642-857c-ca6ed1107c7e":{"name":"Camille","character_uuid":"2459fb62-fca4-4c9a-b38d-1f868103de0d","text":{"en":"","fr":"","es":"¿Has visto cómo actúan?"},"parent":"1648c30e-7003-42b2-81fd-23fa2d597125","next":"b0baec40-e696-4124-aae1-dc747ee00bfb"},"b0baec40-e696-4124-aae1-dc747ee00bfb":{"name":"Y/N","character_uuid":"8c05e531-d7a2-4093-a743-2034016072f8","text":{"en":"","fr":"","es":"* Matthew y Richard parecen nerviosos al entrar juntos*"},"parent":"f1756321-9e96-4642-857c-ca6ed1107c7e","next":"c589ffce-ff6e-490a-afa9-d902564d30e3"},"41523043-39c7-4ad9-9905-6eccdee23543":{"name":"Camille","character_uuid":"2459fb62-fca4-4c9a-b38d-1f868103de0d","text":{"en":"","fr":"","es":"Oh bien sûr, ma chèrie, bien sûr"},"parent":"190bfe96-9f89-4def-9954-b992e01d22d6","next":"fae92163-1247-4746-9cb1-e9dde8552638"},"190bfe96-9f89-4def-9954-b992e01d22d6":{"name":"Delilah","character_uuid":"46e24c71-186e-4df5-9a9b-8b83461d3a92","text":{"en":"","fr":"","es":"¡Camille! Aun no sabemos si ese es el caso, no asumas"},"parent":"ce7d69e8-37b0-481e-adca-c2b61c7d8f41","next":"41523043-39c7-4ad9-9905-6eccdee23543"},"ce7d69e8-37b0-481e-adca-c2b61c7d8f41":{"name":"Camille","character_uuid":"2459fb62-fca4-4c9a-b38d-1f868103de0d","text":{"en":"","fr":"","es":"¡Hah! Lo que puede hacer un poco de ligue en Twitter, ¿eh?"},"parent":"0ccc143b-ecc9-48e6-8569-39ea6d3123c1","next":"190bfe96-9f89-4def-9954-b992e01d22d6"},"0ccc143b-ecc9-48e6-8569-39ea6d3123c1":{"name":"Delilah","character_uuid":"46e24c71-186e-4df5-9a9b-8b83461d3a92","text":{"en":"","fr":"","es":"Son tan tímidos... nunca pensé que veria a Matthew asi"},"parent":"c589ffce-ff6e-490a-afa9-d902564d30e3","next":"ce7d69e8-37b0-481e-adca-c2b61c7d8f41"},"c589ffce-ff6e-490a-afa9-d902564d30e3":{"name":"Y/N","character_uuid":"8c05e531-d7a2-4093-a743-2034016072f8","text":{"en":"","fr":"","es":"*Al separarse para sentarse, parecen relajarse pero aun se les ve inquietos*"},"parent":"b0baec40-e696-4124-aae1-dc747ee00bfb","next":"0ccc143b-ecc9-48e6-8569-39ea6d3123c1"},"fae92163-1247-4746-9cb1-e9dde8552638":{"name":"Y/N","character_uuid":"8c05e531-d7a2-4093-a743-2034016072f8","text":{"en":"","fr":"","es":"(Camile suelta otra risa por lo bajo mientras Delilah la mira con el ceño fruncido)"},"parent":"41523043-39c7-4ad9-9905-6eccdee23543","next":"18ab0649-ad4c-46a6-9599-aed0c0d46ffa"},"18ab0649-ad4c-46a6-9599-aed0c0d46ffa":{"name":"Y/N","character_uuid":"8c05e531-d7a2-4093-a743-2034016072f8","text":{"en":"","fr":"","es":"(Ambas se van a sentar a su sitio para comenzar la clase)"},"parent":"fae92163-1247-4746-9cb1-e9dde8552638","next":"c66be245-e3e6-40c0-83c6-0f6bc1f29bcb"},"ba2554e0-1840-4cd4-b93f-d0716961da42":{"name":"Y/N","character_uuid":"8c05e531-d7a2-4093-a743-2034016072f8","text":{"en":"","fr":"","es":"*Me despido de las chicas con una sonrísa*"},"parent":"a36e8867-ed46-4399-acbb-8efb66e48886","next":"a7e368e8-bacc-4d02-b03b-5465e7ead49b","signals":{"eventName":{"String":"everyoneExit"},"parent":"ba2554e0-1840-4cd4-b93f-d0716961da42"}},"b1b98752-5f4a-423e-9cdf-33610b758da7":{"name":"Y/N","character_uuid":"8c05e531-d7a2-4093-a743-2034016072f8","text":{"en":"","fr":"","es":"*Me despido de las chicas con una sonrísa*"},"parent":"0d93ea52-6db5-4ebb-a146-3279a2ea98d0","next":"6b5c3caf-6c32-4c59-bb7b-5ec207c10919","signals":{"eventName":{"String":"everyoneExit"},"parent":"b1b98752-5f4a-423e-9cdf-33610b758da7"}},"775add19-a407-4d10-a586-c525dd3c380d":{"name":"Y/N","character_uuid":"8c05e531-d7a2-4093-a743-2034016072f8","text":{"en":"","fr":"","es":"    "},"parent":"ab944efa-30a6-4e05-abc3-cdef6145e31a"},"root":{"next":"62f43425-2961-4129-94aa-2cc1516381b0"},"__editor":{"root":{"uuid":"root","offset":[40,100]},"dialogues":[{"uuid":"62f43425-2961-4129-94aa-2cc1516381b0","offset":[300,-20],"parent":"root"},{"uuid":"a91b7989-310b-4760-b206-555c8c5480ef","offset":[700,-20]},{"uuid":"269bef57-8210-4eeb-af44-78ccdf2fb718","offset":[1100,-20]},{"uuid":"f4d67033-41d7-4737-84d4-5656d1896c93","offset":[12000,-1260]},{"uuid":"3fa9472d-36d1-4181-8e32-e611eae0220d","offset":[12020,-600]},{"uuid":"faf6e349-efe0-4231-ac9d-5ae0e4b606bf","offset":[12000,80]},{"uuid":"eedcfa7a-c826-4afc-a0b4-f40806f5d7e7","offset":[12020,780]},{"uuid":"36faeb31-316b-47ae-9c51-8a176ebcce4f","offset":[12440,-1280]},{"uuid":"91dcd669-1f95-4899-b2a3-ee5b1d4d08b9","offset":[12420,-600]},{"uuid":"20c37e7d-0d94-4859-8316-b953d2c404a3","offset":[12440,80]},{"uuid":"af5e7cbf-3120-4e00-b1d8-324a6f2d68b5","offset":[12460,780]},{"uuid":"c66be245-e3e6-40c0-83c6-0f6bc1f29bcb","offset":[10720,-40]},{"uuid":"81049042-d93d-446c-a42d-2f559bd854fc","offset":[1500,-20]},{"uuid":"e875bd50-b5fd-418c-a259-774226071bb2","offset":[1900,-20]},{"uuid":"69e15fd3-2532-4d23-8cc1-039b364f15b4","offset":[2280,-740]},{"uuid":"8be13bfa-2dcb-4133-a455-1ae92d2ed968","offset":[13240,-420]},{"uuid":"ab944efa-30a6-4e05-abc3-cdef6145e31a","offset":[13720,-420]},{"uuid":"5437508a-6cd6-4c37-8e74-7c2c2b653f1f","offset":[2680,-740]},{"uuid":"5b873052-33dd-4205-a101-b5e2e8046695","offset":[3080,-740]},{"uuid":"16976c2a-8711-4947-9d14-079fb3e6aef8","offset":[3960,-1140]},{"uuid":"f26eeb38-28ef-4e4b-83f4-10e746dd1dc0","offset":[3960,-1620]},{"uuid":"228ddee9-da3a-4979-b520-716c7c2976f4","offset":[4360,-1140]},{"uuid":"b4dc4f1c-5ea2-4cf2-abba-1145b9f16029","offset":[4740,-1140]},{"uuid":"bcd0e6c1-707f-4ebc-81fb-a4f3fd44e700","offset":[5520,-1140]},{"uuid":"8638fb1b-5ee0-417a-a237-4c85f4dcda44","offset":[5140,-1140]},{"uuid":"d53d34d5-114a-485d-b9e5-e60868a4957b","offset":[4340,-1620]},{"uuid":"fdac9e71-e455-4344-b707-634ea6ad1611","offset":[4720,-1620]},{"uuid":"a22345ee-3946-4a45-9691-70b918c5c760","offset":[5120,-1620]},{"uuid":"3f1ca617-c110-4702-a734-461284944340","offset":[5500,-1620]},{"uuid":"67ecb484-0be6-4856-9ff1-087f2d4db177","offset":[6000,-1380]},{"uuid":"c1703f56-8088-41fc-a191-67da2aef0cc8","offset":[6400,-1380]},{"uuid":"40cbec64-ebec-4bb9-8942-667bdb963e26","offset":[6780,-1380]},{"uuid":"0776f173-4024-4cc2-941a-bf80b9e57248","offset":[7180,-1380]},{"uuid":"b481b59e-4bc8-4bc3-9553-23edc3dc23e3","offset":[7560,-1380]},{"uuid":"5df6c1f9-81f4-47d2-a578-65670f8feb55","offset":[3580,-560]},{"uuid":"a7e368e8-bacc-4d02-b03b-5465e7ead49b","offset":[5000,-500]},{"uuid":"9ddbef9e-241d-4d5a-ad98-aea8fda958a5","offset":[5400,-540]},{"uuid":"4558ef47-f538-4c53-a041-f7eb5b94967a","offset":[5780,-540]},{"uuid":"abbfc013-ea18-42ae-ba89-3949efe8e6fa","offset":[6560,-340]},{"uuid":"38e666dc-88cd-478c-bb3d-dcb0f8a833b3","offset":[6560,-720]},{"uuid":"37f81fe8-86bc-4ff0-b1a4-c73eff988607","offset":[6980,-520]},{"uuid":"88c6ed65-113a-4b59-bf58-fd5b2a776517","offset":[7820,-360]},{"uuid":"53576c87-7343-4e0b-84a3-cbf8a3f73f91","offset":[7820,-740]},{"uuid":"35225629-b087-4bdc-9907-c7573f9c9f57","offset":[8220,-360]},{"uuid":"e9bb610c-132b-4f14-9921-c4381f4de27f","offset":[8620,-360]},{"uuid":"46a0f447-7430-4015-95c7-fc188a2484d3","offset":[9020,-360]},{"uuid":"020b60e8-ff4e-45c1-afaf-5812afca618f","offset":[9420,-360]},{"uuid":"0cc2f748-aa9f-4682-aadd-81e9980f4391","offset":[10260,-80]},{"uuid":"6729ee46-9091-4e82-9761-6ab561a60c7e","offset":[8200,-740]},{"uuid":"f2029b0d-cf98-448b-8367-647c11488d72","offset":[8600,-740]},{"uuid":"1a8d1e48-9e47-465e-9557-4d47553cf63f","offset":[8900,-1380]},{"uuid":"6c412ce4-cedb-42d2-a754-843024b24a3a","offset":[9280,-1380]},{"uuid":"82094dd4-29b4-4259-aca1-7431246112e4","offset":[9740,-1640]},{"uuid":"b1f4d691-eacc-4be3-9f80-a76476685bb9","offset":[8900,-1880]},{"uuid":"7a518354-a70e-4178-9d67-e43c42b593f1","offset":[9300,-1880]},{"uuid":"90ba7938-a99f-44ff-9b9e-98847f0bb1fb","offset":[10120,-1640]},{"uuid":"bba86446-54d8-4e9e-a31c-a6b85c90d606","offset":[10500,-1640]},{"uuid":"5d24e9c1-9353-4984-b989-00de8631b839","offset":[9720,-1260]},{"uuid":"66a0704f-ba17-4cc1-871b-9f14be39b7b5","offset":[10020,-880]},{"uuid":"56c17242-b289-4993-a68b-35dabaf34775","offset":[10280,-500]},{"uuid":"6b5c3caf-6c32-4c59-bb7b-5ec207c10919","offset":[4640,160]},{"uuid":"024737ae-ecd5-499e-b8c4-76267f26a48f","offset":[5040,160]},{"uuid":"4674abbe-677d-4b55-9ae1-c7e42afcd0a7","offset":[5440,160]},{"uuid":"226ae554-db4e-473a-8972-4531614c49d1","offset":[5840,160]},{"uuid":"989ca115-7d9c-4a12-8afb-2573d1da0d08","offset":[6240,160]},{"uuid":"2229f354-ade4-4775-b874-59dcf5388d85","offset":[6620,160]},{"uuid":"8c6742d8-a812-4778-b564-63fe9756f857","offset":[7620,760]},{"uuid":"2d75f87d-26a3-48cb-b4b6-22e79e0374b5","offset":[8420,840]},{"uuid":"9e9e833f-9fbe-4e03-b61e-87fa0f91b24b","offset":[7380,200]},{"uuid":"78ebfb8e-9759-4bb6-aa78-38dac28da1de","offset":[8240,20]},{"uuid":"4edeaf85-36e5-4b52-a4f5-a8101f79d5c3","offset":[8220,420]},{"uuid":"e9357e69-2771-41d7-afc0-4e6b5a7cbffb","offset":[8640,400]},{"uuid":"0d908eea-c487-4187-a3d7-a09c681532c6","offset":[8640,20]},{"uuid":"94fd8b35-9a9e-4ec7-9714-7f3c195149cb","offset":[9080,200]},{"uuid":"fd8a02fb-cd9f-4197-892a-5cdb2896b474","offset":[9480,200]},{"uuid":"82b8720f-ee87-4666-a03e-f23209ce888e","offset":[9060,680]},{"uuid":"b772d9d1-ac5e-4055-95a1-75a440fd3f91","offset":[9040,1580]},{"uuid":"8ea898c9-1255-42bc-90e3-215ffa377597","offset":[9460,680]},{"uuid":"80480f2f-811e-4a09-b147-429252dd7ca8","offset":[9020,1080]},{"uuid":"0ff8ba31-48c1-4af5-b2ec-375897b61f2d","offset":[9440,1100]},{"uuid":"e120ef65-19c0-492d-8d82-1bbaefa73ad6","offset":[10100,620]},{"uuid":"a326f60d-4634-49b4-bc34-53e66bccbf81","offset":[9540,1580]},{"uuid":"f1756321-9e96-4642-857c-ca6ed1107c7e","offset":[4520,1080]},{"uuid":"b0baec40-e696-4124-aae1-dc747ee00bfb","offset":[4960,1080]},{"uuid":"41523043-39c7-4ad9-9905-6eccdee23543","offset":[7480,1840]},{"uuid":"190bfe96-9f89-4def-9954-b992e01d22d6","offset":[6840,1300]},{"uuid":"ce7d69e8-37b0-481e-adca-c2b61c7d8f41","offset":[6340,1240]},{"uuid":"0ccc143b-ecc9-48e6-8569-39ea6d3123c1","offset":[5820,1080]},{"uuid":"c589ffce-ff6e-490a-afa9-d902564d30e3","offset":[5400,1080]},{"uuid":"fae92163-1247-4746-9cb1-e9dde8552638","offset":[8360,1880]},{"uuid":"18ab0649-ad4c-46a6-9599-aed0c0d46ffa","offset":[10440,1760]},{"uuid":"ba2554e0-1840-4cd4-b93f-d0716961da42","offset":[4600,-480]},{"uuid":"b1b98752-5f4a-423e-9cdf-33610b758da7","offset":[4200,260]},{"uuid":"775add19-a407-4d10-a586-c525dd3c380d","offset":[14200,-420]}],"conditions":[{"uuid":"f718483f-be59-40a9-9804-ab18ff1925d2","offset":[7440,-760],"parent":"37f81fe8-86bc-4ff0-b1a4-c73eff988607"},{"uuid":"6193b4cc-6998-41ee-8131-c8d6fce54544","offset":[7460,-360],"parent":"37f81fe8-86bc-4ff0-b1a4-c73eff988607"},{"uuid":"73999c2e-d8ee-45ea-95c1-2ea78cf373d9","offset":[7020,200],"parent":"2229f354-ade4-4775-b874-59dcf5388d85"},{"uuid":"471a9fb3-729f-48ba-93b8-64d410a4df29","offset":[7020,600],"parent":"2229f354-ade4-4775-b874-59dcf5388d85"}],"signals":[{"uuid":"628e0fba-d23b-419a-80b5-6b8d6834a58f","offset":[1120,-380],"parent":"a91b7989-310b-4760-b206-555c8c5480ef"},{"uuid":"f2a16295-9396-4994-8c53-d5ec71785220","offset":[12420,-1620],"parent":"f4d67033-41d7-4737-84d4-5656d1896c93","data":{"eventName":{"String":"characterEnter"},"characterEnter":{"String":"camille"},"parent":"f4d67033-41d7-4737-84d4-5656d1896c93"}},{"uuid":"ea263c2d-091b-4002-a216-12344bb12591","offset":[12420,-920],"parent":"3fa9472d-36d1-4181-8e32-e611eae0220d","data":{"eventName":{"String":"characterEnter"},"characterEnter":{"String":"delilah"},"parent":"3fa9472d-36d1-4181-8e32-e611eae0220d"}},{"uuid":"824fca3d-5066-4a2a-bba3-1c223944b0d5","offset":[12440,-240],"parent":"faf6e349-efe0-4231-ac9d-5ae0e4b606bf","data":{"eventName":{"String":"characterEnter"},"characterEnter":{"String":"matthew"},"parent":"faf6e349-efe0-4231-ac9d-5ae0e4b606bf"}},{"uuid":"61c104f7-fce4-42d1-847a-9beb7337f6ed","offset":[12440,440],"parent":"eedcfa7a-c826-4afc-a0b4-f40806f5d7e7","data":{"eventName":{"String":"characterEnter"},"characterEnter":{"String":"richard"},"parent":"eedcfa7a-c826-4afc-a0b4-f40806f5d7e7"}},{"uuid":"2dbec6ce-196c-4d40-b535-d6e80aa2253b","offset":[12900,-1340],"parent":"36faeb31-316b-47ae-9c51-8a176ebcce4f"},{"uuid":"bc2fbaeb-60d7-4dd4-b2df-feee092cfd8c","offset":[12900,-760],"parent":"91dcd669-1f95-4899-b2a3-ee5b1d4d08b9"},{"uuid":"c78f228f-1df3-458f-b71e-c801be57ec98","offset":[12960,120],"parent":"20c37e7d-0d94-4859-8316-b953d2c404a3"},{"uuid":"56eceb9c-09c0-4e33-8210-6ed3134916d0","offset":[12940,760],"parent":"af5e7cbf-3120-4e00-b1d8-324a6f2d68b5"},{"uuid":"67d01a44-087a-4e3a-b5ea-a4e99a56c9a2","offset":[10760,340],"parent":"c66be245-e3e6-40c0-83c6-0f6bc1f29bcb"},{"uuid":"e6ae0da2-6c82-47bb-9c6a-6bb4546b5eb9","offset":[1900,-360],"parent":"e875bd50-b5fd-418c-a259-774226071bb2"},{"uuid":"957e57b8-8422-4560-b059-388b08cc1abc","offset":[2700,-1100],"parent":"69e15fd3-2532-4d23-8cc1-039b364f15b4"},{"uuid":"6904ca85-4a47-44cb-8287-1e09dbef9c38","offset":[13720,-40],"parent":"8be13bfa-2dcb-4133-a455-1ae92d2ed968"},{"uuid":"b68a56c1-ffba-414f-8697-36db8aa4bb65","offset":[14180,-40],"parent":"ab944efa-30a6-4e05-abc3-cdef6145e31a"},{"uuid":"27c13fe8-7663-44b9-80a5-c04ceefd5f23","offset":[4740,-780],"parent":"228ddee9-da3a-4979-b520-716c7c2976f4"},{"uuid":"5b8277d2-ab72-4a7e-888c-4e6f09fd458c","offset":[5520,-1960],"parent":"a22345ee-3946-4a45-9691-70b918c5c760"},{"uuid":"b880e1ef-eb53-4e3e-b71e-b540181a4b0d","offset":[5400,-180],"parent":"a7e368e8-bacc-4d02-b03b-5465e7ead49b"},{"uuid":"eb7cbbec-60f9-4053-80cc-0638e53b1f4c","offset":[9300,-2220],"parent":"b1f4d691-eacc-4be3-9f80-a76476685bb9","data":{"eventName":{"String":"affinityUp"},"affinityUp":{"String":"matthew"},"parent":"b1f4d691-eacc-4be3-9f80-a76476685bb9"}},{"uuid":"d6537dcd-810d-48df-a3b1-ae9a69b06ee8","offset":[5020,560],"parent":"6b5c3caf-6c32-4c59-bb7b-5ec207c10919"},{"uuid":"b75b6c43-bc17-4952-8b62-df6fb0a52685","offset":[7860,180],"parent":"78ebfb8e-9759-4bb6-aa78-38dac28da1de","data":{"eventName":{"String":"affinityUp"},"affinityUp":{"String":"richard"},"parent":"78ebfb8e-9759-4bb6-aa78-38dac28da1de"}},{"uuid":"b99de358-8682-48c1-bb4b-bcb34d6ad1d7","offset":[5000,-120],"parent":"ba2554e0-1840-4cd4-b93f-d0716961da42","data":{"eventName":{"String":"everyoneExit"},"parent":"ba2554e0-1840-4cd4-b93f-d0716961da42"}},{"uuid":"2707cf4e-724e-40be-bba3-84218c0cab20","offset":[4480,640],"parent":"b1b98752-5f4a-423e-9cdf-33610b758da7","data":{"eventName":{"String":"everyoneExit"},"parent":"b1b98752-5f4a-423e-9cdf-33610b758da7"}}],"choices":[{"uuid":"c6dba692-1c22-4591-a333-0181edd76836","offset":[11320,-980],"parent":"c66be245-e3e6-40c0-83c6-0f6bc1f29bcb"},{"uuid":"16c36f2d-ab15-416b-ae50-6b3079a1703e","offset":[11360,-460],"parent":"c66be245-e3e6-40c0-83c6-0f6bc1f29bcb"},{"uuid":"38b38e47-0772-48c8-8623-d001a4ee3efc","offset":[11360,120],"parent":"c66be245-e3e6-40c0-83c6-0f6bc1f29bcb"},{"uuid":"59d3c8af-1c99-441d-801e-ab0c08553556","offset":[11400,700],"parent":"c66be245-e3e6-40c0-83c6-0f6bc1f29bcb"},{"uuid":"436b306a-013b-40f6-ac9b-578f8ca31e1b","offset":[3560,-1520],"parent":"5b873052-33dd-4205-a101-b5e2e8046695"},{"uuid":"73c3df6c-11c3-4388-9b7c-3ae7fa65bb0e","offset":[3560,-1140],"parent":"5b873052-33dd-4205-a101-b5e2e8046695"},{"uuid":"1648c30e-7003-42b2-81fd-23fa2d597125","offset":[4060,880],"parent":"5df6c1f9-81f4-47d2-a578-65670f8feb55"},{"uuid":"0d93ea52-6db5-4ebb-a146-3279a2ea98d0","offset":[4040,0],"parent":"5df6c1f9-81f4-47d2-a578-65670f8feb55"},{"uuid":"a36e8867-ed46-4399-acbb-8efb66e48886","offset":[4200,-420],"parent":"5df6c1f9-81f4-47d2-a578-65670f8feb55"},{"uuid":"aae38ffb-3a5a-45b6-b4bd-2d38876541a5","offset":[6180,-600],"parent":"4558ef47-f538-4c53-a041-f7eb5b94967a"},{"uuid":"314cc9bf-ae9f-4a10-a2a7-7fdaacdb8f4c","offset":[6180,-280],"parent":"4558ef47-f538-4c53-a041-f7eb5b94967a"},{"uuid":"9c218b9a-e81d-47ac-9b3a-ffb21d639785","offset":[8440,-1360],"parent":"f2029b0d-cf98-448b-8367-647c11488d72"},{"uuid":"788c91d2-876c-4d32-96d4-a9117f3fa443","offset":[8420,-1780],"parent":"f2029b0d-cf98-448b-8367-647c11488d72"},{"uuid":"64171952-f09e-4409-a729-e8fe0d019677","offset":[7800,20],"parent":"9e9e833f-9fbe-4e03-b61e-87fa0f91b24b"},{"uuid":"1145841b-8c86-4573-8e95-bb848612c687","offset":[7800,500],"parent":"9e9e833f-9fbe-4e03-b61e-87fa0f91b24b"}]}}