{"cea75e6f-9e1d-438a-9c8e-8553cee13c47":{"name":"Y/N","character_uuid":"8c05e531-d7a2-4093-a743-2034016072f8","text":{"en":"","fr":"","es":"(Hoy es el último dia de clase)"},"next":"b2c940e0-9603-483f-b251-2eecaccbbfeb","parent":"root"},"b2c940e0-9603-483f-b251-2eecaccbbfeb":{"name":"Y/N","character_uuid":"8c05e531-d7a2-4093-a743-2034016072f8","text":{"en":"","fr":"","es":"(Tabién es el último día del intercambio...)"},"parent":"cea75e6f-9e1d-438a-9c8e-8553cee13c47","next":"b020beb2-c17d-4511-9966-087fa69d544f"},"b020beb2-c17d-4511-9966-087fa69d544f":{"name":"Y/N","character_uuid":"8c05e531-d7a2-4093-a743-2034016072f8","text":{"en":"","fr":"","es":"(Ah... Después de esto se volverán a sus casas...)"},"parent":"b2c940e0-9603-483f-b251-2eecaccbbfeb","next":"9365d59c-87f6-481b-849c-9a47060dd696"},"7aee6fe0-1463-41a8-9443-3ba20525d979":{"name":"Y/N","character_uuid":"8c05e531-d7a2-4093-a743-2034016072f8","text":{"en":"","fr":"","es":"*Delilah y yo nos pasamos la clase dibujando monigotes en su sketchbook*"},"parent":"bc5607a4-35e2-467e-ba49-faba47fc9a59","next":"8f48994d-5c0c-4360-9481-0c6778c06e57","signals":{"eventName":{"String":"affinityUp"},"affinityUp":{"String":"delilah"},"parent":"7aee6fe0-1463-41a8-9443-3ba20525d979"}},"bc5607a4-35e2-467e-ba49-faba47fc9a59":{"name":"Y/N","character_uuid":"8c05e531-d7a2-4093-a743-2034016072f8","text":{"en":"","fr":"","es":"(Al ser el último día no hay mucho que atender)"},"next":"7aee6fe0-1463-41a8-9443-3ba20525d979","parent":"a74fc0a6-c327-457a-9d74-a7d43cdfb64f","signals":{"eventName":{"String":"characterEnter"},"characterEnter":{"String":"delilah"},"parent":"bc5607a4-35e2-467e-ba49-faba47fc9a59"}},"f9af5a47-731a-4e6d-91d5-1166daa0fc84":{"name":"Y/N","character_uuid":"8c05e531-d7a2-4093-a743-2034016072f8","text":{"en":"","fr":"","es":"*Camille y yo nos pasamos la clase hablando y viendo su instagram*"},"parent":"3d3f62fb-dd68-445a-8357-72882969f0b4","next":"8f48994d-5c0c-4360-9481-0c6778c06e57","signals":{"eventName":{"String":"affinityUp"},"affinityUp":{"String":"camille"},"parent":"f9af5a47-731a-4e6d-91d5-1166daa0fc84"}},"3d3f62fb-dd68-445a-8357-72882969f0b4":{"name":"Y/N","character_uuid":"8c05e531-d7a2-4093-a743-2034016072f8","text":{"en":"","fr":"","es":"(Al ser el último día no hay mucho que atender)"},"parent":"a3a327ad-54f1-4173-8b48-4e171e164a74","next":"f9af5a47-731a-4e6d-91d5-1166daa0fc84","signals":{"eventName":{"String":"characterEnter"},"characterEnter":{"String":"camille"},"parent":"3d3f62fb-dd68-445a-8357-72882969f0b4"}},"94e67259-22dd-407e-b8ef-956d4dc8ed95":{"name":"Matthew","character_uuid":"aee2b52c-ac9f-493d-80d3-e32f0584141b","text":{"en":"","fr":"","es":"*Matthew me enseña sus mains y su tier list de smash or pass del valorant... Reyna tiene un tier para ella sola*"},"parent":"06e3a160-4ff5-4939-b364-904adc142b69","next":"8f48994d-5c0c-4360-9481-0c6778c06e57","signals":{"eventName":{"String":"affinityUp"},"affinityUp":{"String":"matthew"},"parent":"94e67259-22dd-407e-b8ef-956d4dc8ed95"}},"06e3a160-4ff5-4939-b364-904adc142b69":{"name":"Y/N","character_uuid":"8c05e531-d7a2-4093-a743-2034016072f8","text":{"en":"","fr":"","es":"(Al ser el último día no hay mucho que atender)"},"next":"94e67259-22dd-407e-b8ef-956d4dc8ed95","parent":"28d9b607-9a35-4b3d-bbe0-2d9a58400a4e","signals":{"eventName":{"String":"characterEnter"},"characterEnter":{"String":"matthew"},"parent":"06e3a160-4ff5-4939-b364-904adc142b69"}},"8fb2e88e-c0f8-41fb-85a5-419c3ab0b072":{"name":"Y/N","character_uuid":"8c05e531-d7a2-4093-a743-2034016072f8","text":{"en":"","fr":"","es":"*Richard no atiende a la clase y me enseña un comic que se ha comprado*"},"parent":"b11e05c5-c709-4beb-aadc-0532ad969357","next":"8f48994d-5c0c-4360-9481-0c6778c06e57","signals":{"eventName":{"String":"affinityUp"},"affinityUp":{"String":"richard"},"parent":"8fb2e88e-c0f8-41fb-85a5-419c3ab0b072"}},"b11e05c5-c709-4beb-aadc-0532ad969357":{"name":"Y/N","character_uuid":"8c05e531-d7a2-4093-a743-2034016072f8","text":{"en":"","fr":"","es":"(Al ser el último día no hay mucho que atender)"},"parent":"b371f1cb-d58c-41cf-926d-b332149a0db2","next":"8fb2e88e-c0f8-41fb-85a5-419c3ab0b072","signals":{"eventName":{"String":"characterEnter"},"characterEnter":{"String":"richard"},"parent":"b11e05c5-c709-4beb-aadc-0532ad969357"}},"e9e14cbc-f15b-47b0-b467-5fb0ca6193d5":{"name":"Delilah","character_uuid":"46e24c71-186e-4df5-9a9b-8b83461d3a92","text":{"en":"","fr":"","es":"(Luego se empieza a acostumbrar a la dinámica y le sigue el juego a Camille)"},"parent":"01915b5d-5acc-47c6-a80f-b1424bb05fc6","next":"8d3634f0-0607-4a05-a945-63023511fedb"},"01915b5d-5acc-47c6-a80f-b1424bb05fc6":{"name":"Y/N","character_uuid":"8c05e531-d7a2-4093-a743-2034016072f8","text":{"en":"","fr":"","es":"(Delilah varía entre procupación y alivio al principio)"},"parent":"f326294a-e570-48ee-94c3-ca9e992a0b82","next":"e9e14cbc-f15b-47b0-b467-5fb0ca6193d5"},"f326294a-e570-48ee-94c3-ca9e992a0b82":{"name":"Y/N","character_uuid":"8c05e531-d7a2-4093-a743-2034016072f8","text":{"en":"","fr":"","es":"(Pero esos dos se lo acaban tomando a broma, menos mal)"},"parent":"b40c8d29-7ff8-4526-8962-aeb1295d4d42","next":"01915b5d-5acc-47c6-a80f-b1424bb05fc6"},"b40c8d29-7ff8-4526-8962-aeb1295d4d42":{"name":"Y/N","character_uuid":"8c05e531-d7a2-4093-a743-2034016072f8","text":{"en":"","fr":"","es":"(Parece que Camille no se cansa de chinchar a Matthew y Richard)"},"parent":"0af0523c-a11b-4aad-9196-61cdfa08e7a0","next":"f326294a-e570-48ee-94c3-ca9e992a0b82"},"0af0523c-a11b-4aad-9196-61cdfa08e7a0":{"name":"Y/N","character_uuid":"8c05e531-d7a2-4093-a743-2034016072f8","text":{"en":"","fr":"","es":"(Qué bonita es la amistad así...)"},"parent":"699960f2-101e-4d07-95b4-ad5612f1ba65","next":"b40c8d29-7ff8-4526-8962-aeb1295d4d42"},"699960f2-101e-4d07-95b4-ad5612f1ba65":{"name":"Y/N","character_uuid":"8c05e531-d7a2-4093-a743-2034016072f8","text":{"en":"","fr":"","es":"(Y pensar que al principio practicamente se odiaban...)"},"next":"0af0523c-a11b-4aad-9196-61cdfa08e7a0","parent":"dc89dcd7-8ede-4d37-b3c8-2505fd4443ac"},"dc89dcd7-8ede-4d37-b3c8-2505fd4443ac":{"name":"Y/N","character_uuid":"8c05e531-d7a2-4093-a743-2034016072f8","text":{"en":"","fr":"","es":"(Ah, mejor les dejo a lo suyo, que no pinto mucho ahí)"},"parent":"755bb7e0-7471-4e91-ae40-e8e2255583bb","next":"699960f2-101e-4d07-95b4-ad5612f1ba65"},"31afbaad-8e8c-4f59-a421-62be0a602c3e":{"name":"Y/N","character_uuid":"8c05e531-d7a2-4093-a743-2034016072f8","text":{"en":"","fr":"","es":"(Tanto tiempo ha pasado  y nunca les habia visto tan juntos)"},"parent":"ef6d3b6d-f324-4ce7-aa25-8b563135c1b4","choices":[{"text":{"en":"","fr":"","es":"Acercarse a hablar con ellos"},"next":"49dbf437-8ded-4513-a00f-7ee19e93c030","parent":"31afbaad-8e8c-4f59-a421-62be0a602c3e"},{"text":{"en":"","fr":"","es":"Dejarles solos"},"next":"dc89dcd7-8ede-4d37-b3c8-2505fd4443ac","parent":"31afbaad-8e8c-4f59-a421-62be0a602c3e"}]},"ef6d3b6d-f324-4ce7-aa25-8b563135c1b4":{"name":"Y/N","character_uuid":"8c05e531-d7a2-4093-a743-2034016072f8","text":{"en":"","fr":"","es":"(Igual debería simplemente apreciar la escena)"},"parent":"821f48ed-5918-4317-8d59-da7e16762750","next":"31afbaad-8e8c-4f59-a421-62be0a602c3e"},"821f48ed-5918-4317-8d59-da7e16762750":{"name":"Y/N","character_uuid":"8c05e531-d7a2-4093-a743-2034016072f8","text":{"en":"","fr":"","es":"(Allí les veo a los cuatro hablando entre si)"},"parent":"af5b4c46-4bc9-4f85-aaef-01d1a49f4336","next":"ef6d3b6d-f324-4ce7-aa25-8b563135c1b4","signals":{"eventName":{"String":"everyoneEnter"},"parent":"821f48ed-5918-4317-8d59-da7e16762750"}},"af5b4c46-4bc9-4f85-aaef-01d1a49f4336":{"name":"Y/N","character_uuid":"8c05e531-d7a2-4093-a743-2034016072f8","text":{"en":"","fr":"","es":"*Me dirijo hacia el aula donde siempre están por las mañanas*"},"parent":"10c2857d-8b6b-44dc-a076-b0b62897aa09","next":"821f48ed-5918-4317-8d59-da7e16762750","signals":{"eventName":{"String":"changeBg"},"changeBg":{"String":"clase"},"parent":"af5b4c46-4bc9-4f85-aaef-01d1a49f4336"}},"10c2857d-8b6b-44dc-a076-b0b62897aa09":{"name":"Y/N","character_uuid":"8c05e531-d7a2-4093-a743-2034016072f8","text":{"en":"","fr":"","es":"(Pero aun no es el momento de ponerse triste ¡aun estan aqui!)"},"parent":"9365d59c-87f6-481b-849c-9a47060dd696","next":"af5b4c46-4bc9-4f85-aaef-01d1a49f4336"},"9365d59c-87f6-481b-849c-9a47060dd696":{"name":"Y/N","character_uuid":"8c05e531-d7a2-4093-a743-2034016072f8","text":{"en":"","fr":"","es":"(Les echaré de menos...)"},"parent":"b020beb2-c17d-4511-9966-087fa69d544f","next":"10c2857d-8b6b-44dc-a076-b0b62897aa09"},"03be758b-5bbf-48f6-a110-1b13a67e30ee":{"name":"Y/N","character_uuid":"8c05e531-d7a2-4093-a743-2034016072f8","text":{"en":"","fr":"","es":"(¿Dónde debería sentarme hoy?)"},"choices":[{"text":{"en":"","fr":"","es":"Matthew"},"next":"06e3a160-4ff5-4939-b364-904adc142b69","parent":"03be758b-5bbf-48f6-a110-1b13a67e30ee"},{"text":{"en":"","fr":"","es":"Delilah"},"next":"bc5607a4-35e2-467e-ba49-faba47fc9a59","parent":"03be758b-5bbf-48f6-a110-1b13a67e30ee"},{"text":{"en":"","fr":"","es":"Camille"},"next":"3d3f62fb-dd68-445a-8357-72882969f0b4","parent":"03be758b-5bbf-48f6-a110-1b13a67e30ee"},{"text":{"en":"","fr":"","es":"Richard"},"next":"b11e05c5-c709-4beb-aadc-0532ad969357","parent":"03be758b-5bbf-48f6-a110-1b13a67e30ee"},{"text":{"en":"","fr":"","es":"Sentarse detrás"},"next":"5fd5ee0c-5455-436e-92ca-5c5b5d5eaca4","parent":"03be758b-5bbf-48f6-a110-1b13a67e30ee"}],"parent":"ceb9c5db-e332-4671-853b-535e9f6f5ddf"},"95d136e2-4e86-432f-9b31-4e928d64a6de":{"name":"Y/N","character_uuid":"8c05e531-d7a2-4093-a743-2034016072f8","text":{"en":"","fr":"","es":"(Igual apuntarme a este programa no fue tan mala idea...)"},"parent":"5fd5ee0c-5455-436e-92ca-5c5b5d5eaca4","next":"e7b1ed85-de7b-489c-89b2-2e3fdfd2dbbd"},"e7b1ed85-de7b-489c-89b2-2e3fdfd2dbbd":{"name":"Y/N","character_uuid":"8c05e531-d7a2-4093-a743-2034016072f8","text":{"en":"","fr":"","es":"(Ah, quién sabe)"},"parent":"95d136e2-4e86-432f-9b31-4e928d64a6de","next":"8f48994d-5c0c-4360-9481-0c6778c06e57"},"5fd5ee0c-5455-436e-92ca-5c5b5d5eaca4":{"name":"Y/N","character_uuid":"8c05e531-d7a2-4093-a743-2034016072f8","text":{"en":"","fr":"","es":"*Me siento detrás de los cuatro y admiro la gran amistad que han formado este año*"},"parent":"abcf6a6a-ce71-45d5-8e8f-cb7f479c30d0","next":"95d136e2-4e86-432f-9b31-4e928d64a6de"},"c1faf4cb-efe6-466f-be48-6bb79061c47f":{"name":"Y/N","character_uuid":"8c05e531-d7a2-4093-a743-2034016072f8","text":{"en":"","fr":"","es":"(Un descansito rápido y con fuerzas a esta última reunión*"},"parent":"8f48994d-5c0c-4360-9481-0c6778c06e57","signals":{"eventName":{"String":"changeBg"},"changeBg":{"String":"fondo_negro"},"parent":"c1faf4cb-efe6-466f-be48-6bb79061c47f"},"next":"0338dda5-f85f-4cbd-9c8e-c8dadbb9b238"},"8f48994d-5c0c-4360-9481-0c6778c06e57":{"name":"Y/N","character_uuid":"8c05e531-d7a2-4093-a743-2034016072f8","text":{"en":"","fr":"","es":"(Va a ser dificl despedirme de todos ellos...)"},"parent":"e7b1ed85-de7b-489c-89b2-2e3fdfd2dbbd","next":"c1faf4cb-efe6-466f-be48-6bb79061c47f","signals":{"eventName":{"String":"everyoneExit"},"parent":"8f48994d-5c0c-4360-9481-0c6778c06e57"}},"8d3634f0-0607-4a05-a945-63023511fedb":{"name":"Y/N","character_uuid":"8c05e531-d7a2-4093-a743-2034016072f8","text":{"en":"","fr":"","es":"Bueno, gente"},"parent":"f208d354-0364-442b-a289-e8a085ed9df6","next":"e2d6a6d5-3627-4e19-8b33-28f24d0c1979"},"ceb9c5db-e332-4671-853b-535e9f6f5ddf":{"name":"Y/N","character_uuid":"8c05e531-d7a2-4093-a743-2034016072f8","text":{"en":"","fr":"","es":"(Esta vez todos se sientan juntos)"},"parent":"565fc440-fa7f-4d74-9586-c13a0c47e9e0","next":"03be758b-5bbf-48f6-a110-1b13a67e30ee"},"565fc440-fa7f-4d74-9586-c13a0c47e9e0":{"name":"Y/N","character_uuid":"8c05e531-d7a2-4093-a743-2034016072f8","text":{"en":"","fr":"","es":"*Dicho esto cada uno va a sentarse*"},"parent":"6311176c-4259-49d0-b842-450ee187da7a","next":"ceb9c5db-e332-4671-853b-535e9f6f5ddf","signals":{"eventName":{"String":"everyoneExit"},"parent":"565fc440-fa7f-4d74-9586-c13a0c47e9e0"}},"6311176c-4259-49d0-b842-450ee187da7a":{"name":"Richard","character_uuid":"f69f8c71-d246-4a25-a343-48ef9efe33af","text":{"en":"","fr":"","es":"Gracias por esta experiencia"},"parent":"e52d11a8-21ea-47e8-a48b-17267fec4110","next":"565fc440-fa7f-4d74-9586-c13a0c47e9e0"},"e52d11a8-21ea-47e8-a48b-17267fec4110":{"name":"Matthew","character_uuid":"aee2b52c-ac9f-493d-80d3-e32f0584141b","text":{"en":"","fr":"","es":"¡Os mantendré VIPs en mi canal de Twitch!"},"next":"6311176c-4259-49d0-b842-450ee187da7a","parent":"31b428f9-13dc-4152-9f2a-8450ddb01085"},"31b428f9-13dc-4152-9f2a-8450ddb01085":{"name":"Camille","character_uuid":"2459fb62-fca4-4c9a-b38d-1f868103de0d","text":{"en":"","fr":"","es":"Mhm, os recordaré cuando me haga diseñadora famosa en París"},"parent":"1bea5894-28ab-4ef0-a88a-d04f0def2c97","next":"e52d11a8-21ea-47e8-a48b-17267fec4110"},"654ebfea-006a-4989-a25c-ff6eb7d6e170":{"name":"Matthew","character_uuid":"aee2b52c-ac9f-493d-80d3-e32f0584141b","text":{"en":"","fr":"","es":"Solamente tengo que verme y leerme todo Doctor Who, nada raro"},"parent":"09306433-5299-405c-a75a-c020de16c920","next":"ca6864f9-ba82-40e6-b280-17dfdb1677b8"},"ca6864f9-ba82-40e6-b280-17dfdb1677b8":{"name":"Delilah","character_uuid":"46e24c71-186e-4df5-9a9b-8b83461d3a92","text":{"en":"","fr":"","es":"¿Esa serie no es súper larga?"},"parent":"654ebfea-006a-4989-a25c-ff6eb7d6e170","next":"5fdfa44d-1a95-4c75-8686-44f39b1b46d4"},"5fdfa44d-1a95-4c75-8686-44f39b1b46d4":{"name":"Richard","character_uuid":"f69f8c71-d246-4a25-a343-48ef9efe33af","text":{"en":"","fr":"","es":"Si contamos las antiguas y las modernas tiene 41 temporadas"},"parent":"ca6864f9-ba82-40e6-b280-17dfdb1677b8","next":"0d59c566-f3e8-42a6-a310-bba7788593e5"},"0d59c566-f3e8-42a6-a310-bba7788593e5":{"name":"Matthew","character_uuid":"aee2b52c-ac9f-493d-80d3-e32f0584141b","text":{"en":"","fr":"","es":"Fácil, se ve fácil, un par de maratones y se saca"},"parent":"5fdfa44d-1a95-4c75-8686-44f39b1b46d4","next":"c8ec559d-ba99-40bd-8658-0288fbacda4b"},"c8ec559d-ba99-40bd-8658-0288fbacda4b":{"name":"Camille","character_uuid":"2459fb62-fca4-4c9a-b38d-1f868103de0d","text":{"en":"","fr":"","es":"Está loco... es hasta admirable"},"parent":"0d59c566-f3e8-42a6-a310-bba7788593e5","next":"f208d354-0364-442b-a289-e8a085ed9df6"},"f208d354-0364-442b-a289-e8a085ed9df6":{"name":"Delilah","character_uuid":"46e24c71-186e-4df5-9a9b-8b83461d3a92","text":{"en":"","fr":"","es":"Lo es, lo es"},"parent":"c8ec559d-ba99-40bd-8658-0288fbacda4b","next":"8d3634f0-0607-4a05-a945-63023511fedb"},"f4f3694d-555a-433f-be19-a4b471dda395":{"name":"Y/N","character_uuid":"8c05e531-d7a2-4093-a743-2034016072f8","text":{"en":"","fr":"","es":"*Nos quedamos todos patidifusos*"},"parent":"d719f4df-47ec-4f73-b02e-a47fd9136e8e","next":"b4490536-fd12-4a3a-89a5-98db45287077"},"d719f4df-47ec-4f73-b02e-a47fd9136e8e":{"name":"Camille","character_uuid":"2459fb62-fca4-4c9a-b38d-1f868103de0d","text":{"en":"","fr":"","es":"¿Richard ha qué...?"},"parent":"38d289b4-3b3a-4040-9278-d35314fbd645","next":"f4f3694d-555a-433f-be19-a4b471dda395"},"b4490536-fd12-4a3a-89a5-98db45287077":{"name":"Richard","character_uuid":"f69f8c71-d246-4a25-a343-48ef9efe33af","text":{"en":"","fr":"","es":"Creo que sería adecuado que mencionaras la otra parte del trato"},"parent":"f4f3694d-555a-433f-be19-a4b471dda395","next":"2ce19b1c-7490-44a1-a3e1-a9d2dbf8c220"},"2ce19b1c-7490-44a1-a3e1-a9d2dbf8c220":{"name":"Y/N","character_uuid":"8c05e531-d7a2-4093-a743-2034016072f8","text":{"en":"","fr":"","es":"*Richard se recoloca las gafas esperando a que Matthew cuente el resto*"},"parent":"b4490536-fd12-4a3a-89a5-98db45287077","next":"066a954b-9b64-4a81-972d-51a857df0688"},"066a954b-9b64-4a81-972d-51a857df0688":{"name":"Delilah","character_uuid":"46e24c71-186e-4df5-9a9b-8b83461d3a92","text":{"en":"","fr":"","es":"¿Hay más? ¿Qué habeis estado hablando desde vuestra pelea?"},"parent":"2ce19b1c-7490-44a1-a3e1-a9d2dbf8c220","next":"09306433-5299-405c-a75a-c020de16c920"},"09306433-5299-405c-a75a-c020de16c920":{"name":"Matthew","character_uuid":"aee2b52c-ac9f-493d-80d3-e32f0584141b","text":{"en":"","fr":"","es":"Ey, ey, nada fuera de lo normal"},"parent":"066a954b-9b64-4a81-972d-51a857df0688","next":"654ebfea-006a-4989-a25c-ff6eb7d6e170"},"38d289b4-3b3a-4040-9278-d35314fbd645":{"name":"Delilah","character_uuid":"46e24c71-186e-4df5-9a9b-8b83461d3a92","text":{"en":"","fr":"","es":"¿¿Cómo??"},"parent":"10f5609c-a3c7-4c08-bb9f-263cf488ac0d","next":"d719f4df-47ec-4f73-b02e-a47fd9136e8e"},"10f5609c-a3c7-4c08-bb9f-263cf488ac0d":{"name":"Matthew","character_uuid":"aee2b52c-ac9f-493d-80d3-e32f0584141b","text":{"en":"","fr":"","es":"¿Eh? ¡Qué va! Es que Richard ha accedido a jugar a League conmigo"},"parent":"1756abc0-1c2a-477a-8e24-05ad4ba12885","next":"38d289b4-3b3a-4040-9278-d35314fbd645"},"1756abc0-1c2a-477a-8e24-05ad4ba12885":{"name":"Camille","character_uuid":"2459fb62-fca4-4c9a-b38d-1f868103de0d","text":{"en":"","fr":"","es":"Cómo no, eso es todo en lo que piensas"},"parent":"27f9288a-a768-4d3d-bc42-478e032d3316","next":"10f5609c-a3c7-4c08-bb9f-263cf488ac0d"},"27f9288a-a768-4d3d-bc42-478e032d3316":{"name":"Matthew","character_uuid":"aee2b52c-ac9f-493d-80d3-e32f0584141b","text":{"en":"","fr":"","es":"¡Hah! Yo estoy deseando volver y jugar en mi ordenador de verdad"},"parent":"521646b3-6ad0-43d1-8904-c999a3665d55","next":"1756abc0-1c2a-477a-8e24-05ad4ba12885"},"521646b3-6ad0-43d1-8904-c999a3665d55":{"name":"Y/N","character_uuid":"8c05e531-d7a2-4093-a743-2034016072f8","text":{"en":"","fr":"","es":"¿Qué tal? ¿Tristes porque es el último día?"},"parent":"49dbf437-8ded-4513-a00f-7ee19e93c030","next":"27f9288a-a768-4d3d-bc42-478e032d3316"},"49dbf437-8ded-4513-a00f-7ee19e93c030":{"name":"Y/N","character_uuid":"8c05e531-d7a2-4093-a743-2034016072f8","text":{"en":"","fr":"","es":"*Me acerco a los cuatro y me reciben con sonrisas y saludos*"},"parent":"cd89f574-e673-43a9-b1d4-4109ee552f9f","next":"521646b3-6ad0-43d1-8904-c999a3665d55"},"e2d6a6d5-3627-4e19-8b33-28f24d0c1979":{"name":"Y/N","character_uuid":"8c05e531-d7a2-4093-a743-2034016072f8","text":{"en":"","fr":"","es":"*Todos me miran*"},"parent":"8d3634f0-0607-4a05-a945-63023511fedb","next":"6e586679-7a02-47d0-8109-c1e2e3ae2eb7"},"1bea5894-28ab-4ef0-a88a-d04f0def2c97":{"name":"Delilah","character_uuid":"46e24c71-186e-4df5-9a9b-8b83461d3a92","text":{"en":"","fr":"","es":"¡Y  mucho más!"},"parent":"6e586679-7a02-47d0-8109-c1e2e3ae2eb7","next":"31b428f9-13dc-4152-9f2a-8450ddb01085"},"6e586679-7a02-47d0-8109-c1e2e3ae2eb7":{"name":"Y/N","character_uuid":"8c05e531-d7a2-4093-a743-2034016072f8","text":{"en":"","fr":"","es":"Ha sido un placer estar con vosotros este año, espero que sigamos en contacto el que viene"},"parent":"e2d6a6d5-3627-4e19-8b33-28f24d0c1979","next":"1bea5894-28ab-4ef0-a88a-d04f0def2c97"},"0338dda5-f85f-4cbd-9c8e-c8dadbb9b238":{"name":"Y/N","character_uuid":"8c05e531-d7a2-4093-a743-2034016072f8","text":{"en":"","fr":"","es":" "},"parent":"c1faf4cb-efe6-466f-be48-6bb79061c47f"},"root":{"next":"cea75e6f-9e1d-438a-9c8e-8553cee13c47"},"__editor":{"root":{"uuid":"root","offset":[40,100]},"dialogues":[{"uuid":"cea75e6f-9e1d-438a-9c8e-8553cee13c47","offset":[280,0],"parent":"root"},{"uuid":"b2c940e0-9603-483f-b251-2eecaccbbfeb","offset":[660,0]},{"uuid":"b020beb2-c17d-4511-9966-087fa69d544f","offset":[1040,0]},{"uuid":"7aee6fe0-1463-41a8-9443-3ba20525d979","offset":[10860,-940]},{"uuid":"bc5607a4-35e2-467e-ba49-faba47fc9a59","offset":[10360,-1060]},{"uuid":"f9af5a47-731a-4e6d-91d5-1166daa0fc84","offset":[10860,-1600]},{"uuid":"3d3f62fb-dd68-445a-8357-72882969f0b4","offset":[10340,-1580]},{"uuid":"94e67259-22dd-407e-b8ef-956d4dc8ed95","offset":[10880,-280]},{"uuid":"06e3a160-4ff5-4939-b364-904adc142b69","offset":[10360,-480]},{"uuid":"8fb2e88e-c0f8-41fb-85a5-419c3ab0b072","offset":[10860,420]},{"uuid":"b11e05c5-c709-4beb-aadc-0532ad969357","offset":[10380,80]},{"uuid":"e9e14cbc-f15b-47b0-b467-5fb0ca6193d5","offset":[6520,180]},{"uuid":"01915b5d-5acc-47c6-a80f-b1424bb05fc6","offset":[6140,180]},{"uuid":"f326294a-e570-48ee-94c3-ca9e992a0b82","offset":[5760,180]},{"uuid":"b40c8d29-7ff8-4526-8962-aeb1295d4d42","offset":[5380,180]},{"uuid":"0af0523c-a11b-4aad-9196-61cdfa08e7a0","offset":[5000,180]},{"uuid":"699960f2-101e-4d07-95b4-ad5612f1ba65","offset":[4620,180]},{"uuid":"dc89dcd7-8ede-4d37-b3c8-2505fd4443ac","offset":[4240,180]},{"uuid":"31afbaad-8e8c-4f59-a421-62be0a602c3e","offset":[3320,0]},{"uuid":"ef6d3b6d-f324-4ce7-aa25-8b563135c1b4","offset":[2960,0]},{"uuid":"821f48ed-5918-4317-8d59-da7e16762750","offset":[2560,0]},{"uuid":"af5b4c46-4bc9-4f85-aaef-01d1a49f4336","offset":[2180,0]},{"uuid":"10c2857d-8b6b-44dc-a076-b0b62897aa09","offset":[1800,0]},{"uuid":"9365d59c-87f6-481b-849c-9a47060dd696","offset":[1420,0]},{"uuid":"03be758b-5bbf-48f6-a110-1b13a67e30ee","offset":[8920,-620]},{"uuid":"95d136e2-4e86-432f-9b31-4e928d64a6de","offset":[10820,960]},{"uuid":"e7b1ed85-de7b-489c-89b2-2e3fdfd2dbbd","offset":[11220,940]},{"uuid":"5fd5ee0c-5455-436e-92ca-5c5b5d5eaca4","offset":[10400,940]},{"uuid":"c1faf4cb-efe6-466f-be48-6bb79061c47f","offset":[12280,-720]},{"uuid":"8f48994d-5c0c-4360-9481-0c6778c06e57","offset":[11760,-740]},{"uuid":"8d3634f0-0607-4a05-a945-63023511fedb","offset":[6640,-600]},{"uuid":"ceb9c5db-e332-4671-853b-535e9f6f5ddf","offset":[8280,-180]},{"uuid":"565fc440-fa7f-4d74-9586-c13a0c47e9e0","offset":[7900,-180]},{"uuid":"6311176c-4259-49d0-b842-450ee187da7a","offset":[7520,-180]},{"uuid":"e52d11a8-21ea-47e8-a48b-17267fec4110","offset":[7140,-180]},{"uuid":"31b428f9-13dc-4152-9f2a-8450ddb01085","offset":[8160,-600]},{"uuid":"654ebfea-006a-4989-a25c-ff6eb7d6e170","offset":[4240,-1020]},{"uuid":"ca6864f9-ba82-40e6-b280-17dfdb1677b8","offset":[4620,-1020]},{"uuid":"5fdfa44d-1a95-4c75-8686-44f39b1b46d4","offset":[5000,-1020]},{"uuid":"0d59c566-f3e8-42a6-a310-bba7788593e5","offset":[5380,-1020]},{"uuid":"c8ec559d-ba99-40bd-8658-0288fbacda4b","offset":[5760,-1020]},{"uuid":"f208d354-0364-442b-a289-e8a085ed9df6","offset":[6140,-1020]},{"uuid":"f4f3694d-555a-433f-be19-a4b471dda395","offset":[4620,-640]},{"uuid":"d719f4df-47ec-4f73-b02e-a47fd9136e8e","offset":[4240,-640]},{"uuid":"b4490536-fd12-4a3a-89a5-98db45287077","offset":[5000,-640]},{"uuid":"2ce19b1c-7490-44a1-a3e1-a9d2dbf8c220","offset":[5380,-640]},{"uuid":"066a954b-9b64-4a81-972d-51a857df0688","offset":[5760,-640]},{"uuid":"09306433-5299-405c-a75a-c020de16c920","offset":[6140,-640]},{"uuid":"38d289b4-3b3a-4040-9278-d35314fbd645","offset":[6140,-260]},{"uuid":"10f5609c-a3c7-4c08-bb9f-263cf488ac0d","offset":[5760,-260]},{"uuid":"1756abc0-1c2a-477a-8e24-05ad4ba12885","offset":[5380,-260]},{"uuid":"27f9288a-a768-4d3d-bc42-478e032d3316","offset":[5000,-260]},{"uuid":"521646b3-6ad0-43d1-8904-c999a3665d55","offset":[4620,-260]},{"uuid":"49dbf437-8ded-4513-a00f-7ee19e93c030","offset":[4240,-260]},{"uuid":"e2d6a6d5-3627-4e19-8b33-28f24d0c1979","offset":[7020,-600]},{"uuid":"1bea5894-28ab-4ef0-a88a-d04f0def2c97","offset":[7780,-600]},{"uuid":"6e586679-7a02-47d0-8109-c1e2e3ae2eb7","offset":[7400,-600]},{"uuid":"0338dda5-f85f-4cbd-9c8e-c8dadbb9b238","offset":[12760,-720]}],"conditions":[],"signals":[{"uuid":"54f1e0e4-a30e-4c5d-ba5e-c0ea29c90f37","offset":[11340,-1040],"parent":"7aee6fe0-1463-41a8-9443-3ba20525d979"},{"uuid":"119db494-7f4a-4214-a1b9-55eda44fba0d","offset":[10840,-1240],"parent":"bc5607a4-35e2-467e-ba49-faba47fc9a59","data":{"eventName":{"String":"characterEnter"},"characterEnter":{"String":"delilah"},"parent":"bc5607a4-35e2-467e-ba49-faba47fc9a59"}},{"uuid":"106f44cf-d972-439d-883c-006e9a6259ea","offset":[11340,-1580],"parent":"f9af5a47-731a-4e6d-91d5-1166daa0fc84"},{"uuid":"beae4874-8e57-4806-8c50-f0949a78f06a","offset":[10880,-1920],"parent":"3d3f62fb-dd68-445a-8357-72882969f0b4","data":{"eventName":{"String":"characterEnter"},"characterEnter":{"String":"camille"},"parent":"3d3f62fb-dd68-445a-8357-72882969f0b4"}},{"uuid":"f3ec6d1f-e06a-4ebd-ac75-841896db7819","offset":[11300,-300],"parent":"94e67259-22dd-407e-b8ef-956d4dc8ed95"},{"uuid":"763fcb1c-d8a6-4e1b-a7c1-3d35273c9c0a","offset":[10880,-600],"parent":"06e3a160-4ff5-4939-b364-904adc142b69","data":{"eventName":{"String":"characterEnter"},"characterEnter":{"String":"matthew"},"parent":"06e3a160-4ff5-4939-b364-904adc142b69"}},{"uuid":"1c7dcf53-7cac-49de-8a44-2c70304175b1","offset":[11320,340],"parent":"8fb2e88e-c0f8-41fb-85a5-419c3ab0b072"},{"uuid":"6366733b-6085-4d4a-a284-00a81383f51b","offset":[10860,100],"parent":"b11e05c5-c709-4beb-aadc-0532ad969357","data":{"eventName":{"String":"characterEnter"},"characterEnter":{"String":"richard"},"parent":"b11e05c5-c709-4beb-aadc-0532ad969357"}},{"uuid":"35944441-38ac-47a6-b3ba-a7f5a5f79fe6","offset":[2940,360],"parent":"821f48ed-5918-4317-8d59-da7e16762750"},{"uuid":"d872d55f-52f0-4a45-8640-b47f5048f4fc","offset":[2560,-360],"parent":"af5b4c46-4bc9-4f85-aaef-01d1a49f4336"},{"uuid":"35b09149-9a3b-4700-9187-ffd41036a059","offset":[12740,-340],"parent":"c1faf4cb-efe6-466f-be48-6bb79061c47f"},{"uuid":"21c7dd88-4321-4737-ae7b-ff30f38e6ff2","offset":[12260,-340],"parent":"8f48994d-5c0c-4360-9481-0c6778c06e57"},{"uuid":"c73aa90e-221f-4821-9aef-cdbe394e8e5a","offset":[8280,180],"parent":"565fc440-fa7f-4d74-9586-c13a0c47e9e0"}],"choices":[{"uuid":"cd89f574-e673-43a9-b1d4-4109ee552f9f","offset":[3840,-180],"parent":"31afbaad-8e8c-4f59-a421-62be0a602c3e"},{"uuid":"755bb7e0-7471-4e91-ae40-e8e2255583bb","offset":[3840,240],"parent":"31afbaad-8e8c-4f59-a421-62be0a602c3e"},{"uuid":"28d9b607-9a35-4b3d-bbe0-2d9a58400a4e","offset":[9820,-80],"parent":"03be758b-5bbf-48f6-a110-1b13a67e30ee"},{"uuid":"a74fc0a6-c327-457a-9d74-a7d43cdfb64f","offset":[9800,-540],"parent":"03be758b-5bbf-48f6-a110-1b13a67e30ee"},{"uuid":"a3a327ad-54f1-4173-8b48-4e171e164a74","offset":[9820,-920],"parent":"03be758b-5bbf-48f6-a110-1b13a67e30ee"},{"uuid":"b371f1cb-d58c-41cf-926d-b332149a0db2","offset":[9840,-1320],"parent":"03be758b-5bbf-48f6-a110-1b13a67e30ee"},{"uuid":"abcf6a6a-ce71-45d5-8e8f-cb7f479c30d0","offset":[9840,640],"parent":"03be758b-5bbf-48f6-a110-1b13a67e30ee"}]}}