{"12a9b99d-600a-4708-84b6-15a00a4dd8b5":{"name":"Y/N","character_uuid":"8c05e531-d7a2-4093-a743-2034016072f8","text":{"en":"","fr":"","es":"(...)"},"parent":"31e632b9-7e42-4c3a-8d35-8276e16cb220"},"291e7a91-11e9-46e7-8f63-3da05be8207f":{"name":"Y/N","character_uuid":"8c05e531-d7a2-4093-a743-2034016072f8","text":{"en":"","fr":"","es":"*Me dirijo hacia la ubicación que me dijo Matthew*"},"parent":"79fc584d-d32e-4591-a3b8-7815b4fd3e2b","next":"07ff37d3-8b05-4469-89f9-601c4f27767e","signals":{"parent":"291e7a91-11e9-46e7-8f63-3da05be8207f","eventName":{"String":"changeBg"},"changeBg":{"String":"el_buen_gusto"}}},"07ff37d3-8b05-4469-89f9-601c4f27767e":{"name":"Y/N","character_uuid":"8c05e531-d7a2-4093-a743-2034016072f8","text":{"en":"","fr":"","es":"*Habíamos quedado para hablar pero me dijo que llegaría tarde*"},"parent":"291e7a91-11e9-46e7-8f63-3da05be8207f","next":"d5fbe0e4-1c5c-4ec5-829c-186256b51719"},"d5fbe0e4-1c5c-4ec5-829c-186256b51719":{"name":"Y/N","character_uuid":"8c05e531-d7a2-4093-a743-2034016072f8","text":{"en":"","fr":"","es":"*Asi que he decidido salir más tarde*"},"parent":"07ff37d3-8b05-4469-89f9-601c4f27767e","next":"55cd3fac-57af-4393-8847-d3ee71ad7836","signals":{"eventName":{"String":"characterEnter"},"characterEnter":{"String":"matthew"},"parent":"d5fbe0e4-1c5c-4ec5-829c-186256b51719"}},"55cd3fac-57af-4393-8847-d3ee71ad7836":{"name":"Y/N","character_uuid":"8c05e531-d7a2-4093-a743-2034016072f8","text":{"en":"","fr":"","es":"*Para cuando llego, Matthew esta esperando en un banco*"},"parent":"d5fbe0e4-1c5c-4ec5-829c-186256b51719","next":"2b98bb68-39fc-49f7-b02d-3aa254810044"},"2b98bb68-39fc-49f7-b02d-3aa254810044":{"name":"Y/N","character_uuid":"8c05e531-d7a2-4093-a743-2034016072f8","text":{"en":"","fr":"","es":"(No le habré hecho esperar ¿No?)"},"parent":"55cd3fac-57af-4393-8847-d3ee71ad7836","next":"b67b82f8-edb3-4084-abdd-fe4f50bf5ee0"},"b67b82f8-edb3-4084-abdd-fe4f50bf5ee0":{"name":"Y/N","character_uuid":"8c05e531-d7a2-4093-a743-2034016072f8","text":{"en":"","fr":"","es":"*Me acerco a él tranquilamente*"},"parent":"2b98bb68-39fc-49f7-b02d-3aa254810044","next":"2b84b09e-a467-4222-8bb9-a6fbe576e3e8"},"2b84b09e-a467-4222-8bb9-a6fbe576e3e8":{"name":"Y/N","character_uuid":"8c05e531-d7a2-4093-a743-2034016072f8","text":{"en":"","fr":"","es":"*Cuando me ve se levanta corriendo con una sonrisa en la cara*"},"parent":"b67b82f8-edb3-4084-abdd-fe4f50bf5ee0","next":"f70aa6da-3d6a-4f33-a050-d17b681c623b"},"f70aa6da-3d6a-4f33-a050-d17b681c623b":{"name":"Matthew","character_uuid":"aee2b52c-ac9f-493d-80d3-e32f0584141b","text":{"en":"","fr":"","es":"¡Y/n! ¡Por fin has venido! "},"parent":"2b84b09e-a467-4222-8bb9-a6fbe576e3e8","next":"101c114b-fedf-46aa-8a47-ec0a790f48b1"},"101c114b-fedf-46aa-8a47-ec0a790f48b1":{"name":"Matthew","character_uuid":"aee2b52c-ac9f-493d-80d3-e32f0584141b","text":{"en":"","fr":"","es":"Al final he llegado yo antes que tú heheh"},"parent":"f70aa6da-3d6a-4f33-a050-d17b681c623b","next":"53f673fa-789a-43d8-9761-2a83111c6127"},"53f673fa-789a-43d8-9761-2a83111c6127":{"name":"Y/N","character_uuid":"8c05e531-d7a2-4093-a743-2034016072f8","text":{"en":"","fr":"","es":"*Matthew sonríe orgulloso*"},"parent":"101c114b-fedf-46aa-8a47-ec0a790f48b1","next":"2b77a134-8964-464d-829a-df6cf3ba631b"},"2b77a134-8964-464d-829a-df6cf3ba631b":{"name":"Y/N","character_uuid":"8c05e531-d7a2-4093-a743-2034016072f8","text":{"en":"","fr":"","es":"Eso parece"},"parent":"53f673fa-789a-43d8-9761-2a83111c6127","next":"f73f5222-dd53-4340-9a18-cd1a0fc205c6"},"f73f5222-dd53-4340-9a18-cd1a0fc205c6":{"name":"Matthew","character_uuid":"aee2b52c-ac9f-493d-80d3-e32f0584141b","text":{"en":"","fr":"","es":"Ahora que has llegado puedo decirte mi proposición"},"parent":"2b77a134-8964-464d-829a-df6cf3ba631b","next":"8bf43726-0540-4e22-80a1-39a8131e0815"},"8bf43726-0540-4e22-80a1-39a8131e0815":{"name":"Y/N","character_uuid":"8c05e531-d7a2-4093-a743-2034016072f8","text":{"en":"","fr":"","es":"¿Tu proposición?"},"parent":"f73f5222-dd53-4340-9a18-cd1a0fc205c6","next":"1583bd30-f09a-44c7-9fa8-738d940d3cc1"},"1583bd30-f09a-44c7-9fa8-738d940d3cc1":{"name":"Matthew","character_uuid":"aee2b52c-ac9f-493d-80d3-e32f0584141b","text":{"en":"","fr":"","es":"Mhm"},"parent":"8bf43726-0540-4e22-80a1-39a8131e0815","choices":[{"text":{"en":"","fr":"","es":"Adelante, dispara"},"next":"a95c3e4d-936c-44b1-a566-b906aa7a3ec0","parent":"1583bd30-f09a-44c7-9fa8-738d940d3cc1"},{"text":{"en":"","fr":"","es":"¿Qué tipo de proposición?"},"next":"b99af3c2-8847-4a94-8f1a-e4fb3685d9aa","parent":"1583bd30-f09a-44c7-9fa8-738d940d3cc1"}]},"a95c3e4d-936c-44b1-a566-b906aa7a3ec0":{"name":"Matthew","character_uuid":"aee2b52c-ac9f-493d-80d3-e32f0584141b","text":{"en":"","fr":"","es":"Heheheheh"},"parent":"140b9396-23af-4a42-bf3b-96245c9a3f20","next":"6ddd3472-9a9e-4e1d-bd42-87011739d99f"},"6ddd3472-9a9e-4e1d-bd42-87011739d99f":{"name":"Matthew","character_uuid":"aee2b52c-ac9f-493d-80d3-e32f0584141b","text":{"en":"","fr":"","es":"¿Querrías ser la Sage de mi Reyna?"},"parent":"a95c3e4d-936c-44b1-a566-b906aa7a3ec0","choices":[{"text":{"en":"","fr":"","es":"La qué de tu qué"},"next":"5e1b0a9d-eb9d-4be6-8399-ac8fab4f9a5f","parent":"6ddd3472-9a9e-4e1d-bd42-87011739d99f"},{"text":{"en":"","fr":"","es":"¿Reyna? ¿No querrás decir Jett?"},"next":"0e616882-a129-4c7d-88d1-48a1ec60f93f","parent":"6ddd3472-9a9e-4e1d-bd42-87011739d99f"}]},"5e1b0a9d-eb9d-4be6-8399-ac8fab4f9a5f":{"name":"Matthew","character_uuid":"aee2b52c-ac9f-493d-80d3-e32f0584141b","text":{"en":"","fr":"","es":"La Sage de mi Reyna"},"parent":"66e1000f-c738-4183-9b61-e8128e8a06ef","next":"57d98ae3-677b-4697-a2a1-09c1b85153e2"},"57d98ae3-677b-4697-a2a1-09c1b85153e2":{"name":"Matthew","character_uuid":"aee2b52c-ac9f-493d-80d3-e32f0584141b","text":{"en":"","fr":"","es":"Si no te gusta Reyna puedo ir Jett también"},"parent":"5e1b0a9d-eb9d-4be6-8399-ac8fab4f9a5f","next":"c48103aa-20a7-431a-8125-344584f407a5"},"0e616882-a129-4c7d-88d1-48a1ec60f93f":{"name":"Matthew","character_uuid":"aee2b52c-ac9f-493d-80d3-e32f0584141b","text":{"en":"","fr":"","es":"¿Jett? Puedo jugar Jett pero..."},"parent":"de84d8a6-6f55-4d98-9e52-283b8f968d8d","next":"0a751fc5-7211-4da5-a220-17174441060c"},"0a751fc5-7211-4da5-a220-17174441060c":{"name":"Matthew","character_uuid":"aee2b52c-ac9f-493d-80d3-e32f0584141b","text":{"en":"","fr":"","es":"¿... Cómo sabes tú eso?"},"parent":"0e616882-a129-4c7d-88d1-48a1ec60f93f","next":"0698b433-d045-428a-9d67-d44c818fd23f"},"0698b433-d045-428a-9d67-d44c818fd23f":{"name":"Y/N","character_uuid":"8c05e531-d7a2-4093-a743-2034016072f8","text":{"en":"","fr":"","es":"¿Saber el qué?"},"parent":"0a751fc5-7211-4da5-a220-17174441060c","next":"616749da-b209-475f-a166-d4a97824c209"},"616749da-b209-475f-a166-d4a97824c209":{"name":"Matthew","character_uuid":"aee2b52c-ac9f-493d-80d3-e32f0584141b","text":{"en":"","fr":"","es":"Que Jett y Sage son-"},"parent":"0698b433-d045-428a-9d67-d44c818fd23f","next":"a5321382-aadb-4bdc-aa0b-d3ccf7534b62"},"a5321382-aadb-4bdc-aa0b-d3ccf7534b62":{"name":"Y/N","character_uuid":"8c05e531-d7a2-4093-a743-2034016072f8","text":{"en":"","fr":"","es":"*Matthew se corta a si mismo antes de decir nada*"},"parent":"616749da-b209-475f-a166-d4a97824c209","next":"381df70f-630e-4df4-8d1c-35fa9690cb73"},"381df70f-630e-4df4-8d1c-35fa9690cb73":{"name":"Y/N","character_uuid":"8c05e531-d7a2-4093-a743-2034016072f8","text":{"en":"","fr":"","es":"¿Son qué?"},"parent":"a5321382-aadb-4bdc-aa0b-d3ccf7534b62","next":"3f1fd905-1502-4386-9c56-05e5df8f41cd"},"3f1fd905-1502-4386-9c56-05e5df8f41cd":{"name":"Matthew","character_uuid":"aee2b52c-ac9f-493d-80d3-e32f0584141b","text":{"en":"","fr":"","es":"No, nada"},"parent":"381df70f-630e-4df4-8d1c-35fa9690cb73","next":"3fbdcfd7-b806-4548-a8d9-ab48a5779384"},"c48103aa-20a7-431a-8125-344584f407a5":{"name":"Y/N","character_uuid":"8c05e531-d7a2-4093-a743-2034016072f8","text":{"en":"","fr":"","es":"No entiendo..."},"parent":"57d98ae3-677b-4697-a2a1-09c1b85153e2","next":"d12d81dc-1622-4aa4-9e66-e51fd8308721"},"d12d81dc-1622-4aa4-9e66-e51fd8308721":{"name":"Matthew","character_uuid":"aee2b52c-ac9f-493d-80d3-e32f0584141b","text":{"en":"","fr":"","es":"Que si quieres jugar al Valorant conmigo y tu juegas Sage y yo juego Reyna"},"parent":"c48103aa-20a7-431a-8125-344584f407a5","next":"6ba60457-d98d-4178-b67a-379bfcfeb674"},"6ba60457-d98d-4178-b67a-379bfcfeb674":{"name":"Matthew","character_uuid":"aee2b52c-ac9f-493d-80d3-e32f0584141b","text":{"en":"","fr":"","es":"Heheheheh"},"parent":"d12d81dc-1622-4aa4-9e66-e51fd8308721","next":"4abf6156-bf9d-4f3e-bead-ab73f582361b"},"4abf6156-bf9d-4f3e-bead-ab73f582361b":{"name":"Y/N","character_uuid":"8c05e531-d7a2-4093-a743-2034016072f8","text":{"en":"","fr":"","es":"bueno... se verá"},"parent":"6ba60457-d98d-4178-b67a-379bfcfeb674","next":"6eff7dea-22f0-4f15-95ac-27572cf8494a"},"3fbdcfd7-b806-4548-a8d9-ab48a5779384":{"name":"Y/N","character_uuid":"8c05e531-d7a2-4093-a743-2034016072f8","text":{"en":"","fr":"","es":"¿Esto es lo que me tenias que decir?"},"parent":"a2115736-f30a-496d-bc42-086ae56c5c60","next":"81c91826-d521-4047-9dd8-def9df566b6b"},"6eff7dea-22f0-4f15-95ac-27572cf8494a":{"name":"Matthew","character_uuid":"aee2b52c-ac9f-493d-80d3-e32f0584141b","text":{"en":"","fr":"","es":"NICE"},"parent":"4abf6156-bf9d-4f3e-bead-ab73f582361b","next":"3fbdcfd7-b806-4548-a8d9-ab48a5779384"},"b99af3c2-8847-4a94-8f1a-e4fb3685d9aa":{"name":"Matthew","character_uuid":"aee2b52c-ac9f-493d-80d3-e32f0584141b","text":{"en":"","fr":"","es":"Una normalita"},"parent":"dbfc8fbc-8698-4130-ba8d-f1508837e74b","next":"1196b73c-d14c-48e4-9331-30d9bf8aaa3d"},"1196b73c-d14c-48e4-9331-30d9bf8aaa3d":{"name":"Matthew","character_uuid":"aee2b52c-ac9f-493d-80d3-e32f0584141b","text":{"en":"","fr":"","es":"Queria invitarte a jugar conmigo al Valorant"},"parent":"b99af3c2-8847-4a94-8f1a-e4fb3685d9aa","next":"624d40ad-35eb-418c-8348-df90ce64691f"},"624d40ad-35eb-418c-8348-df90ce64691f":{"name":"Matthew","character_uuid":"aee2b52c-ac9f-493d-80d3-e32f0584141b","text":{"en":"","fr":"","es":"Yo juego Reyna y tu juegas Sage ez"},"parent":"1196b73c-d14c-48e4-9331-30d9bf8aaa3d","choices":[{"text":{"en":"","fr":"","es":"Creo que no entiendo..."},"next":"05077280-2865-4154-a198-2a8d2395d2bb","parent":"624d40ad-35eb-418c-8348-df90ce64691f"},{"text":{"en":"","fr":"","es":"Eso quiere decir algo más ¿No?"},"next":"cde00ccf-7625-4a40-ad86-1e527244e58c","parent":"624d40ad-35eb-418c-8348-df90ce64691f"}]},"05077280-2865-4154-a198-2a8d2395d2bb":{"name":"Matthew","character_uuid":"aee2b52c-ac9f-493d-80d3-e32f0584141b","text":{"en":"","fr":"","es":"Te iba a invitar a jugar a League conmigo pero creo que tengo demasiado nivel ahí..."},"parent":"42105607-4d28-4781-b8f3-8fd75460b612","next":"0a7fe41b-860d-4c3d-a7c7-2f5f29eaaf49"},"0a7fe41b-860d-4c3d-a7c7-2f5f29eaaf49":{"name":"Matthew","character_uuid":"aee2b52c-ac9f-493d-80d3-e32f0584141b","text":{"en":"","fr":"","es":"¡Pero en el Valorant te puedo carrear y no te destrozan porque no soy High Elo!"},"parent":"05077280-2865-4154-a198-2a8d2395d2bb","next":"ecade90b-5d0a-4797-a529-03bab7783a64"},"ecade90b-5d0a-4797-a529-03bab7783a64":{"name":"Y/N","character_uuid":"8c05e531-d7a2-4093-a743-2034016072f8","text":{"en":"","fr":"","es":"(No entiendo nada...)"},"parent":"0a7fe41b-860d-4c3d-a7c7-2f5f29eaaf49","next":"3fbdcfd7-b806-4548-a8d9-ab48a5779384"},"cde00ccf-7625-4a40-ad86-1e527244e58c":{"name":"Matthew","character_uuid":"aee2b52c-ac9f-493d-80d3-e32f0584141b","text":{"en":"","fr":"","es":"Qué...."},"parent":"f70cebe7-fbd9-4201-a141-6456da6856de","next":"4206e0d6-7d98-4f8f-87eb-b1593a271ba2"},"4206e0d6-7d98-4f8f-87eb-b1593a271ba2":{"name":"Matthew","character_uuid":"aee2b52c-ac9f-493d-80d3-e32f0584141b","text":{"en":"","fr":"","es":"No...."},"parent":"cde00ccf-7625-4a40-ad86-1e527244e58c","next":"455ac57d-a488-443b-83a4-9d32db12c321"},"455ac57d-a488-443b-83a4-9d32db12c321":{"name":"Y/N","character_uuid":"8c05e531-d7a2-4093-a743-2034016072f8","text":{"en":"","fr":"","es":"*Levanto la ceja*"},"parent":"4206e0d6-7d98-4f8f-87eb-b1593a271ba2","next":"8ea220f0-ede1-4906-a189-765f9854b424"},"8ea220f0-ede1-4906-a189-765f9854b424":{"name":"Matthew","character_uuid":"aee2b52c-ac9f-493d-80d3-e32f0584141b","text":{"en":"","fr":"","es":"...Bueno un poco"},"parent":"455ac57d-a488-443b-83a4-9d32db12c321","next":"a2115736-f30a-496d-bc42-086ae56c5c60"},"a2115736-f30a-496d-bc42-086ae56c5c60":{"name":"Y/N","character_uuid":"8c05e531-d7a2-4093-a743-2034016072f8","text":{"en":"","fr":"","es":"¿Entonces?"},"parent":"8ea220f0-ede1-4906-a189-765f9854b424","next":"3fbdcfd7-b806-4548-a8d9-ab48a5779384"},"81c91826-d521-4047-9dd8-def9df566b6b":{"name":"Matthew","character_uuid":"aee2b52c-ac9f-493d-80d3-e32f0584141b","text":{"en":"","fr":"","es":"Bueno..."},"parent":"3fbdcfd7-b806-4548-a8d9-ab48a5779384","next":"abb4bd1d-2d11-477c-af19-358e1a629d54"},"abb4bd1d-2d11-477c-af19-358e1a629d54":{"name":"Matthew","character_uuid":"aee2b52c-ac9f-493d-80d3-e32f0584141b","text":{"en":"","fr":"","es":"Realmente era una excusa para pasar más tiempo contigo..."},"parent":"81c91826-d521-4047-9dd8-def9df566b6b","next":"a650511d-46b0-4c78-a453-f60ced6c5d1d"},"a650511d-46b0-4c78-a453-f60ced6c5d1d":{"name":"Matthew","character_uuid":"aee2b52c-ac9f-493d-80d3-e32f0584141b","text":{"en":"","fr":"","es":"Porque me gustas..."},"parent":"abb4bd1d-2d11-477c-af19-358e1a629d54","choices":[{"text":{"en":"","fr":"","es":"Aceptar la confesión"},"next":"aabd5cd0-af3d-4176-8c2e-652ee9956cdb","parent":"a650511d-46b0-4c78-a453-f60ced6c5d1d"},{"text":{"en":"","fr":"","es":"Rechazar la confesión"},"next":"d499e061-53b4-416d-95ba-e1c99a924dd9","parent":"a650511d-46b0-4c78-a453-f60ced6c5d1d"}]},"d499e061-53b4-416d-95ba-e1c99a924dd9":{"name":"Y/N","character_uuid":"8c05e531-d7a2-4093-a743-2034016072f8","text":{"en":"","fr":"","es":"Pff... lo siento"},"parent":"fc6aea04-969e-4f24-a1e7-28868e818f07","next":"792fc2c5-dfd9-4fe7-ab82-afb714021aa0"},"aabd5cd0-af3d-4176-8c2e-652ee9956cdb":{"name":"Y/N","character_uuid":"8c05e531-d7a2-4093-a743-2034016072f8","text":{"en":"","fr":"","es":"Matthew..."},"parent":"6ed02710-1910-42b0-9a29-dd42c0e31f8a","next":"9ff071a9-8f2d-4539-8919-3b605e23eecd"},"9ff071a9-8f2d-4539-8919-3b605e23eecd":{"name":"Matthew","character_uuid":"aee2b52c-ac9f-493d-80d3-e32f0584141b","text":{"en":"","fr":"","es":"A mi también me gustas"},"parent":"aabd5cd0-af3d-4176-8c2e-652ee9956cdb","next":"4c9c2da9-6357-4b51-bd28-3ab9a21bf23e"},"4c9c2da9-6357-4b51-bd28-3ab9a21bf23e":{"name":"Matthew","character_uuid":"aee2b52c-ac9f-493d-80d3-e32f0584141b","text":{"en":"","fr":"","es":"¿¡Sí!?"},"parent":"9ff071a9-8f2d-4539-8919-3b605e23eecd","next":"45750b65-9f68-42c0-bb25-40e9e25a12f4"},"45750b65-9f68-42c0-bb25-40e9e25a12f4":{"name":"Y/N","character_uuid":"8c05e531-d7a2-4093-a743-2034016072f8","text":{"en":"","fr":"","es":"Sí"},"parent":"4c9c2da9-6357-4b51-bd28-3ab9a21bf23e","next":"ba538673-abac-4a34-8f01-5c4d6b784a7c"},"ba538673-abac-4a34-8f01-5c4d6b784a7c":{"name":"Y/N","character_uuid":"8c05e531-d7a2-4093-a743-2034016072f8","text":{"en":"","fr":"","es":"Puedo ser la Sage de tu Reyna"},"parent":"45750b65-9f68-42c0-bb25-40e9e25a12f4","next":"9e6ef909-9763-4e79-9004-483560f8aa77"},"9e6ef909-9763-4e79-9004-483560f8aa77":{"name":"Matthew","character_uuid":"aee2b52c-ac9f-493d-80d3-e32f0584141b","text":{"en":"","fr":"","es":"LET'S GO"},"parent":"ba538673-abac-4a34-8f01-5c4d6b784a7c","next":"ec714be8-036a-44de-934e-922227c34a62"},"ec714be8-036a-44de-934e-922227c34a62":{"name":"Y/N","character_uuid":"8c05e531-d7a2-4093-a743-2034016072f8","text":{"en":"","fr":"","es":" (No me esperaba que esto terminase así...)"},"parent":"4d647f07-121e-4721-a612-4eac1099aaec","signals":{"eventName":{"String":"everyoneExit"},"parent":"ec714be8-036a-44de-934e-922227c34a62"},"next":"ccf1dedf-9fd9-42f2-aab1-3a5423dcadfd"},"792fc2c5-dfd9-4fe7-ab82-afb714021aa0":{"name":"Y/N","character_uuid":"8c05e531-d7a2-4093-a743-2034016072f8","text":{"en":"","fr":"","es":"De verdad"},"parent":"d499e061-53b4-416d-95ba-e1c99a924dd9","next":"f01d5e32-47f1-4b36-9e69-20123cb96c21"},"f01d5e32-47f1-4b36-9e69-20123cb96c21":{"name":"Matthew","character_uuid":"aee2b52c-ac9f-493d-80d3-e32f0584141b","text":{"en":"","fr":"","es":"No te gusto ¿A que no?"},"parent":"792fc2c5-dfd9-4fe7-ab82-afb714021aa0","next":"930fb396-92af-4b2d-9ddc-c7d07ae17cdc"},"930fb396-92af-4b2d-9ddc-c7d07ae17cdc":{"name":"Y/N","character_uuid":"8c05e531-d7a2-4093-a743-2034016072f8","text":{"en":"","fr":"","es":"Lo siento"},"parent":"f01d5e32-47f1-4b36-9e69-20123cb96c21","next":"0d49f83c-2114-46f8-bd86-df20b302d8f2"},"0d49f83c-2114-46f8-bd86-df20b302d8f2":{"name":"Matthew","character_uuid":"aee2b52c-ac9f-493d-80d3-e32f0584141b","text":{"en":"","fr":"","es":"No pasa nada, seguimos siendo amigos, ¿no?"},"parent":"930fb396-92af-4b2d-9ddc-c7d07ae17cdc","next":"4d647f07-121e-4721-a612-4eac1099aaec"},"4d647f07-121e-4721-a612-4eac1099aaec":{"name":"Y/N","character_uuid":"8c05e531-d7a2-4093-a743-2034016072f8","text":{"en":"","fr":"","es":"Sí"},"parent":"0d49f83c-2114-46f8-bd86-df20b302d8f2","next":"ec714be8-036a-44de-934e-922227c34a62"},"ccf1dedf-9fd9-42f2-aab1-3a5423dcadfd":{"name":"Y/N","character_uuid":"8c05e531-d7a2-4093-a743-2034016072f8","text":{"en":"","fr":"","es":"(¿Quién me habría dicho que mis decisiones me llevarían a esto?)"},"parent":"ec714be8-036a-44de-934e-922227c34a62","next":"68f5804b-b765-43eb-a210-677e3ac2ee65","signals":{"eventName":{"String":"changeBg"},"changeBg":{"String":"fondo_negro"},"parent":"ccf1dedf-9fd9-42f2-aab1-3a5423dcadfd"}},"68f5804b-b765-43eb-a210-677e3ac2ee65":{"name":"Y/N","character_uuid":"8c05e531-d7a2-4093-a743-2034016072f8","text":{"en":"","fr":"","es":" "},"parent":"ccf1dedf-9fd9-42f2-aab1-3a5423dcadfd"},"75bd17b8-25c8-43fa-a3fe-f7ba307333f2":{"name":"Y/N","character_uuid":"8c05e531-d7a2-4093-a743-2034016072f8","text":{"en":"","fr":"","es":"(Anda que también, para  personaje el que ha resultado ser Matthew, la alegría de la huerta...)"},"conditions":[{"affValue":{"value":80,"operator":"greater","type":"int"},"charNum":{"value":2,"operator":"equal","type":"int"},"next":"291e7a91-11e9-46e7-8f63-3da05be8207f","parent":"75bd17b8-25c8-43fa-a3fe-f7ba307333f2"},{"affValue":{"value":81,"operator":"lower","type":"int"},"charNum":{"value":2,"operator":"equal","type":"int"},"next":"12a9b99d-600a-4708-84b6-15a00a4dd8b5","parent":"75bd17b8-25c8-43fa-a3fe-f7ba307333f2"}],"parent":"root"},"root":{"next":"75bd17b8-25c8-43fa-a3fe-f7ba307333f2"},"__editor":{"root":{"uuid":"root","offset":[40,-180]},"dialogues":[{"uuid":"12a9b99d-600a-4708-84b6-15a00a4dd8b5","offset":[620,400]},{"uuid":"291e7a91-11e9-46e7-8f63-3da05be8207f","offset":[640,0]},{"uuid":"07ff37d3-8b05-4469-89f9-601c4f27767e","offset":[1020,0]},{"uuid":"d5fbe0e4-1c5c-4ec5-829c-186256b51719","offset":[1400,0]},{"uuid":"55cd3fac-57af-4393-8847-d3ee71ad7836","offset":[1780,0]},{"uuid":"2b98bb68-39fc-49f7-b02d-3aa254810044","offset":[2160,0]},{"uuid":"b67b82f8-edb3-4084-abdd-fe4f50bf5ee0","offset":[2540,0]},{"uuid":"2b84b09e-a467-4222-8bb9-a6fbe576e3e8","offset":[2920,0]},{"uuid":"f70aa6da-3d6a-4f33-a050-d17b681c623b","offset":[3300,0]},{"uuid":"101c114b-fedf-46aa-8a47-ec0a790f48b1","offset":[3680,0]},{"uuid":"53f673fa-789a-43d8-9761-2a83111c6127","offset":[4060,0]},{"uuid":"2b77a134-8964-464d-829a-df6cf3ba631b","offset":[4440,0]},{"uuid":"f73f5222-dd53-4340-9a18-cd1a0fc205c6","offset":[4820,0]},{"uuid":"8bf43726-0540-4e22-80a1-39a8131e0815","offset":[5200,0]},{"uuid":"1583bd30-f09a-44c7-9fa8-738d940d3cc1","offset":[5580,0]},{"uuid":"a95c3e4d-936c-44b1-a566-b906aa7a3ec0","offset":[6360,-200]},{"uuid":"6ddd3472-9a9e-4e1d-bd42-87011739d99f","offset":[6740,-200]},{"uuid":"5e1b0a9d-eb9d-4be6-8399-ac8fab4f9a5f","offset":[7600,-180]},{"uuid":"57d98ae3-677b-4697-a2a1-09c1b85153e2","offset":[7980,-180]},{"uuid":"0e616882-a129-4c7d-88d1-48a1ec60f93f","offset":[7600,-560]},{"uuid":"0a751fc5-7211-4da5-a220-17174441060c","offset":[7980,-560]},{"uuid":"0698b433-d045-428a-9d67-d44c818fd23f","offset":[8360,-560]},{"uuid":"616749da-b209-475f-a166-d4a97824c209","offset":[8740,-560]},{"uuid":"a5321382-aadb-4bdc-aa0b-d3ccf7534b62","offset":[9120,-560]},{"uuid":"381df70f-630e-4df4-8d1c-35fa9690cb73","offset":[9500,-560]},{"uuid":"3f1fd905-1502-4386-9c56-05e5df8f41cd","offset":[9880,-560]},{"uuid":"c48103aa-20a7-431a-8125-344584f407a5","offset":[8360,-180]},{"uuid":"d12d81dc-1622-4aa4-9e66-e51fd8308721","offset":[8740,-180]},{"uuid":"6ba60457-d98d-4178-b67a-379bfcfeb674","offset":[9120,-180]},{"uuid":"4abf6156-bf9d-4f3e-bead-ab73f582361b","offset":[9500,-180]},{"uuid":"3fbdcfd7-b806-4548-a8d9-ab48a5779384","offset":[10460,40]},{"uuid":"6eff7dea-22f0-4f15-95ac-27572cf8494a","offset":[9880,-180]},{"uuid":"b99af3c2-8847-4a94-8f1a-e4fb3685d9aa","offset":[6360,180]},{"uuid":"1196b73c-d14c-48e4-9331-30d9bf8aaa3d","offset":[6740,180]},{"uuid":"624d40ad-35eb-418c-8348-df90ce64691f","offset":[7120,180]},{"uuid":"05077280-2865-4154-a198-2a8d2395d2bb","offset":[7980,180]},{"uuid":"0a7fe41b-860d-4c3d-a7c7-2f5f29eaaf49","offset":[8360,180]},{"uuid":"ecade90b-5d0a-4797-a529-03bab7783a64","offset":[8740,180]},{"uuid":"cde00ccf-7625-4a40-ad86-1e527244e58c","offset":[7980,540]},{"uuid":"4206e0d6-7d98-4f8f-87eb-b1593a271ba2","offset":[8360,540]},{"uuid":"455ac57d-a488-443b-83a4-9d32db12c321","offset":[8740,540]},{"uuid":"8ea220f0-ede1-4906-a189-765f9854b424","offset":[9120,540]},{"uuid":"a2115736-f30a-496d-bc42-086ae56c5c60","offset":[9500,540]},{"uuid":"81c91826-d521-4047-9dd8-def9df566b6b","offset":[10840,40]},{"uuid":"abb4bd1d-2d11-477c-af19-358e1a629d54","offset":[11220,40]},{"uuid":"a650511d-46b0-4c78-a453-f60ced6c5d1d","offset":[11600,40]},{"uuid":"d499e061-53b4-416d-95ba-e1c99a924dd9","offset":[12460,200]},{"uuid":"aabd5cd0-af3d-4176-8c2e-652ee9956cdb","offset":[12460,-160]},{"uuid":"9ff071a9-8f2d-4539-8919-3b605e23eecd","offset":[12840,-160]},{"uuid":"4c9c2da9-6357-4b51-bd28-3ab9a21bf23e","offset":[13220,-160]},{"uuid":"45750b65-9f68-42c0-bb25-40e9e25a12f4","offset":[13600,-160]},{"uuid":"ba538673-abac-4a34-8f01-5c4d6b784a7c","offset":[13980,-160]},{"uuid":"9e6ef909-9763-4e79-9004-483560f8aa77","offset":[14360,-160]},{"uuid":"ec714be8-036a-44de-934e-922227c34a62","offset":[14940,20]},{"uuid":"792fc2c5-dfd9-4fe7-ab82-afb714021aa0","offset":[12840,200]},{"uuid":"f01d5e32-47f1-4b36-9e69-20123cb96c21","offset":[13220,200]},{"uuid":"930fb396-92af-4b2d-9ddc-c7d07ae17cdc","offset":[13600,200]},{"uuid":"0d49f83c-2114-46f8-bd86-df20b302d8f2","offset":[13980,200]},{"uuid":"4d647f07-121e-4721-a612-4eac1099aaec","offset":[14360,200]},{"uuid":"ccf1dedf-9fd9-42f2-aab1-3a5423dcadfd","offset":[15360,20]},{"uuid":"68f5804b-b765-43eb-a210-677e3ac2ee65","offset":[15820,20]},{"uuid":"75bd17b8-25c8-43fa-a3fe-f7ba307333f2","offset":[-140,200],"parent":"root"}],"conditions":[{"uuid":"79fc584d-d32e-4591-a3b8-7815b4fd3e2b","offset":[260,0],"parent":"75bd17b8-25c8-43fa-a3fe-f7ba307333f2"},{"uuid":"31e632b9-7e42-4c3a-8d35-8276e16cb220","offset":[260,380],"parent":"75bd17b8-25c8-43fa-a3fe-f7ba307333f2"}],"signals":[{"uuid":"2f9338cf-7262-4f2f-9ead-4ddb153465d2","offset":[1020,-340],"parent":"291e7a91-11e9-46e7-8f63-3da05be8207f"},{"uuid":"24154098-87ba-4201-bdd4-1fa231b79392","offset":[1780,380],"parent":"d5fbe0e4-1c5c-4ec5-829c-186256b51719"},{"uuid":"9a3355c3-e1f9-4767-8f65-b923aa6eb310","offset":[15320,400],"parent":"ec714be8-036a-44de-934e-922227c34a62"},{"uuid":"5c157716-c6e2-4b7d-9224-32a109624c76","offset":[15820,420],"parent":"ccf1dedf-9fd9-42f2-aab1-3a5423dcadfd"}],"choices":[{"uuid":"140b9396-23af-4a42-bf3b-96245c9a3f20","offset":[5980,-140],"parent":"1583bd30-f09a-44c7-9fa8-738d940d3cc1"},{"uuid":"dbfc8fbc-8698-4130-ba8d-f1508837e74b","offset":[5980,160],"parent":"1583bd30-f09a-44c7-9fa8-738d940d3cc1"},{"uuid":"66e1000f-c738-4183-9b61-e8128e8a06ef","offset":[7220,-120],"parent":"6ddd3472-9a9e-4e1d-bd42-87011739d99f"},{"uuid":"de84d8a6-6f55-4d98-9e52-283b8f968d8d","offset":[7220,-500],"parent":"6ddd3472-9a9e-4e1d-bd42-87011739d99f"},{"uuid":"42105607-4d28-4781-b8f3-8fd75460b612","offset":[7580,240],"parent":"624d40ad-35eb-418c-8348-df90ce64691f"},{"uuid":"f70cebe7-fbd9-4201-a141-6456da6856de","offset":[7580,540],"parent":"624d40ad-35eb-418c-8348-df90ce64691f"},{"uuid":"6ed02710-1910-42b0-9a29-dd42c0e31f8a","offset":[12040,-40],"parent":"a650511d-46b0-4c78-a453-f60ced6c5d1d"},{"uuid":"fc6aea04-969e-4f24-a1e7-28868e818f07","offset":[12040,260],"parent":"a650511d-46b0-4c78-a453-f60ced6c5d1d"}]}}