{"9a530a7e-ceb7-4332-bc95-df501e2e7af7":{"name":"Matthew","character_uuid":"b720698b-0f41-453c-bdf4-31ce61a4ce9e","portrait":"/Users/Cynthia/OneDrive - UCM/UCM/2º/S1/pvli/ProjectM/assets/images/personajes/matthew.png","text":{"en":"","fr":"","es":"HOLIWISSS"},"parent":"root","next":"bf0917db-7cc6-415e-9dfd-9e8f2d16c3d0"},"bf0917db-7cc6-415e-9dfd-9e8f2d16c3d0":{"name":"Matthew","character_uuid":"b720698b-0f41-453c-bdf4-31ce61a4ce9e","portrait":"/Users/Cynthia/OneDrive - UCM/UCM/2º/S1/pvli/ProjectM/assets/images/personajes/matthew.png","text":{"en":"","fr":"","es":"quien para un lolillos????"},"parent":"9a530a7e-ceb7-4332-bc95-df501e2e7af7","next":"fc6933cb-2d9a-49e5-ae51-f0bf9d274026"},"fc6933cb-2d9a-49e5-ae51-f0bf9d274026":{"name":"Matthew","character_uuid":"b720698b-0f41-453c-bdf4-31ce61a4ce9e","portrait":"/Users/Cynthia/OneDrive - UCM/UCM/2º/S1/pvli/ProjectM/assets/images/personajes/matthew.png","text":{"en":"","fr":"","es":"heheheheheh yo te supporteo que suiqeres uwu"},"parent":"bf0917db-7cc6-415e-9dfd-9e8f2d16c3d0","next":"d7c9ba74-ad40-4cff-9ab5-3ff4f4d9add2"},"d7c9ba74-ad40-4cff-9ab5-3ff4f4d9add2":{"name":"Camille","character_uuid":"18c9570d-9acc-4867-ae59-1bb5a930e6ec","portrait":"/Users/Cynthia/OneDrive - UCM/UCM/2º/S1/pvli/ProjectM/assets/images/personajes/camille.png","text":{"en":"","fr":"","es":"Dios callate la puta boca por dios"},"parent":"fc6933cb-2d9a-49e5-ae51-f0bf9d274026","next":"ac7519c6-e004-4b78-957a-d736408307c3"},"ac7519c6-e004-4b78-957a-d736408307c3":{"name":"Matthew","character_uuid":"b720698b-0f41-453c-bdf4-31ce61a4ce9e","portrait":"/Users/Cynthia/OneDrive - UCM/UCM/2º/S1/pvli/ProjectM/assets/images/personajes/matthew.png","text":{"en":"","fr":"","es":"prefieres  que haga de pocket sage????"},"parent":"d7c9ba74-ad40-4cff-9ab5-3ff4f4d9add2","next":"97e99d59-c4c7-4078-9079-71ac6f2e2fbd"},"97e99d59-c4c7-4078-9079-71ac6f2e2fbd":{"name":"Camille","character_uuid":"18c9570d-9acc-4867-ae59-1bb5a930e6ec","portrait":"/Users/Cynthia/OneDrive - UCM/UCM/2º/S1/pvli/ProjectM/assets/images/personajes/camille.png","text":{"en":"","fr":"","es":"Prefiero que te calles la boca"},"parent":"ac7519c6-e004-4b78-957a-d736408307c3","next":"9bf41bba-2998-4db4-a368-48e6abe5d6b7"},"9bf41bba-2998-4db4-a368-48e6abe5d6b7":{"name":"Camille","character_uuid":"18c9570d-9acc-4867-ae59-1bb5a930e6ec","portrait":"/Users/Cynthia/OneDrive - UCM/UCM/2º/S1/pvli/ProjectM/assets/images/personajes/camille.png","text":{"en":"","fr":"","es":"Aun que se de alguien mas que te callaria la boca"},"parent":"97e99d59-c4c7-4078-9079-71ac6f2e2fbd","next":"7ad1eec1-5d1f-4c4f-aef3-831b19f396f0"},"7ad1eec1-5d1f-4c4f-aef3-831b19f396f0":{"name":"Matthew","character_uuid":"b720698b-0f41-453c-bdf4-31ce61a4ce9e","portrait":"/Users/Cynthia/OneDrive - UCM/UCM/2º/S1/pvli/ProjectM/assets/images/personajes/matthew.png","text":{"en":"","fr":"","es":"????????????????????????????????????????"},"parent":"9bf41bba-2998-4db4-a368-48e6abe5d6b7","next":"cc718f8e-8547-4a37-bc22-c21537bae013"},"cc718f8e-8547-4a37-bc22-c21537bae013":{"name":"Richard","character_uuid":"47d90ad2-9750-434a-996a-9a5736a18ed7","portrait":"/Users/Cynthia/OneDrive - UCM/UCM/2º/S1/pvli/ProjectM/assets/images/personajes/richard.png","text":{"en":"","fr":"","es":"a mi por que me mirais todos"},"parent":"7ad1eec1-5d1f-4c4f-aef3-831b19f396f0","next":"f854b96f-8b48-4945-8746-b5ce3ae9581c"},"f854b96f-8b48-4945-8746-b5ce3ae9581c":{"name":"Delilah","character_uuid":"a0e36e90-a958-4456-9d35-98f3f0c6db2e","portrait":"/Users/Cynthia/OneDrive - UCM/UCM/2º/S1/pvli/ProjectM/assets/images/personajes/delilah.png","text":{"en":"","fr":"","es":"que bonito..."},"parent":"cc718f8e-8547-4a37-bc22-c21537bae013","choices":[{"text":{"en":"","fr":"","es":"tal para cual...."},"next":"ad51a941-37ed-4aef-b76a-dfbad2131c69","parent":"f854b96f-8b48-4945-8746-b5ce3ae9581c"},{"text":{"en":"","fr":"","es":"*se calla*"},"next":"1906577f-7a15-4356-b7dd-415ab7b10b08","parent":"f854b96f-8b48-4945-8746-b5ce3ae9581c"}]},"root":{"next":"9a530a7e-ceb7-4332-bc95-df501e2e7af7"},"1906577f-7a15-4356-b7dd-415ab7b10b08":{"name":"Matthew","character_uuid":"b720698b-0f41-453c-bdf4-31ce61a4ce9e","portrait":"/Users/Cynthia/OneDrive - UCM/UCM/2º/S1/pvli/ProjectM/assets/images/personajes/matthew.png","text":{"en":"","fr":"","es":"os odio a todos me voy a jugar unas rankeds"},"parent":"a06f0189-5eee-48af-b193-528b7de8ea49","next":"97b91a67-7570-4067-b5c2-2353b14a543f"},"97b91a67-7570-4067-b5c2-2353b14a543f":{"name":"Richard","character_uuid":"b720698b-0f41-453c-bdf4-31ce61a4ce9e","portrait":"/Users/Cynthia/OneDrive - UCM/UCM/2º/S1/pvli/ProjectM/assets/images/personajes/richard.png","text":{"en":"","fr":"","es":"....."},"parent":"1906577f-7a15-4356-b7dd-415ab7b10b08"},"ad51a941-37ed-4aef-b76a-dfbad2131c69":{"name":"Camille","character_uuid":"b720698b-0f41-453c-bdf4-31ce61a4ce9e","portrait":"/Users/Cynthia/OneDrive - UCM/UCM/2º/S1/pvli/ProjectM/assets/images/personajes/camille.png","text":{"en":"","fr":"","es":"en fin, no van a hacer nada"},"parent":"14d79f98-38c2-4629-b7c6-0839ac576339","next":"b700259d-e392-4c85-bbd1-f3729eda2899"},"b700259d-e392-4c85-bbd1-f3729eda2899":{"name":"Delilah","character_uuid":"b720698b-0f41-453c-bdf4-31ce61a4ce9e","portrait":"/Users/Cynthia/OneDrive - UCM/UCM/2º/S1/pvli/ProjectM/assets/images/personajes/delilah.png","text":{"en":"","fr":"","es":"...entonces igual podemos hacer algo tu y yo..."},"parent":"ad51a941-37ed-4aef-b76a-dfbad2131c69","next":"6c333ea2-3a45-4067-8e4f-2c426567fb7d"},"6c333ea2-3a45-4067-8e4f-2c426567fb7d":{"name":"Y/N","character_uuid":"b720698b-0f41-453c-bdf4-31ce61a4ce9e","portrait":"","text":{"en":"","fr":"","es":"// realmente se estan morreando delante de mi ensalada y se la pela...."},"parent":"b700259d-e392-4c85-bbd1-f3729eda2899","conditions":[{"parent":"6c333ea2-3a45-4067-8e4f-2c426567fb7d","affVm":{"value":199,"operator":"greater","type":"int"},"next":"c6108c3d-9846-4f6a-a2e9-131a1316ada7"},{"affVm":{"value":200,"operator":"lower","type":"int"},"parent":"6c333ea2-3a45-4067-8e4f-2c426567fb7d","next":"c0243d1f-53b1-43f9-b855-eb964c14afb0"}]},"c6108c3d-9846-4f6a-a2e9-131a1316ada7":{"name":"Matthew","character_uuid":"b720698b-0f41-453c-bdf4-31ce61a4ce9e","portrait":"/Users/Cynthia/OneDrive - UCM/UCM/2º/S1/pvli/ProjectM/assets/images/personajes/matthew.png","text":{"en":"","fr":"","es":"AAAAAAAAAAAAAAAAAAAAAAAAAAAAA"},"parent":"d2536a4a-0769-4470-9de6-e7503db88028"},"c0243d1f-53b1-43f9-b855-eb964c14afb0":{"name":"Matthew","character_uuid":"b720698b-0f41-453c-bdf4-31ce61a4ce9e","portrait":"/Users/Cynthia/OneDrive - UCM/UCM/2º/S1/pvli/ProjectM/assets/images/personajes/matthew.png","text":{"en":"","fr":"","es":"TETAAAAAAAAAAAAAAAAAAAAAAAAAAAAAS"},"parent":"6cbd5fa3-101b-4b80-ad68-9329ae66e913"},"__editor":{"root":{"uuid":"root","offset":[-20,-220]},"dialogues":[{"uuid":"9a530a7e-ceb7-4332-bc95-df501e2e7af7","offset":[180,-260],"parent":"root"},{"uuid":"bf0917db-7cc6-415e-9dfd-9e8f2d16c3d0","offset":[640,-240]},{"uuid":"fc6933cb-2d9a-49e5-ae51-f0bf9d274026","offset":[1080,-220]},{"uuid":"d7c9ba74-ad40-4cff-9ab5-3ff4f4d9add2","offset":[1500,-220]},{"uuid":"ac7519c6-e004-4b78-957a-d736408307c3","offset":[1920,-220]},{"uuid":"97e99d59-c4c7-4078-9079-71ac6f2e2fbd","offset":[1920,220]},{"uuid":"9bf41bba-2998-4db4-a368-48e6abe5d6b7","offset":[1500,220]},{"uuid":"7ad1eec1-5d1f-4c4f-aef3-831b19f396f0","offset":[1080,220]},{"uuid":"cc718f8e-8547-4a37-bc22-c21537bae013","offset":[160,200]},{"uuid":"f854b96f-8b48-4945-8746-b5ce3ae9581c","offset":[-200,640]},{"uuid":"1906577f-7a15-4356-b7dd-415ab7b10b08","offset":[1140,580]},{"uuid":"97b91a67-7570-4067-b5c2-2353b14a543f","offset":[1580,580]},{"uuid":"ad51a941-37ed-4aef-b76a-dfbad2131c69","offset":[660,1080]},{"uuid":"b700259d-e392-4c85-bbd1-f3729eda2899","offset":[1060,1080]},{"uuid":"6c333ea2-3a45-4067-8e4f-2c426567fb7d","offset":[1500,1080]},{"uuid":"c6108c3d-9846-4f6a-a2e9-131a1316ada7","offset":[2440,860]},{"uuid":"c0243d1f-53b1-43f9-b855-eb964c14afb0","offset":[2440,1320]}],"conditions":[{"uuid":"d2536a4a-0769-4470-9de6-e7503db88028","offset":[2000,940],"parent":"6c333ea2-3a45-4067-8e4f-2c426567fb7d","collapsed":false},{"uuid":"6cbd5fa3-101b-4b80-ad68-9329ae66e913","offset":[2000,1320],"collapsed":false,"parent":"6c333ea2-3a45-4067-8e4f-2c426567fb7d"}],"signals":[],"choices":[{"uuid":"a06f0189-5eee-48af-b193-528b7de8ea49","offset":[280,680],"parent":"f854b96f-8b48-4945-8746-b5ce3ae9581c"},{"uuid":"14d79f98-38c2-4629-b7c6-0839ac576339","offset":[260,1000],"parent":"f854b96f-8b48-4945-8746-b5ce3ae9581c"}]}}