{"2d45ce10-a550-4827-9a96-f4986975e583":{"name":"Narrado","character_uuid":"492eaa9a-03cc-472d-93e8-ff4bc8fc59b0","text":{"en":"","fr":"","es":"Eres estudiante de universidad que ha decidido presentarse a mentorizar a cuatro nuevos estudiantes de intercambio"},"parent":"root","next":"3f4ca55c-94e0-4b9c-8fc6-ccadf0f2cb3b"},"3f4ca55c-94e0-4b9c-8fc6-ccadf0f2cb3b":{"name":"Narrado","character_uuid":"492eaa9a-03cc-472d-93e8-ff4bc8fc59b0","text":{"en":"","fr":"","es":"Pero todavía no sabes lo mucho que llegarás a conocerles y no eres consciente de lo que podría llegar a pasar entre vosotros..."},"parent":"2d45ce10-a550-4827-9a96-f4986975e583","next":"d1d95b1b-1b8c-4868-aabc-06f4c0b576db"},"d1d95b1b-1b8c-4868-aabc-06f4c0b576db":{"name":"Narrado","character_uuid":"492eaa9a-03cc-472d-93e8-ff4bc8fc59b0","text":{"en":"","fr":"","es":"El día de la presentación llegas a la clase donde ellos ya te están esperando"},"parent":"3f4ca55c-94e0-4b9c-8fc6-ccadf0f2cb3b","next":"05277119-d866-47e0-bdff-89495a72cd67"},"05277119-d866-47e0-bdff-89495a72cd67":{"name":"T/N","character_uuid":"8c05e531-d7a2-4093-a743-2034016072f8","text":{"en":"","fr":"","es":"Bueno quien quiere ser el primero en presentarse?"},"parent":"d1d95b1b-1b8c-4868-aabc-06f4c0b576db","next":"2936ca27-2d8e-41f4-97fa-26fb1b4ce35c"},"2936ca27-2d8e-41f4-97fa-26fb1b4ce35c":{"name":"Narrado","character_uuid":"492eaa9a-03cc-472d-93e8-ff4bc8fc59b0","text":{"en":"","fr":"","es":"El silencio se asienta en la clase, está claro que ninguno de los cuatro estudiantes quiere ser el primero en empezar"},"parent":"05277119-d866-47e0-bdff-89495a72cd67","next":"5a459502-fce8-4347-b9ba-753c8406c9a5"},"5a459502-fce8-4347-b9ba-753c8406c9a5":{"name":"T/N","character_uuid":"8c05e531-d7a2-4093-a743-2034016072f8","text":{"en":"","fr":"","es":"Bueno pues supongo que tendré que elegir yo"},"parent":"2936ca27-2d8e-41f4-97fa-26fb1b4ce35c","choices":[{"text":{"en":"","fr":"","es":"La chica de la boina"},"next":"a09ba6cd-299a-4f85-aab6-3a7c13f5b789","parent":"5a459502-fce8-4347-b9ba-753c8406c9a5"},{"text":{"en":"","fr":"","es":"El chico del chaleco azul"},"next":"19a80600-2edd-4aa9-98f1-3010825239f8","parent":"5a459502-fce8-4347-b9ba-753c8406c9a5"},{"text":{"en":"","fr":"","es":"El chico de la sudadera roja"},"next":""},{"text":{"en":"","fr":"","es":"El chico del chaleco azul"},"next":"","parent":"5a459502-fce8-4347-b9ba-753c8406c9a5"},{"text":{"en":"","fr":"","es":"El chico de la sudadera roja"},"next":"a3c603ba-9c32-4601-81cd-d63f32d60f2a","parent":"5a459502-fce8-4347-b9ba-753c8406c9a5"},{"text":{"en":"","fr":"","es":"La chica de la falda rosa"},"next":"f5ee7d09-3fec-41a2-ba3c-15e71886fe22","parent":"5a459502-fce8-4347-b9ba-753c8406c9a5"}]},"a09ba6cd-299a-4f85-aab6-3a7c13f5b789":{"name":"Camille","character_uuid":"2459fb62-fca4-4c9a-b38d-1f868103de0d","text":{"en":"","fr":"","es":"Me llamo Camille Durant, soy de Toulouse y vengo por obligación de mis padres"},"parent":"09a7ac24-ad55-474f-96b7-8250935f6a80","next":"e6fbcb7e-c698-40ca-b6e5-8151ba342f2e"},"e6fbcb7e-c698-40ca-b6e5-8151ba342f2e":{"name":"Narrado","character_uuid":"492eaa9a-03cc-472d-93e8-ff4bc8fc59b0","text":{"en":"","fr":"","es":"De no ser por su insistencia seguiria en Toulouse y no en esta... curiosa...clase..."},"parent":"a09ba6cd-299a-4f85-aab6-3a7c13f5b789","choices":[],"next":"f779fde0-f845-4fc4-ab7b-ede044962a98"},"f779fde0-f845-4fc4-ab7b-ede044962a98":{"name":"T/N","character_uuid":"8c05e531-d7a2-4093-a743-2034016072f8","text":{"en":"","fr":"","es":"Un placer conocerte Camille, el siguiente sera..."},"parent":"e6fbcb7e-c698-40ca-b6e5-8151ba342f2e","choices":[{"text":{"en":"","fr":"","es":"El chico de la sudadera roja"},"next":"bf18543a-257a-4993-b252-e8a59027df77","parent":"f779fde0-f845-4fc4-ab7b-ede044962a98"},{"text":{"en":"","fr":"","es":"La chica de la falda rosa"},"next":"a72d552b-79f0-49bc-a07a-d2d7c0918db6","parent":"f779fde0-f845-4fc4-ab7b-ede044962a98"},{"text":{"en":"","fr":"","es":"El chico del chaleco azul"},"next":"5edc83f8-4e2b-426d-a689-24c9f4a77895","parent":"f779fde0-f845-4fc4-ab7b-ede044962a98"}]},"f5ee7d09-3fec-41a2-ba3c-15e71886fe22":{"name":"Delilah","character_uuid":"46e24c71-186e-4df5-9a9b-8b83461d3a92","text":{"en":"","fr":"","es":"Soy Delilah Medina, encantada de conoceros"},"next":"c8cd4092-b499-4859-bf5c-675adfc7eae0","parent":"f5f1a65d-7200-4896-a492-a39685e6d9aa"},"c8cd4092-b499-4859-bf5c-675adfc7eae0":{"name":"Delilah","character_uuid":"46e24c71-186e-4df5-9a9b-8b83461d3a92","text":{"en":"","fr":"","es":"He venido con mi mascota Guiko  desde Panabo, Filipinas"},"parent":"f5ee7d09-3fec-41a2-ba3c-15e71886fe22","next":"4c5dc58c-6eb5-4d17-aca5-8b5d296ada03"},"a72d552b-79f0-49bc-a07a-d2d7c0918db6":{"name":"Delilah","character_uuid":"46e24c71-186e-4df5-9a9b-8b83461d3a92","text":{"en":"","fr":"","es":"Soy Delilah Medina, encantada de conoceros"},"next":"beaca5f0-e9e6-4247-ab8a-7d5bbb0026b5","parent":"ae084045-bcc4-48ee-9139-4c5613fe962b"},"beaca5f0-e9e6-4247-ab8a-7d5bbb0026b5":{"name":"Delilah","character_uuid":"46e24c71-186e-4df5-9a9b-8b83461d3a92","text":{"en":"","fr":"","es":"He venido con mi mascota Guiko  desde Panabo, Filipinas"},"parent":"a72d552b-79f0-49bc-a07a-d2d7c0918db6","next":"928e0d22-3caf-4d12-b20e-5df15647ee13"},"4c5dc58c-6eb5-4d17-aca5-8b5d296ada03":{"name":"T/N","character_uuid":"8c05e531-d7a2-4093-a743-2034016072f8","text":{"en":"","fr":"","es":"Mucho gusto Delilah, ahora le toca a..."},"parent":"c8cd4092-b499-4859-bf5c-675adfc7eae0","choices":[{"text":{"en":"","fr":"","es":"El chico del chaleco azul"},"next":"8cf7523d-53d5-400a-ad87-8ce4af73a11a","parent":"4c5dc58c-6eb5-4d17-aca5-8b5d296ada03"},{"text":{"en":"","fr":"","es":"El chico de la sudadera roja"},"next":"009353dc-71c0-444a-b1ad-6e07bac3c579","parent":"4c5dc58c-6eb5-4d17-aca5-8b5d296ada03"},{"text":{"en":"","fr":"","es":"La chica de la boina"},"next":"f39b6fe5-b191-46d6-90c5-2e4ac4d20dbc","parent":"4c5dc58c-6eb5-4d17-aca5-8b5d296ada03"}]},"928e0d22-3caf-4d12-b20e-5df15647ee13":{"name":"T/N","character_uuid":"8c05e531-d7a2-4093-a743-2034016072f8","text":{"en":"","fr":"","es":"Mucho gusto Delilah, ahora le toca a..."},"parent":"beaca5f0-e9e6-4247-ab8a-7d5bbb0026b5","choices":[{"text":{"en":"","fr":"","es":"El chico de la sudadera roja"},"next":"26a974e3-fd22-47ed-b67a-322bf9c2f400","parent":"73ed9e40-b10a-45f4-9022-362bbdf89b6f"},{"text":{"en":"","fr":"","es":"El chico del chaleco azul"},"next":"75f0c18d-7747-4acb-b7d7-31b560b6c372","parent":"73ed9e40-b10a-45f4-9022-362bbdf89b6f"}]},"75f0c18d-7747-4acb-b7d7-31b560b6c372":{"name":"Richard","character_uuid":"f69f8c71-d246-4a25-a343-48ef9efe33af","text":{"en":"","fr":"","es":"Buenos dias, me presento, soy Richard Dickinson"},"parent":"b82e47de-ead9-4851-acbc-63db95a4af32","next":"7550b6d1-f11b-4c3d-a067-a95167a273d8"},"45a5086f-97f0-4a83-89a4-ecca7a9b82e8":{"name":"Richard","character_uuid":"f69f8c71-d246-4a25-a343-48ef9efe33af","text":{"en":"","fr":"","es":"Solo me interesan los puntos extra que pueda ganar con el intercambio, no vengo a hacer amigos"},"parent":"7550b6d1-f11b-4c3d-a067-a95167a273d8","next":"2db62bca-df13-499d-ba87-c1af0c7b34f1"},"7550b6d1-f11b-4c3d-a067-a95167a273d8":{"name":"Richard","character_uuid":"f69f8c71-d246-4a25-a343-48ef9efe33af","text":{"en":"","fr":"","es":"Soy estudiante del Eton College, Colegio de Nuestra Señora de Eton para vosotros..."},"parent":"75f0c18d-7747-4acb-b7d7-31b560b6c372","next":"45a5086f-97f0-4a83-89a4-ecca7a9b82e8"},"2db62bca-df13-499d-ba87-c1af0c7b34f1":{"name":"T/N","character_uuid":"8c05e531-d7a2-4093-a743-2034016072f8","text":{"en":"","fr":"","es":"ª    , entiendo haré lo posible por ayudarte con ello"},"parent":"45a5086f-97f0-4a83-89a4-ecca7a9b82e8","next":"f6f2246b-0c22-4eb5-a850-c8582799633f"},"f6f2246b-0c22-4eb5-a850-c8582799633f":{"name":"T/N","character_uuid":"8c05e531-d7a2-4093-a743-2034016072f8","text":{"en":"","fr":"","es":"bueno y por último te toca a ti..."},"parent":"1a875435-52ec-44ad-9024-11e139578adf","next":"bf2b41e1-abce-440c-a97b-ad54cf0be65a"},"bf2b41e1-abce-440c-a97b-ad54cf0be65a":{"name":"Matthew","character_uuid":"aee2b52c-ac9f-493d-80d3-e32f0584141b","text":{"en":"","fr":"","es":"Yo soy Matthew Roberts, el mejor streamer del mundo, soy challenger en el lol y  main reyna"},"parent":"f6f2246b-0c22-4eb5-a850-c8582799633f","next":"eec15ee0-db39-4ea5-afb6-6ad078a83897"},"eec15ee0-db39-4ea5-afb6-6ad078a83897":{"name":"Matthew","character_uuid":"aee2b52c-ac9f-493d-80d3-e32f0584141b","text":{"en":"","fr":"","es":"Also, soy el mejor jungla de Michigan"},"parent":"bf2b41e1-abce-440c-a97b-ad54cf0be65a","next":"d0920c26-dfc8-4565-9089-bd38c7908e18"},"d0920c26-dfc8-4565-9089-bd38c7908e18":{"name":"Matthew","character_uuid":"aee2b52c-ac9f-493d-80d3-e32f0584141b","text":{"en":"","fr":"","es":"Seguidme en https://www.twitch.tv/mmatthewwttv y en https://twitter.com/mmatthewwttv"},"parent":"eec15ee0-db39-4ea5-afb6-6ad078a83897","next":"90349ea9-cd39-4da5-8cff-ff5b99db55b6"},"90349ea9-cd39-4da5-8cff-ff5b99db55b6":{"name":"T/N","character_uuid":"8c05e531-d7a2-4093-a743-2034016072f8","text":{"en":"","fr":"","es":"¿Por qué acabas de decir dos links enteros hablando?"},"parent":"d0920c26-dfc8-4565-9089-bd38c7908e18","next":"b58bbd5b-7273-4150-8409-88cd816c32de"},"b58bbd5b-7273-4150-8409-88cd816c32de":{"name":"T/N","character_uuid":"8c05e531-d7a2-4093-a743-2034016072f8","text":{"en":"","fr":"","es":"En fin, es un placer conoceros a todos"},"parent":"8092067d-8b69-46e9-9c2d-e010d6d36c91","next":"97408e4b-cbfa-408e-8032-d15456395b77"},"97408e4b-cbfa-408e-8032-d15456395b77":{"name":"T/N","character_uuid":"492eaa9a-03cc-472d-93e8-ff4bc8fc59b0","text":{"en":"","fr":"","es":"Todos los dias tendremos una reunion de este tipo al medio dia pero podeis hablarme cuando querais"},"parent":"b58bbd5b-7273-4150-8409-88cd816c32de","next":"c1edda0f-5686-44d4-b21c-41d91b6d1209"},"c1edda0f-5686-44d4-b21c-41d91b6d1209":{"name":"T/N","character_uuid":"492eaa9a-03cc-472d-93e8-ff4bc8fc59b0","text":{"en":"","fr":"","es":"Hasta entonces, suerte en clase y suerte con el español"},"parent":"97408e4b-cbfa-408e-8032-d15456395b77","next":"4793c15a-316b-4d21-b52d-803c0bca73e1"},"4793c15a-316b-4d21-b52d-803c0bca73e1":{"name":"Narrado","character_uuid":"492eaa9a-03cc-472d-93e8-ff4bc8fc59b0","text":{"en":"","fr":"","es":"(Todos salen de la clase, parece que tenian ganas de salir de aquí...)"},"parent":"c1edda0f-5686-44d4-b21c-41d91b6d1209","next":"22d5e6ec-c57e-41ce-9002-f63313d48d04"},"22d5e6ec-c57e-41ce-9002-f63313d48d04":{"name":"T/N","character_uuid":"492eaa9a-03cc-472d-93e8-ff4bc8fc59b0","text":{"en":"","fr":"","es":"Madre mía la que me espera..."},"parent":"4793c15a-316b-4d21-b52d-803c0bca73e1"},"root":{"next":"2d45ce10-a550-4827-9a96-f4986975e583"},"__editor":{"root":{"uuid":"root","offset":[40,100]},"dialogues":[{"uuid":"2d45ce10-a550-4827-9a96-f4986975e583","offset":[240,-20],"parent":"root"},{"uuid":"3f4ca55c-94e0-4b9c-8fc6-ccadf0f2cb3b","offset":[660,-20]},{"uuid":"d1d95b1b-1b8c-4868-aabc-06f4c0b576db","offset":[1080,-20]},{"uuid":"05277119-d866-47e0-bdff-89495a72cd67","offset":[1500,-20]},{"uuid":"2936ca27-2d8e-41f4-97fa-26fb1b4ce35c","offset":[1920,-20]},{"uuid":"5a459502-fce8-4347-b9ba-753c8406c9a5","offset":[2340,-20]},{"uuid":"a09ba6cd-299a-4f85-aab6-3a7c13f5b789","offset":[3140,-1560]},{"uuid":"e6fbcb7e-c698-40ca-b6e5-8151ba342f2e","offset":[3580,-1560]},{"uuid":"f779fde0-f845-4fc4-ab7b-ede044962a98","offset":[3980,-1560]},{"uuid":"f5ee7d09-3fec-41a2-ba3c-15e71886fe22","offset":[3220,-540]},{"uuid":"c8cd4092-b499-4859-bf5c-675adfc7eae0","offset":[3620,-540]},{"uuid":"a72d552b-79f0-49bc-a07a-d2d7c0918db6","offset":[5140,-2320]},{"uuid":"beaca5f0-e9e6-4247-ab8a-7d5bbb0026b5","offset":[5520,-2320]},{"uuid":"4c5dc58c-6eb5-4d17-aca5-8b5d296ada03","offset":[4040,-540]},{"uuid":"928e0d22-3caf-4d12-b20e-5df15647ee13","offset":[5920,-2320]},{"uuid":"75f0c18d-7747-4acb-b7d7-31b560b6c372","offset":[7200,-3320]},{"uuid":"45a5086f-97f0-4a83-89a4-ecca7a9b82e8","offset":[8040,-3320]},{"uuid":"7550b6d1-f11b-4c3d-a067-a95167a273d8","offset":[7620,-3320]},{"uuid":"2db62bca-df13-499d-ba87-c1af0c7b34f1","offset":[8460,-3320]},{"uuid":"f6f2246b-0c22-4eb5-a850-c8582799633f","offset":[9520,-600]},{"uuid":"bf2b41e1-abce-440c-a97b-ad54cf0be65a","offset":[9940,-600]},{"uuid":"eec15ee0-db39-4ea5-afb6-6ad078a83897","offset":[10360,-600]},{"uuid":"d0920c26-dfc8-4565-9089-bd38c7908e18","offset":[10780,-600]},{"uuid":"90349ea9-cd39-4da5-8cff-ff5b99db55b6","offset":[11200,-600]},{"uuid":"b58bbd5b-7273-4150-8409-88cd816c32de","offset":[11640,0]},{"uuid":"97408e4b-cbfa-408e-8032-d15456395b77","offset":[12080,0]},{"uuid":"c1edda0f-5686-44d4-b21c-41d91b6d1209","offset":[12500,0]},{"uuid":"4793c15a-316b-4d21-b52d-803c0bca73e1","offset":[12940,0]},{"uuid":"22d5e6ec-c57e-41ce-9002-f63313d48d04","offset":[13380,0]},{"uuid":"26a974e3-fd22-47ed-b67a-322bf9c2f400","offset":[7200,-2880]},{"uuid":"5bb09d8e-95ed-477a-95aa-586a6c16af5a","offset":[8440,-2880]},{"uuid":"66b2a526-add8-45b6-bc8e-9c1b393ce984","offset":[8040,-2880]},{"uuid":"64256586-f675-4867-a914-fe8e1b4cbec3","offset":[7620,-2880]},{"uuid":"d3fdd37e-5946-4e30-933f-20b28531d2e7","offset":[9520,-140]},{"uuid":"01d4a344-8ef5-462b-9ba7-31795132ffe0","offset":[9940,-160]},{"uuid":"7b92ab39-0939-4faa-85f9-0d42420f36b2","offset":[10360,-160]},{"uuid":"633d18ef-0c7a-48ed-bc31-f9d90de908ee","offset":[11200,-160]},{"uuid":"9f0590c1-f272-43b2-b1b5-78851ff34c39","offset":[10780,-160]},{"uuid":"53ecf604-7125-494d-a3a2-8a3502f4481e","offset":[6320,-1980]},{"uuid":"bf18543a-257a-4993-b252-e8a59027df77","offset":[5140,-1980]},{"uuid":"07c27c9b-2dcb-47b6-b952-d22bf733601c","offset":[5920,-1980]},{"uuid":"19e7e75c-2032-43c5-b7c9-46f326deef5b","offset":[5520,-1980]},{"uuid":"92155e1e-aa68-4693-8bdf-99905d0d7d7c","offset":[6760,-2300]},{"uuid":"a40c5689-9610-43db-b69f-d19d44fc6f4f","offset":[7640,-2460]},{"uuid":"ea7dad6b-bf84-4d11-828d-2c388e4e355e","offset":[8040,-2460]},{"uuid":"211da920-d5a1-4095-b9fd-b845c7ffac78","offset":[8460,-2440]},{"uuid":"e90170ce-1306-4400-a506-fbbf3738eafe","offset":[9500,280]},{"uuid":"c1a7f523-ebc6-4287-85bf-15ab6da47ac5","offset":[10360,260]},{"uuid":"1a4ba028-ab45-4e6a-9a90-a64d736a3439","offset":[9940,260]},{"uuid":"6642fee5-6748-4ee6-99e2-ebdf58d9a78b","offset":[10780,260]},{"uuid":"2d41b67e-26c8-481d-baee-b9637ad0c2d0","offset":[8020,-2080]},{"uuid":"de20e29f-00f5-4c7c-bdfd-47afef71498d","offset":[8800,-2080]},{"uuid":"4edefdde-dca3-449a-8700-fb9a8efb1a80","offset":[8400,-2080]},{"uuid":"00b09af5-68a1-42a7-b1d1-b3b98b8dc174","offset":[7640,-2080]},{"uuid":"9208e348-9a17-46f4-ba84-cc6c4063914d","offset":[6320,-1600]},{"uuid":"5f307121-c29b-44d4-a737-3800eb6bb57f","offset":[5920,-1600]},{"uuid":"5edc83f8-4e2b-426d-a689-24c9f4a77895","offset":[5120,-1600]},{"uuid":"9ab0f052-9a10-4e0b-8cbe-7ba021a8bceb","offset":[5520,-1600]},{"uuid":"09f9e157-fd74-4922-9b3f-7bac748bdf78","offset":[8040,-1700]},{"uuid":"ed79eb5e-9cff-4998-9dc7-e1cd834c0b86","offset":[7200,-1720]},{"uuid":"e7075275-8e20-41ad-aa25-c616ec23763e","offset":[7620,-1700]},{"uuid":"fc31beed-c447-42b8-86b1-531ac05e4aae","offset":[8320,-1340]},{"uuid":"e2b74ee6-cb2a-4e44-84dd-6accbcb0f5fe","offset":[7940,-1340]},{"uuid":"79e71b0e-23cc-475f-849f-9dd8b65605b0","offset":[7540,-1340]},{"uuid":"08c4b939-55db-47de-8025-8209513c7cd6","offset":[7160,-1340]},{"uuid":"73ed9e40-b10a-45f4-9022-362bbdf89b6f","offset":[5600,-1160]},{"uuid":"f39b6fe5-b191-46d6-90c5-2e4ac4d20dbc","offset":[4840,-1160]},{"uuid":"1c9873ed-f199-4d08-87e9-9e2135ae085f","offset":[5220,-1160]},{"uuid":"009353dc-71c0-444a-b1ad-6e07bac3c579","offset":[4840,-740]},{"uuid":"5e48a9e4-3de5-4d7e-b2b2-f1604317c43b","offset":[5600,-740]},{"uuid":"14b2a6ee-76e1-4960-bf0b-2a9bb46796a3","offset":[5220,-740]},{"uuid":"ad1ebf97-b5ea-46be-b58c-e5549ada22bc","offset":[6000,-740]},{"uuid":"c8262690-715d-4f56-9e40-8de5c48af93b","offset":[6380,-740]},{"uuid":"0ff8adf2-3160-4481-97c1-96a66f4ab98b","offset":[7160,-940]},{"uuid":"45c23d8b-1be9-416e-9df5-4bca922613d1","offset":[7920,-940]},{"uuid":"07743e06-f2e9-414f-a3e2-7a77c4da4d04","offset":[7540,-940]},{"uuid":"d11a7de9-4ca5-417e-a36a-d245f064c55d","offset":[7920,-560]},{"uuid":"e9da6dd0-da43-451d-b0d1-f4da360d16f3","offset":[7540,-560]},{"uuid":"61f2c967-052b-4008-b24c-059470cd882c","offset":[7160,-560]},{"uuid":"8092067d-8b69-46e9-9c2d-e010d6d36c91","offset":[10780,700]},{"uuid":"4c683e03-2189-4fd5-ad50-c6c0d85790f0","offset":[10360,700]},{"uuid":"e220ef52-f358-430e-a1e8-0f3ac17282ed","offset":[9940,700]},{"uuid":"d733bc6e-5497-4ae1-83b1-115808987edc","offset":[9500,680]},{"uuid":"8cf7523d-53d5-400a-ad87-8ce4af73a11a","offset":[4840,-340]},{"uuid":"3c2c7da7-1463-453f-b85c-b6427edb49b7","offset":[5980,-340]},{"uuid":"f733dbfe-6aff-4b04-be70-3a4a4328d49c","offset":[5600,-340]},{"uuid":"c684f6d4-6af2-44c4-86a6-0d07141c1a92","offset":[5220,-340]},{"uuid":"84ee8fc4-19c3-4e83-8b10-d2b8875aad91","offset":[7200,-280]},{"uuid":"2050ac71-645a-4369-95f7-44039f5856cd","offset":[6820,-280]},{"uuid":"1a875435-52ec-44ad-9024-11e139578adf","offset":[7580,-280]},{"uuid":"c82399e5-e0f1-4dd2-ad42-310b048c38a8","offset":[8020,100]},{"uuid":"dc11f633-a5d7-4ad7-8979-c442f632abed","offset":[7600,100]},{"uuid":"e6f63006-bdf5-4c37-a4f0-6825563a42c5","offset":[7220,100]},{"uuid":"602db7d3-80e8-438d-8576-ffe3058ff8a3","offset":[6800,100]},{"uuid":"a3c603ba-9c32-4601-81cd-d63f32d60f2a","offset":[3280,280]},{"uuid":"94c36a21-d2f8-4448-b1b0-9100c3df706d","offset":[4420,280]},{"uuid":"e63f64d6-98fe-4aec-82a0-51e6328a61cf","offset":[4040,280]},{"uuid":"5736b9c7-b770-4571-a232-27d70db1aa66","offset":[3660,280]},{"uuid":"36cabc77-6ee2-41b8-869b-3f80a7e668aa","offset":[4800,280]},{"uuid":"a5940863-7db4-4490-8ebb-c4bc63da75df","offset":[5800,960]},{"uuid":"1006bd41-c606-4729-a704-c897cdfb136e","offset":[5780,560]},{"uuid":"59ccab99-5f35-4e86-aed6-599bcdfc2788","offset":[6160,560]},{"uuid":"c44a56e1-d849-4e3f-a350-8c23584283de","offset":[6580,560]},{"uuid":"26ca32fd-f6e3-49c2-a623-75c5ea646531","offset":[6560,960]},{"uuid":"0f7f238f-2383-4a75-aa31-b36398d5b24a","offset":[6180,960]},{"uuid":"1cd17b33-9e2f-4c95-8ac3-9f4d59dd5637","offset":[7420,760]},{"uuid":"28eed7ef-a4d7-4298-aa25-e505616e85e7","offset":[8180,760]},{"uuid":"abd36d44-a1a6-451d-a2c2-52543d01a455","offset":[7800,760]},{"uuid":"aa8b49c6-975d-49f8-8668-19aac336a91d","offset":[7400,1120]},{"uuid":"fe7383ec-f229-4747-a2d0-a035a6a52d3b","offset":[8180,1120]},{"uuid":"96ce174c-6921-43fe-bbcf-72742dfbcde8","offset":[7800,1120]},{"uuid":"5cef46e6-fd4a-4b25-ba0d-07c0691808be","offset":[8560,1120]},{"uuid":"539e005a-e022-45d6-b559-d5aee7e1ef27","offset":[6980,1400]},{"uuid":"050b26b2-346a-4d14-82bd-b672807b481f","offset":[6560,1360]},{"uuid":"fc73f6bc-7b9c-4486-b989-d7c58861781c","offset":[6180,1360]},{"uuid":"fec320ff-2a86-44c0-9791-d4c01e323eed","offset":[5800,1360]},{"uuid":"b0007892-8f81-44f3-983c-6f76a8933eb2","offset":[5980,-20]},{"uuid":"408f3c94-c1af-4298-9d16-577ff1dda145","offset":[7380,1520]},{"uuid":"2516619b-6bb2-4caf-a386-4de7346c7996","offset":[4380,2260]},{"uuid":"1b2e03fb-bb7a-47d7-b03e-76fa7bebd019","offset":[3980,2260]},{"uuid":"19a80600-2edd-4aa9-98f1-3010825239f8","offset":[3200,2260]},{"uuid":"348bfe10-9b5f-460e-a703-56f9a819647f","offset":[3580,2260]},{"uuid":"e77bb2c9-5b05-4402-b6bd-3abaaf90d64f","offset":[4760,2260]},{"uuid":"cec50225-0caf-44f2-95c0-082248255597","offset":[6300,1960]},{"uuid":"11556918-3d90-431c-b1e7-03b27ff9d068","offset":[5540,1960]},{"uuid":"cc1b3951-576c-4c9a-a0b0-13ea0c6148b2","offset":[5920,1960]},{"uuid":"c3a0b5b9-3e5d-429c-86ff-1b438bf4bad4","offset":[6300,2320]},{"uuid":"74a75f45-62d9-4643-91e6-6cb7b5474a4c","offset":[5920,2320]},{"uuid":"1c65779a-26f3-4dba-aae4-165ed66bbb48","offset":[5540,2320]},{"uuid":"18e63364-6a15-4ada-9b9d-88814ce5ba78","offset":[6680,2700]},{"uuid":"84a3bb1a-3f67-4e02-be76-ff8d6bb72bde","offset":[6300,2700]},{"uuid":"c669aaee-0a63-4078-9318-14ada689f560","offset":[5920,2700]},{"uuid":"140c2300-6075-4c11-af69-190ffbb8cc6e","offset":[5540,2700]},{"uuid":"ff5e7f21-d613-4c4f-9e1e-ff421d11437d","offset":[7060,2700]}],"conditions":[],"signals":[],"choices":[{"uuid":"09a7ac24-ad55-474f-96b7-8250935f6a80","offset":[2680,-1500],"parent":"5a459502-fce8-4347-b9ba-753c8406c9a5"},{"uuid":"4bd162d1-861e-4405-ab09-5268e96a12bd","offset":[2820,2340],"parent":"5a459502-fce8-4347-b9ba-753c8406c9a5"},{"uuid":"5fea7e90-40f9-49c0-8c30-0b794a90de56","offset":[7280,-2080],"parent":"c44a56e1-d849-4e3f-a350-8c23584283de"},{"uuid":"3a80699d-ca53-4851-9181-c27235d4ca57","offset":[4780,-1960],"parent":"f779fde0-f845-4fc4-ab7b-ede044962a98"},{"uuid":"ae084045-bcc4-48ee-9139-4c5613fe962b","offset":[4780,-2260],"parent":"f779fde0-f845-4fc4-ab7b-ede044962a98"},{"uuid":"c6fb0ca9-538a-4c2b-8399-f19efd945f4a","offset":[6780,-2880],"parent":"73ed9e40-b10a-45f4-9022-362bbdf89b6f"},{"uuid":"b82e47de-ead9-4851-acbc-63db95a4af32","offset":[6760,-3180],"parent":"73ed9e40-b10a-45f4-9022-362bbdf89b6f"},{"uuid":"f5f1a65d-7200-4896-a492-a39685e6d9aa","offset":[2740,-480],"parent":"5a459502-fce8-4347-b9ba-753c8406c9a5"},{"uuid":"e0e5e040-257a-43d8-82a1-4b695f18e369","offset":[2780,340],"parent":"5a459502-fce8-4347-b9ba-753c8406c9a5"},{"uuid":"4d3833a6-321d-4e20-83ce-a291729ba1da","offset":[7280,-2400],"parent":"c44a56e1-d849-4e3f-a350-8c23584283de"},{"uuid":"a7fb105f-6da4-4572-a324-e2d2767a2cb1","offset":[4760,-1640],"parent":"f779fde0-f845-4fc4-ab7b-ede044962a98"},{"uuid":"4eff3682-0549-4af9-909e-9973707b8d65","offset":[6800,-1440],"parent":"cec50225-0caf-44f2-95c0-082248255597"},{"uuid":"f2e092ee-4a37-4839-900a-1468c49dd5e9","offset":[6800,-1700],"parent":"cec50225-0caf-44f2-95c0-082248255597"},{"uuid":"62e09bc5-c9b5-48fb-b7e0-1f86dd461eaa","offset":[4480,-380],"parent":"4c5dc58c-6eb5-4d17-aca5-8b5d296ada03"},{"uuid":"6cccafb5-63ca-45b5-836b-5ddab6894c4f","offset":[4480,-1080],"parent":"4c5dc58c-6eb5-4d17-aca5-8b5d296ada03"},{"uuid":"939843bb-08d6-4c87-803d-595a26e2da03","offset":[4480,-700],"parent":"4c5dc58c-6eb5-4d17-aca5-8b5d296ada03"},{"uuid":"769ebd7f-e6e8-4f0f-a040-34033b522e54","offset":[6780,-860],"parent":"ff5e7f21-d613-4c4f-9e1e-ff421d11437d"},{"uuid":"d348d866-3993-44ea-a8bc-69dd6b87b956","offset":[6800,-580],"parent":"ff5e7f21-d613-4c4f-9e1e-ff421d11437d"},{"uuid":"6b624d41-f02c-4b5d-92f9-4b23489836b6","offset":[6440,-200],"parent":"c3a0b5b9-3e5d-429c-86ff-1b438bf4bad4"},{"uuid":"67b54f57-6608-449d-b209-e61f74e248de","offset":[6440,80],"parent":"c3a0b5b9-3e5d-429c-86ff-1b438bf4bad4"},{"uuid":"573f90f6-71bc-4877-982e-ca0af6628a00","offset":[5380,320],"parent":"36cabc77-6ee2-41b8-869b-3f80a7e668aa"},{"uuid":"84eabbd3-766d-4268-a8a7-55eaf57269ec","offset":[5380,560],"parent":"36cabc77-6ee2-41b8-869b-3f80a7e668aa"},{"uuid":"0e643780-6ae4-4ef5-bb05-3822becb748d","offset":[5380,800],"parent":"36cabc77-6ee2-41b8-869b-3f80a7e668aa"},{"uuid":"1d699bb0-4a01-4826-9d00-3ee414c7e60b","offset":[7020,860],"parent":"26ca32fd-f6e3-49c2-a623-75c5ea646531"},{"uuid":"6549c23b-ff50-4818-bbf0-490802915f10","offset":[7020,1140],"parent":"26ca32fd-f6e3-49c2-a623-75c5ea646531"},{"uuid":"b2cf7597-e233-4138-b048-c07a760f02c0","offset":[5180,2700],"parent":"e77bb2c9-5b05-4402-b6bd-3abaaf90d64f","data":{"text":{"en":"","fr":"","es":"El chico de la sudadera roja"},"next":"140c2300-6075-4c11-af69-190ffbb8cc6e","parent":"e77bb2c9-5b05-4402-b6bd-3abaaf90d64f"}},{"uuid":"1846d5d7-5caf-4a2c-a9c8-59dc907408ee","offset":[5180,2320],"parent":"e77bb2c9-5b05-4402-b6bd-3abaaf90d64f","data":{"text":{"en":"","fr":"","es":"La chica de la falda rosa"},"next":"1c65779a-26f3-4dba-aae4-165ed66bbb48","parent":"e77bb2c9-5b05-4402-b6bd-3abaaf90d64f"}},{"uuid":"d201197a-5017-4ec3-a7b4-6bc7c12a740f","offset":[5180,2020],"parent":"e77bb2c9-5b05-4402-b6bd-3abaaf90d64f","data":{"text":{"en":"","fr":"","es":"La chica de la boina"},"next":"11556918-3d90-431c-b1e7-03b27ff9d068","parent":"e77bb2c9-5b05-4402-b6bd-3abaaf90d64f"}}]},"26a974e3-fd22-47ed-b67a-322bf9c2f400":{"name":"Matthew","character_uuid":"492eaa9a-03cc-472d-93e8-ff4bc8fc59b0","text":{"en":"","fr":"","es":"Yo soy Matthew Roberts, el mejor streamer del mundo, soy challenger en el lol y  main reyna"},"parent":"c6fb0ca9-538a-4c2b-8399-f19efd945f4a","next":"64256586-f675-4867-a914-fe8e1b4cbec3"},"5bb09d8e-95ed-477a-95aa-586a6c16af5a":{"name":"Matthew","character_uuid":"492eaa9a-03cc-472d-93e8-ff4bc8fc59b0","text":{"en":"","fr":"","es":"¿Por qué acabas de decir dos links enteros hablando?"},"parent":"66b2a526-add8-45b6-bc8e-9c1b393ce984","next":"d3fdd37e-5946-4e30-933f-20b28531d2e7"},"66b2a526-add8-45b6-bc8e-9c1b393ce984":{"name":"Matthew","character_uuid":"492eaa9a-03cc-472d-93e8-ff4bc8fc59b0","text":{"en":"","fr":"","es":"Seguidme en https://www.twitch.tv/mmatthewwttv y en https://twitter.com/mmatthewwttv"},"parent":"64256586-f675-4867-a914-fe8e1b4cbec3","next":"5bb09d8e-95ed-477a-95aa-586a6c16af5a"},"64256586-f675-4867-a914-fe8e1b4cbec3":{"name":"Matthew","character_uuid":"492eaa9a-03cc-472d-93e8-ff4bc8fc59b0","text":{"en":"","fr":"","es":"Also, soy el mejor jungla de Michigan"},"parent":"26a974e3-fd22-47ed-b67a-322bf9c2f400","next":"66b2a526-add8-45b6-bc8e-9c1b393ce984"},"d3fdd37e-5946-4e30-933f-20b28531d2e7":{"name":"T/N","character_uuid":"492eaa9a-03cc-472d-93e8-ff4bc8fc59b0","text":{"en":"","fr":"","es":"bueno en cualquier caso, por último te toca a ti..."},"parent":"28eed7ef-a4d7-4298-aa25-e505616e85e7","next":"01d4a344-8ef5-462b-9ba7-31795132ffe0"},"01d4a344-8ef5-462b-9ba7-31795132ffe0":{"name":"Richard","character_uuid":"492eaa9a-03cc-472d-93e8-ff4bc8fc59b0","text":{"en":"","fr":"","es":"Buenos dias, me presento, soy Richard Dickinson"},"parent":"d3fdd37e-5946-4e30-933f-20b28531d2e7","next":"7b92ab39-0939-4faa-85f9-0d42420f36b2"},"7b92ab39-0939-4faa-85f9-0d42420f36b2":{"name":"Richard","character_uuid":"492eaa9a-03cc-472d-93e8-ff4bc8fc59b0","text":{"en":"","fr":"","es":"Soy estudiante del Eton College, Colegio de Nuestra Señora de Eton para vosotros..."},"next":"9f0590c1-f272-43b2-b1b5-78851ff34c39","parent":"01d4a344-8ef5-462b-9ba7-31795132ffe0"},"633d18ef-0c7a-48ed-bc31-f9d90de908ee":{"name":"T/N","character_uuid":"492eaa9a-03cc-472d-93e8-ff4bc8fc59b0","text":{"en":"","fr":"","es":"ª    , entiendo haré lo posible por ayudarte con ello"},"parent":"9f0590c1-f272-43b2-b1b5-78851ff34c39","next":"b58bbd5b-7273-4150-8409-88cd816c32de"},"9f0590c1-f272-43b2-b1b5-78851ff34c39":{"name":"Richard","character_uuid":"492eaa9a-03cc-472d-93e8-ff4bc8fc59b0","text":{"en":"","fr":"","es":"Solo me interesan los puntos extra que pueda ganar con el intercambio, no vengo a hacer amigos"},"parent":"7b92ab39-0939-4faa-85f9-0d42420f36b2","next":"633d18ef-0c7a-48ed-bc31-f9d90de908ee"},"53ecf604-7125-494d-a3a2-8a3502f4481e":{"name":"T/N","character_uuid":"492eaa9a-03cc-472d-93e8-ff4bc8fc59b0","text":{"en":"","fr":"","es":"¿Por qué acabas de decir dos links enteros hablando?"},"parent":"07c27c9b-2dcb-47b6-b952-d22bf733601c","next":"92155e1e-aa68-4693-8bdf-99905d0d7d7c"},"bf18543a-257a-4993-b252-e8a59027df77":{"name":"Matthew","character_uuid":"492eaa9a-03cc-472d-93e8-ff4bc8fc59b0","text":{"en":"","fr":"","es":"Yo soy Matthew Roberts, el mejor streamer del mundo, soy challenger en el lol y  main reyna"},"parent":"3a80699d-ca53-4851-9181-c27235d4ca57","next":"19e7e75c-2032-43c5-b7c9-46f326deef5b"},"07c27c9b-2dcb-47b6-b952-d22bf733601c":{"name":"Matthew","character_uuid":"492eaa9a-03cc-472d-93e8-ff4bc8fc59b0","text":{"en":"","fr":"","es":"Seguidme en https://www.twitch.tv/mmatthewwttv y en https://twitter.com/mmatthewwttv"},"parent":"19e7e75c-2032-43c5-b7c9-46f326deef5b","next":"53ecf604-7125-494d-a3a2-8a3502f4481e"},"19e7e75c-2032-43c5-b7c9-46f326deef5b":{"name":"Matthew","character_uuid":"492eaa9a-03cc-472d-93e8-ff4bc8fc59b0","text":{"en":"","fr":"","es":"Also, soy el mejor jungla de Michigan"},"parent":"bf18543a-257a-4993-b252-e8a59027df77","next":"07c27c9b-2dcb-47b6-b952-d22bf733601c"},"92155e1e-aa68-4693-8bdf-99905d0d7d7c":{"name":"T/N","character_uuid":"492eaa9a-03cc-472d-93e8-ff4bc8fc59b0","text":{"en":"","fr":"","es":"En cualquier caso, ahora le toca a..."},"parent":"53ecf604-7125-494d-a3a2-8a3502f4481e","choices":[{"text":{"en":"","fr":"","es":"El chico del chaleco azul"},"next":"00b09af5-68a1-42a7-b1d1-b3b98b8dc174","parent":"c44a56e1-d849-4e3f-a350-8c23584283de"},{"text":{"en":"","fr":"","es":"La chica de la falda rosa"},"next":"a40c5689-9610-43db-b69f-d19d44fc6f4f","parent":"c44a56e1-d849-4e3f-a350-8c23584283de"}]},"a40c5689-9610-43db-b69f-d19d44fc6f4f":{"name":"Delilah","character_uuid":"492eaa9a-03cc-472d-93e8-ff4bc8fc59b0","text":{"en":"","fr":"","es":"Soy Delilah Medina, encantada de conoceros"},"parent":"4d3833a6-321d-4e20-83ce-a291729ba1da","next":"ea7dad6b-bf84-4d11-828d-2c388e4e355e"},"ea7dad6b-bf84-4d11-828d-2c388e4e355e":{"name":"Delilah","character_uuid":"492eaa9a-03cc-472d-93e8-ff4bc8fc59b0","text":{"en":"","fr":"","es":"He venido con mi mascota Guiko  desde Panabo, Filipinas"},"parent":"a40c5689-9610-43db-b69f-d19d44fc6f4f","next":"211da920-d5a1-4095-b9fd-b845c7ffac78"},"211da920-d5a1-4095-b9fd-b845c7ffac78":{"name":"T/N","character_uuid":"492eaa9a-03cc-472d-93e8-ff4bc8fc59b0","text":{"en":"","fr":"","es":"Mucho gusto Delilah"},"next":"d3fdd37e-5946-4e30-933f-20b28531d2e7","parent":"ea7dad6b-bf84-4d11-828d-2c388e4e355e"},"e90170ce-1306-4400-a506-fbbf3738eafe":{"name":"T/N","character_uuid":"492eaa9a-03cc-472d-93e8-ff4bc8fc59b0","text":{"en":"","fr":"","es":"bueno en cualquier caso, por último te toca a ti..."},"next":"1a4ba028-ab45-4e6a-9a90-a64d736a3439","parent":"d11a7de9-4ca5-417e-a36a-d245f064c55d"},"c1a7f523-ebc6-4287-85bf-15ab6da47ac5":{"name":"Delilah","character_uuid":"492eaa9a-03cc-472d-93e8-ff4bc8fc59b0","text":{"en":"","fr":"","es":"He venido con mi mascota Guiko  desde Panabo, Filipinas"},"parent":"1a4ba028-ab45-4e6a-9a90-a64d736a3439","next":"6642fee5-6748-4ee6-99e2-ebdf58d9a78b"},"1a4ba028-ab45-4e6a-9a90-a64d736a3439":{"name":"Delilah","character_uuid":"492eaa9a-03cc-472d-93e8-ff4bc8fc59b0","text":{"en":"","fr":"","es":"Soy Delilah Medina, encantada de conoceros"},"parent":"e90170ce-1306-4400-a506-fbbf3738eafe","next":"c1a7f523-ebc6-4287-85bf-15ab6da47ac5"},"6642fee5-6748-4ee6-99e2-ebdf58d9a78b":{"name":"T/N","character_uuid":"492eaa9a-03cc-472d-93e8-ff4bc8fc59b0","text":{"en":"","fr":"","es":"Mucho gusto Delilah"},"parent":"c1a7f523-ebc6-4287-85bf-15ab6da47ac5","next":"b58bbd5b-7273-4150-8409-88cd816c32de"},"2d41b67e-26c8-481d-baee-b9637ad0c2d0":{"name":"Richard","character_uuid":"492eaa9a-03cc-472d-93e8-ff4bc8fc59b0","text":{"en":"","fr":"","es":"Soy estudiante del Eton College, Colegio de Nuestra Señora de Eton para vosotros..."},"parent":"00b09af5-68a1-42a7-b1d1-b3b98b8dc174","next":"4edefdde-dca3-449a-8700-fb9a8efb1a80"},"de20e29f-00f5-4c7c-bdfd-47afef71498d":{"name":"Richard","character_uuid":"492eaa9a-03cc-472d-93e8-ff4bc8fc59b0","text":{"en":"","fr":"","es":"ª    , entiendo haré lo posible por ayudarte con ello"},"parent":"4edefdde-dca3-449a-8700-fb9a8efb1a80","next":"e90170ce-1306-4400-a506-fbbf3738eafe"},"4edefdde-dca3-449a-8700-fb9a8efb1a80":{"name":"Richard","character_uuid":"492eaa9a-03cc-472d-93e8-ff4bc8fc59b0","text":{"en":"","fr":"","es":"Solo me interesan los puntos extra que pueda ganar con el intercambio, no vengo a hacer amigos"},"parent":"2d41b67e-26c8-481d-baee-b9637ad0c2d0","next":"de20e29f-00f5-4c7c-bdfd-47afef71498d"},"00b09af5-68a1-42a7-b1d1-b3b98b8dc174":{"name":"Richard","character_uuid":"492eaa9a-03cc-472d-93e8-ff4bc8fc59b0","text":{"en":"","fr":"","es":"Buenos dias, me presento, soy Richard Dickinson"},"parent":"5fea7e90-40f9-49c0-8c30-0b794a90de56","next":"2d41b67e-26c8-481d-baee-b9637ad0c2d0"},"9208e348-9a17-46f4-ba84-cc6c4063914d":{"name":"T/N","character_uuid":"492eaa9a-03cc-472d-93e8-ff4bc8fc59b0","text":{"en":"","fr":"","es":"ª    , entiendo haré lo posible por ayudarte con ello"},"parent":"5f307121-c29b-44d4-a737-3800eb6bb57f","choices":[{"text":{"en":"","fr":"","es":"La chica de la falda rosa"},"next":"ed79eb5e-9cff-4998-9dc7-e1cd834c0b86","parent":"cec50225-0caf-44f2-95c0-082248255597"},{"text":{"en":"","fr":"","es":"El chico de la sudadera roja"},"next":"08c4b939-55db-47de-8025-8209513c7cd6","parent":"cec50225-0caf-44f2-95c0-082248255597"}]},"5f307121-c29b-44d4-a737-3800eb6bb57f":{"name":"Richard","character_uuid":"492eaa9a-03cc-472d-93e8-ff4bc8fc59b0","text":{"en":"","fr":"","es":"Solo me interesan los puntos extra que pueda ganar con el intercambio, no vengo a hacer amigos"},"parent":"9ab0f052-9a10-4e0b-8cbe-7ba021a8bceb","next":"9208e348-9a17-46f4-ba84-cc6c4063914d"},"5edc83f8-4e2b-426d-a689-24c9f4a77895":{"name":"Richard","character_uuid":"492eaa9a-03cc-472d-93e8-ff4bc8fc59b0","text":{"en":"","fr":"","es":"Buenos dias, me presento, soy Richard Dickinson"},"parent":"a7fb105f-6da4-4572-a324-e2d2767a2cb1","next":"9ab0f052-9a10-4e0b-8cbe-7ba021a8bceb"},"9ab0f052-9a10-4e0b-8cbe-7ba021a8bceb":{"name":"Richard","character_uuid":"492eaa9a-03cc-472d-93e8-ff4bc8fc59b0","text":{"en":"","fr":"","es":"Soy estudiante del Eton College, Colegio de Nuestra Señora de Eton para vosotros..."},"parent":"5edc83f8-4e2b-426d-a689-24c9f4a77895","next":"5f307121-c29b-44d4-a737-3800eb6bb57f"},"09f9e157-fd74-4922-9b3f-7bac748bdf78":{"name":"T/N","character_uuid":"492eaa9a-03cc-472d-93e8-ff4bc8fc59b0","text":{"en":"","fr":"","es":"Mucho gusto Delilah"},"parent":"e7075275-8e20-41ad-aa25-c616ec23763e","next":"f6f2246b-0c22-4eb5-a850-c8582799633f"},"ed79eb5e-9cff-4998-9dc7-e1cd834c0b86":{"name":"Delilah","character_uuid":"492eaa9a-03cc-472d-93e8-ff4bc8fc59b0","text":{"en":"","fr":"","es":"Soy Delilah Medina, encantada de conoceros"},"parent":"f2e092ee-4a37-4839-900a-1468c49dd5e9","next":"e7075275-8e20-41ad-aa25-c616ec23763e"},"e7075275-8e20-41ad-aa25-c616ec23763e":{"name":"Delilah","character_uuid":"492eaa9a-03cc-472d-93e8-ff4bc8fc59b0","text":{"en":"","fr":"","es":"He venido con mi mascota Guiko  desde Panabo, Filipinas"},"parent":"ed79eb5e-9cff-4998-9dc7-e1cd834c0b86","next":"09f9e157-fd74-4922-9b3f-7bac748bdf78"},"fc31beed-c447-42b8-86b1-531ac05e4aae":{"name":"T/N","character_uuid":"492eaa9a-03cc-472d-93e8-ff4bc8fc59b0","text":{"en":"","fr":"","es":"¿Por qué acabas de decir dos links enteros hablando?"},"next":"e90170ce-1306-4400-a506-fbbf3738eafe","parent":"e2b74ee6-cb2a-4e44-84dd-6accbcb0f5fe"},"e2b74ee6-cb2a-4e44-84dd-6accbcb0f5fe":{"name":"Matthew","character_uuid":"492eaa9a-03cc-472d-93e8-ff4bc8fc59b0","text":{"en":"","fr":"","es":"Seguidme en https://www.twitch.tv/mmatthewwttv y en https://twitter.com/mmatthewwttv"},"parent":"79e71b0e-23cc-475f-849f-9dd8b65605b0","next":"fc31beed-c447-42b8-86b1-531ac05e4aae"},"79e71b0e-23cc-475f-849f-9dd8b65605b0":{"name":"Matthew","character_uuid":"492eaa9a-03cc-472d-93e8-ff4bc8fc59b0","text":{"en":"","fr":"","es":"Also, soy el mejor jungla de Michigan"},"parent":"08c4b939-55db-47de-8025-8209513c7cd6","next":"e2b74ee6-cb2a-4e44-84dd-6accbcb0f5fe"},"08c4b939-55db-47de-8025-8209513c7cd6":{"name":"Matthew","character_uuid":"492eaa9a-03cc-472d-93e8-ff4bc8fc59b0","text":{"en":"","fr":"","es":"Yo soy Matthew Roberts, el mejor streamer del mundo, soy challenger en el lol y  main reyna"},"parent":"4eff3682-0549-4af9-909e-9973707b8d65","next":"79e71b0e-23cc-475f-849f-9dd8b65605b0"},"73ed9e40-b10a-45f4-9022-362bbdf89b6f":{"name":"T/N","character_uuid":"492eaa9a-03cc-472d-93e8-ff4bc8fc59b0","text":{"en":"","fr":"","es":"Un placer conocerte Camille, el siguiente sera..."},"parent":"1c9873ed-f199-4d08-87e9-9e2135ae085f","choices":[{"text":{"en":"","fr":"","es":"El chico del chaleco azul"},"next":"75f0c18d-7747-4acb-b7d7-31b560b6c372","parent":"73ed9e40-b10a-45f4-9022-362bbdf89b6f"},{"text":{"en":"","fr":"","es":"El chico de la sudadera roja"},"next":"26a974e3-fd22-47ed-b67a-322bf9c2f400","parent":"73ed9e40-b10a-45f4-9022-362bbdf89b6f"}]},"f39b6fe5-b191-46d6-90c5-2e4ac4d20dbc":{"name":"Camille","character_uuid":"492eaa9a-03cc-472d-93e8-ff4bc8fc59b0","text":{"en":"","fr":"","es":"Me llamo Camille Durant, soy de Toulouse y vengo por obligación de mis padres"},"parent":"6cccafb5-63ca-45b5-836b-5ddab6894c4f","next":"1c9873ed-f199-4d08-87e9-9e2135ae085f"},"1c9873ed-f199-4d08-87e9-9e2135ae085f":{"name":"Camille","character_uuid":"492eaa9a-03cc-472d-93e8-ff4bc8fc59b0","text":{"en":"","fr":"","es":"De no ser por su insistencia seguiria en Toulouse y no en esta... curiosa...clase..."},"parent":"f39b6fe5-b191-46d6-90c5-2e4ac4d20dbc","next":"73ed9e40-b10a-45f4-9022-362bbdf89b6f"},"009353dc-71c0-444a-b1ad-6e07bac3c579":{"name":"Matthew","character_uuid":"492eaa9a-03cc-472d-93e8-ff4bc8fc59b0","text":{"en":"","fr":"","es":"Yo soy Matthew Roberts, el mejor streamer del mundo, soy challenger en el lol y  main reyna"},"parent":"939843bb-08d6-4c87-803d-595a26e2da03","next":"14b2a6ee-76e1-4960-bf0b-2a9bb46796a3"},"5e48a9e4-3de5-4d7e-b2b2-f1604317c43b":{"name":"Matthew","character_uuid":"492eaa9a-03cc-472d-93e8-ff4bc8fc59b0","text":{"en":"","fr":"","es":"Seguidme en https://www.twitch.tv/mmatthewwttv y en https://twitter.com/mmatthewwttv"},"parent":"14b2a6ee-76e1-4960-bf0b-2a9bb46796a3","next":"ad1ebf97-b5ea-46be-b58c-e5549ada22bc"},"14b2a6ee-76e1-4960-bf0b-2a9bb46796a3":{"name":"Matthew","character_uuid":"492eaa9a-03cc-472d-93e8-ff4bc8fc59b0","text":{"en":"","fr":"","es":"Also, soy el mejor jungla de Michigan"},"parent":"009353dc-71c0-444a-b1ad-6e07bac3c579","next":"5e48a9e4-3de5-4d7e-b2b2-f1604317c43b"},"ad1ebf97-b5ea-46be-b58c-e5549ada22bc":{"name":"T/N","character_uuid":"492eaa9a-03cc-472d-93e8-ff4bc8fc59b0","text":{"en":"","fr":"","es":"¿Por qué acabas de decir dos links enteros hablando?"},"parent":"5e48a9e4-3de5-4d7e-b2b2-f1604317c43b","next":"c8262690-715d-4f56-9e40-8de5c48af93b"},"c8262690-715d-4f56-9e40-8de5c48af93b":{"name":"T/N","character_uuid":"492eaa9a-03cc-472d-93e8-ff4bc8fc59b0","text":{"en":"","fr":"","es":"En cualquier caso, ahora le toca a..."},"parent":"ad1ebf97-b5ea-46be-b58c-e5549ada22bc","choices":[{"text":{"en":"","fr":"","es":"La chica de la boina"},"next":"61f2c967-052b-4008-b24c-059470cd882c","parent":"ff5e7f21-d613-4c4f-9e1e-ff421d11437d"},{"text":{"en":"","fr":"","es":"La chica de la falda rosa"},"next":"0ff8adf2-3160-4481-97c1-96a66f4ab98b","parent":"ff5e7f21-d613-4c4f-9e1e-ff421d11437d"}]},"0ff8adf2-3160-4481-97c1-96a66f4ab98b":{"name":"Narrado","character_uuid":"492eaa9a-03cc-472d-93e8-ff4bc8fc59b0","text":{"en":"","fr":"","es":"Soy Delilah Medina, encantada de conoceros"},"parent":"769ebd7f-e6e8-4f0f-a040-34033b522e54","next":"07743e06-f2e9-414f-a3e2-7a77c4da4d04"},"45c23d8b-1be9-416e-9df5-4bca922613d1":{"name":"Narrado","character_uuid":"492eaa9a-03cc-472d-93e8-ff4bc8fc59b0","text":{"en":"","fr":"","es":"Mucho gusto Delilah"},"parent":"07743e06-f2e9-414f-a3e2-7a77c4da4d04","next":"d733bc6e-5497-4ae1-83b1-115808987edc"},"07743e06-f2e9-414f-a3e2-7a77c4da4d04":{"name":"Narrado","character_uuid":"492eaa9a-03cc-472d-93e8-ff4bc8fc59b0","text":{"en":"","fr":"","es":"He venido con mi mascota Guiko  desde Panabo, Filipinas"},"parent":"0ff8adf2-3160-4481-97c1-96a66f4ab98b","next":"45c23d8b-1be9-416e-9df5-4bca922613d1"},"d11a7de9-4ca5-417e-a36a-d245f064c55d":{"name":"T/N","character_uuid":"492eaa9a-03cc-472d-93e8-ff4bc8fc59b0","text":{"en":"","fr":"","es":"Un placer conocerte Camille, el siguiente sera..."},"next":"e90170ce-1306-4400-a506-fbbf3738eafe"},"e9da6dd0-da43-451d-b0d1-f4da360d16f3":{"name":"Camille","character_uuid":"492eaa9a-03cc-472d-93e8-ff4bc8fc59b0","text":{"en":"","fr":"","es":"De no ser por su insistencia seguiria en Toulouse y no en esta... curiosa...clase..."}},"61f2c967-052b-4008-b24c-059470cd882c":{"name":"Camille","character_uuid":"492eaa9a-03cc-472d-93e8-ff4bc8fc59b0","text":{"en":"","fr":"","es":"Me llamo Camille Durant, soy de Toulouse y vengo por obligación de mis padres"},"parent":"d348d866-3993-44ea-a8bc-69dd6b87b956"},"8092067d-8b69-46e9-9c2d-e010d6d36c91":{"name":"Narrado","character_uuid":"492eaa9a-03cc-472d-93e8-ff4bc8fc59b0","text":{"en":"","fr":"","es":"Un placer conocerte Camille, el siguiente sera..."},"parent":"4c683e03-2189-4fd5-ad50-c6c0d85790f0","next":"b58bbd5b-7273-4150-8409-88cd816c32de"},"4c683e03-2189-4fd5-ad50-c6c0d85790f0":{"name":"Narrado","character_uuid":"492eaa9a-03cc-472d-93e8-ff4bc8fc59b0","text":{"en":"","fr":"","es":"De no ser por su insistencia seguiria en Toulouse y no en esta... curiosa...clase..."},"parent":"e220ef52-f358-430e-a1e8-0f3ac17282ed","next":"8092067d-8b69-46e9-9c2d-e010d6d36c91"},"e220ef52-f358-430e-a1e8-0f3ac17282ed":{"name":"Narrado","character_uuid":"492eaa9a-03cc-472d-93e8-ff4bc8fc59b0","text":{"en":"","fr":"","es":"Me llamo Camille Durant, soy de Toulouse y vengo por obligación de mis padres"},"parent":"d733bc6e-5497-4ae1-83b1-115808987edc","next":"4c683e03-2189-4fd5-ad50-c6c0d85790f0"},"d733bc6e-5497-4ae1-83b1-115808987edc":{"name":"Narrado","character_uuid":"492eaa9a-03cc-472d-93e8-ff4bc8fc59b0","text":{"en":"","fr":"","es":"bueno en cualquier caso, por último te toca a ti..."},"next":"e220ef52-f358-430e-a1e8-0f3ac17282ed","parent":"5cef46e6-fd4a-4b25-ba0d-07c0691808be"},"8cf7523d-53d5-400a-ad87-8ce4af73a11a":{"name":"Richard","character_uuid":"492eaa9a-03cc-472d-93e8-ff4bc8fc59b0","text":{"en":"","fr":"","es":"Buenos dias, me presento, soy Richard Dickinson"},"parent":"62e09bc5-c9b5-48fb-b7e0-1f86dd461eaa","next":"c684f6d4-6af2-44c4-86a6-0d07141c1a92"},"3c2c7da7-1463-453f-b85c-b6427edb49b7":{"name":"T/N","character_uuid":"492eaa9a-03cc-472d-93e8-ff4bc8fc59b0","text":{"en":"","fr":"","es":"ª    , entiendo haré lo posible por ayudarte con ello"},"parent":"f733dbfe-6aff-4b04-be70-3a4a4328d49c","choices":[{"text":{"en":"","fr":"","es":"La chica de la boina"},"next":"2050ac71-645a-4369-95f7-44039f5856cd","parent":"c3a0b5b9-3e5d-429c-86ff-1b438bf4bad4"},{"text":{"en":"","fr":"","es":"El chico de la sudadera roja"},"next":"602db7d3-80e8-438d-8576-ffe3058ff8a3","parent":"c3a0b5b9-3e5d-429c-86ff-1b438bf4bad4"}],"next":"b0007892-8f81-44f3-983c-6f76a8933eb2"},"f733dbfe-6aff-4b04-be70-3a4a4328d49c":{"name":"Richard","character_uuid":"492eaa9a-03cc-472d-93e8-ff4bc8fc59b0","text":{"en":"","fr":"","es":"Solo me interesan los puntos extra que pueda ganar con el intercambio, no vengo a hacer amigos"},"parent":"c684f6d4-6af2-44c4-86a6-0d07141c1a92","next":"3c2c7da7-1463-453f-b85c-b6427edb49b7"},"c684f6d4-6af2-44c4-86a6-0d07141c1a92":{"name":"Richard","character_uuid":"492eaa9a-03cc-472d-93e8-ff4bc8fc59b0","text":{"en":"","fr":"","es":"Soy estudiante del Eton College, Colegio de Nuestra Señora de Eton para vosotros..."},"parent":"8cf7523d-53d5-400a-ad87-8ce4af73a11a","next":"f733dbfe-6aff-4b04-be70-3a4a4328d49c"},"84ee8fc4-19c3-4e83-8b10-d2b8875aad91":{"name":"Camille","character_uuid":"492eaa9a-03cc-472d-93e8-ff4bc8fc59b0","text":{"en":"","fr":"","es":"De no ser por su insistencia seguiria en Toulouse y no en esta... curiosa...clase..."},"parent":"2050ac71-645a-4369-95f7-44039f5856cd","next":"1a875435-52ec-44ad-9024-11e139578adf"},"2050ac71-645a-4369-95f7-44039f5856cd":{"name":"Camille","character_uuid":"492eaa9a-03cc-472d-93e8-ff4bc8fc59b0","text":{"en":"","fr":"","es":"Me llamo Camille Durant, soy de Toulouse y vengo por obligación de mis padres"},"parent":"6b624d41-f02c-4b5d-92f9-4b23489836b6","next":"84ee8fc4-19c3-4e83-8b10-d2b8875aad91"},"1a875435-52ec-44ad-9024-11e139578adf":{"name":"T/N","character_uuid":"492eaa9a-03cc-472d-93e8-ff4bc8fc59b0","text":{"en":"","fr":"","es":"Un placer conocerte Camille, el siguiente sera..."},"parent":"84ee8fc4-19c3-4e83-8b10-d2b8875aad91","next":"f6f2246b-0c22-4eb5-a850-c8582799633f"},"c82399e5-e0f1-4dd2-ad42-310b048c38a8":{"name":"T/N","character_uuid":"492eaa9a-03cc-472d-93e8-ff4bc8fc59b0","text":{"en":"","fr":"","es":"¿Por qué acabas de decir dos links enteros hablando?"},"parent":"dc11f633-a5d7-4ad7-8979-c442f632abed","next":"d733bc6e-5497-4ae1-83b1-115808987edc"},"dc11f633-a5d7-4ad7-8979-c442f632abed":{"name":"Matthew","character_uuid":"492eaa9a-03cc-472d-93e8-ff4bc8fc59b0","text":{"en":"","fr":"","es":"Seguidme en https://www.twitch.tv/mmatthewwttv y en https://twitter.com/mmatthewwttv"},"parent":"e6f63006-bdf5-4c37-a4f0-6825563a42c5","next":"c82399e5-e0f1-4dd2-ad42-310b048c38a8"},"e6f63006-bdf5-4c37-a4f0-6825563a42c5":{"name":"Matthew","character_uuid":"492eaa9a-03cc-472d-93e8-ff4bc8fc59b0","text":{"en":"","fr":"","es":"Also, soy el mejor jungla de Michigan"},"parent":"602db7d3-80e8-438d-8576-ffe3058ff8a3","next":"dc11f633-a5d7-4ad7-8979-c442f632abed"},"602db7d3-80e8-438d-8576-ffe3058ff8a3":{"name":"Matthew","character_uuid":"492eaa9a-03cc-472d-93e8-ff4bc8fc59b0","text":{"en":"","fr":"","es":"Yo soy Matthew Roberts, el mejor streamer del mundo, soy challenger en el lol y  main reyna"},"parent":"67b54f57-6608-449d-b209-e61f74e248de","next":"e6f63006-bdf5-4c37-a4f0-6825563a42c5"},"a3c603ba-9c32-4601-81cd-d63f32d60f2a":{"name":"Matthew","character_uuid":"492eaa9a-03cc-472d-93e8-ff4bc8fc59b0","text":{"en":"","fr":"","es":"Yo soy Matthew Roberts, el mejor streamer del mundo, soy challenger en el lol y  main reyna"},"next":"5736b9c7-b770-4571-a232-27d70db1aa66","parent":"e0e5e040-257a-43d8-82a1-4b695f18e369"},"94c36a21-d2f8-4448-b1b0-9100c3df706d":{"name":"T/N","character_uuid":"492eaa9a-03cc-472d-93e8-ff4bc8fc59b0","text":{"en":"","fr":"","es":"¿Por qué acabas de decir dos links enteros hablando?"},"parent":"e63f64d6-98fe-4aec-82a0-51e6328a61cf","next":"36cabc77-6ee2-41b8-869b-3f80a7e668aa"},"e63f64d6-98fe-4aec-82a0-51e6328a61cf":{"name":"Matthew","character_uuid":"492eaa9a-03cc-472d-93e8-ff4bc8fc59b0","text":{"en":"","fr":"","es":"Seguidme en https://www.twitch.tv/mmatthewwttv y en https://twitter.com/mmatthewwttv"},"parent":"5736b9c7-b770-4571-a232-27d70db1aa66","next":"94c36a21-d2f8-4448-b1b0-9100c3df706d"},"5736b9c7-b770-4571-a232-27d70db1aa66":{"name":"Matthew","character_uuid":"492eaa9a-03cc-472d-93e8-ff4bc8fc59b0","text":{"en":"","fr":"","es":"Also, soy el mejor jungla de Michigan"},"parent":"a3c603ba-9c32-4601-81cd-d63f32d60f2a","next":"e63f64d6-98fe-4aec-82a0-51e6328a61cf"},"36cabc77-6ee2-41b8-869b-3f80a7e668aa":{"name":"Narrado","character_uuid":"492eaa9a-03cc-472d-93e8-ff4bc8fc59b0","text":{"en":"","fr":"","es":"en fin, ahora le toca a..."},"parent":"94c36a21-d2f8-4448-b1b0-9100c3df706d","choices":[{"text":{"en":"","fr":"","es":"La chica de la boina"},"next":"1006bd41-c606-4729-a704-c897cdfb136e","parent":"36cabc77-6ee2-41b8-869b-3f80a7e668aa"},{"text":{"en":"","fr":"","es":"La chica de la falda rosa"},"next":"a5940863-7db4-4490-8ebb-c4bc63da75df","parent":"36cabc77-6ee2-41b8-869b-3f80a7e668aa"},{"text":{"en":"","fr":"","es":"El chico del chaleco azul"},"next":"fec320ff-2a86-44c0-9791-d4c01e323eed","parent":"36cabc77-6ee2-41b8-869b-3f80a7e668aa"}]},"a5940863-7db4-4490-8ebb-c4bc63da75df":{"name":"Delilah","character_uuid":"492eaa9a-03cc-472d-93e8-ff4bc8fc59b0","text":{"en":"","fr":"","es":"Soy Delilah Medina, encantada de conoceros"},"parent":"84eabbd3-766d-4268-a8a7-55eaf57269ec","next":"0f7f238f-2383-4a75-aa31-b36398d5b24a"},"1006bd41-c606-4729-a704-c897cdfb136e":{"name":"Camille","character_uuid":"492eaa9a-03cc-472d-93e8-ff4bc8fc59b0","text":{"en":"","fr":"","es":"Me llamo Camille Durant, soy de Toulouse y vengo por obligación de mis padres"},"parent":"573f90f6-71bc-4877-982e-ca0af6628a00","next":"59ccab99-5f35-4e86-aed6-599bcdfc2788"},"59ccab99-5f35-4e86-aed6-599bcdfc2788":{"name":"Camille","character_uuid":"492eaa9a-03cc-472d-93e8-ff4bc8fc59b0","text":{"en":"","fr":"","es":"De no ser por su insistencia seguiria en Toulouse y no en esta... curiosa...clase..."},"parent":"1006bd41-c606-4729-a704-c897cdfb136e","next":"c44a56e1-d849-4e3f-a350-8c23584283de"},"c44a56e1-d849-4e3f-a350-8c23584283de":{"name":"T/N","character_uuid":"492eaa9a-03cc-472d-93e8-ff4bc8fc59b0","text":{"en":"","fr":"","es":"Un placer conocerte Camille, el siguiente sera..."},"parent":"59ccab99-5f35-4e86-aed6-599bcdfc2788","choices":[{"text":{"en":"","fr":"","es":"La chica de la falda rosa"},"next":"a40c5689-9610-43db-b69f-d19d44fc6f4f","parent":"c44a56e1-d849-4e3f-a350-8c23584283de"},{"text":{"en":"","fr":"","es":"El chico del chaleco azul"},"next":"00b09af5-68a1-42a7-b1d1-b3b98b8dc174","parent":"c44a56e1-d849-4e3f-a350-8c23584283de"}]},"26ca32fd-f6e3-49c2-a623-75c5ea646531":{"name":"T/N","character_uuid":"492eaa9a-03cc-472d-93e8-ff4bc8fc59b0","text":{"en":"","fr":"","es":"Mucho gusto Delilah, ahora le toca a..."},"parent":"0f7f238f-2383-4a75-aa31-b36398d5b24a","choices":[{"text":{"en":"","fr":"","es":"La chica de la boina"},"next":"1cd17b33-9e2f-4c95-8ac3-9f4d59dd5637","parent":"26ca32fd-f6e3-49c2-a623-75c5ea646531"},{"text":{"en":"","fr":"","es":"El chico del chaleco azul"},"next":"aa8b49c6-975d-49f8-8668-19aac336a91d","parent":"26ca32fd-f6e3-49c2-a623-75c5ea646531"}]},"0f7f238f-2383-4a75-aa31-b36398d5b24a":{"name":"Delilah","character_uuid":"492eaa9a-03cc-472d-93e8-ff4bc8fc59b0","text":{"en":"","fr":"","es":"He venido con mi mascota Guiko  desde Panabo, Filipinas"},"parent":"a5940863-7db4-4490-8ebb-c4bc63da75df","next":"26ca32fd-f6e3-49c2-a623-75c5ea646531"},"1cd17b33-9e2f-4c95-8ac3-9f4d59dd5637":{"name":"Camille","character_uuid":"492eaa9a-03cc-472d-93e8-ff4bc8fc59b0","text":{"en":"","fr":"","es":"Me llamo Camille Durant, soy de Toulouse y vengo por obligación de mis padres"},"parent":"1d699bb0-4a01-4826-9d00-3ee414c7e60b","next":"abd36d44-a1a6-451d-a2c2-52543d01a455"},"28eed7ef-a4d7-4298-aa25-e505616e85e7":{"name":"T/N","character_uuid":"492eaa9a-03cc-472d-93e8-ff4bc8fc59b0","text":{"en":"","fr":"","es":"Un placer conocerte Camille, el siguiente sera..."},"parent":"abd36d44-a1a6-451d-a2c2-52543d01a455","next":"d3fdd37e-5946-4e30-933f-20b28531d2e7"},"abd36d44-a1a6-451d-a2c2-52543d01a455":{"name":"Camille","character_uuid":"492eaa9a-03cc-472d-93e8-ff4bc8fc59b0","text":{"en":"","fr":"","es":"De no ser por su insistencia seguiria en Toulouse y no en esta... curiosa...clase..."},"parent":"1cd17b33-9e2f-4c95-8ac3-9f4d59dd5637","next":"28eed7ef-a4d7-4298-aa25-e505616e85e7"},"aa8b49c6-975d-49f8-8668-19aac336a91d":{"name":"Richard","character_uuid":"492eaa9a-03cc-472d-93e8-ff4bc8fc59b0","text":{"en":"","fr":"","es":"Buenos dias, me presento, soy Richard Dickinson"},"parent":"6549c23b-ff50-4818-bbf0-490802915f10","next":"96ce174c-6921-43fe-bbcf-72742dfbcde8"},"fe7383ec-f229-4747-a2d0-a035a6a52d3b":{"name":"Richard","character_uuid":"492eaa9a-03cc-472d-93e8-ff4bc8fc59b0","text":{"en":"","fr":"","es":"Solo me interesan los puntos extra que pueda ganar con el intercambio, no vengo a hacer amigos"},"parent":"96ce174c-6921-43fe-bbcf-72742dfbcde8","next":"5cef46e6-fd4a-4b25-ba0d-07c0691808be"},"96ce174c-6921-43fe-bbcf-72742dfbcde8":{"name":"Richard","character_uuid":"492eaa9a-03cc-472d-93e8-ff4bc8fc59b0","text":{"en":"","fr":"","es":"Soy estudiante del Eton College, Colegio de Nuestra Señora de Eton para vosotros..."},"parent":"aa8b49c6-975d-49f8-8668-19aac336a91d","next":"fe7383ec-f229-4747-a2d0-a035a6a52d3b"},"5cef46e6-fd4a-4b25-ba0d-07c0691808be":{"name":"T/N","character_uuid":"492eaa9a-03cc-472d-93e8-ff4bc8fc59b0","text":{"en":"","fr":"","es":"ª    , entiendo haré lo posible por ayudarte con ello"},"parent":"fe7383ec-f229-4747-a2d0-a035a6a52d3b","next":"d733bc6e-5497-4ae1-83b1-115808987edc"},"539e005a-e022-45d6-b559-d5aee7e1ef27":{"name":"T/N","character_uuid":"492eaa9a-03cc-472d-93e8-ff4bc8fc59b0","text":{"en":"","fr":"","es":"ª    , entiendo haré lo posible por ayudarte con ello"},"parent":"050b26b2-346a-4d14-82bd-b672807b481f","next":"408f3c94-c1af-4298-9d16-577ff1dda145"},"050b26b2-346a-4d14-82bd-b672807b481f":{"name":"Richard","character_uuid":"492eaa9a-03cc-472d-93e8-ff4bc8fc59b0","text":{"en":"","fr":"","es":"Solo me interesan los puntos extra que pueda ganar con el intercambio, no vengo a hacer amigos"},"next":"539e005a-e022-45d6-b559-d5aee7e1ef27","parent":"fc73f6bc-7b9c-4486-b989-d7c58861781c"},"fc73f6bc-7b9c-4486-b989-d7c58861781c":{"name":"Richard","character_uuid":"492eaa9a-03cc-472d-93e8-ff4bc8fc59b0","text":{"en":"","fr":"","es":"Soy estudiante del Eton College, Colegio de Nuestra Señora de Eton para vosotros..."},"next":"050b26b2-346a-4d14-82bd-b672807b481f","parent":"fec320ff-2a86-44c0-9791-d4c01e323eed"},"fec320ff-2a86-44c0-9791-d4c01e323eed":{"name":"Richard","character_uuid":"492eaa9a-03cc-472d-93e8-ff4bc8fc59b0","text":{"en":"","fr":"","es":"Buenos dias, me presento, soy Richard Dickinson"},"parent":"0e643780-6ae4-4ef5-bb05-3822becb748d","next":"fc73f6bc-7b9c-4486-b989-d7c58861781c"},"b0007892-8f81-44f3-983c-6f76a8933eb2":{"name":"T/N","character_uuid":"492eaa9a-03cc-472d-93e8-ff4bc8fc59b0","text":{"en":"","fr":"","es":"En cualquier caso, ahora le toca a..."},"parent":"3c2c7da7-1463-453f-b85c-b6427edb49b7","choices":[{"text":{"en":"","fr":"","es":"La chica de la boina"},"next":"2050ac71-645a-4369-95f7-44039f5856cd","parent":"c3a0b5b9-3e5d-429c-86ff-1b438bf4bad4"},{"text":{"en":"","fr":"","es":"El chico de la sudadera roja"},"next":"602db7d3-80e8-438d-8576-ffe3058ff8a3","parent":"c3a0b5b9-3e5d-429c-86ff-1b438bf4bad4"}]},"408f3c94-c1af-4298-9d16-577ff1dda145":{"name":"T/N","character_uuid":"492eaa9a-03cc-472d-93e8-ff4bc8fc59b0","text":{"en":"","fr":"","es":"En cualquier caso, ahora le toca a..."},"parent":"539e005a-e022-45d6-b559-d5aee7e1ef27","choices":[{"text":{"en":"","fr":"","es":"La chica de la falda rosa"},"next":"0ff8adf2-3160-4481-97c1-96a66f4ab98b","parent":"ff5e7f21-d613-4c4f-9e1e-ff421d11437d"},{"text":{"en":"","fr":"","es":"La chica de la boina"},"next":"61f2c967-052b-4008-b24c-059470cd882c","parent":"ff5e7f21-d613-4c4f-9e1e-ff421d11437d"}]},"2516619b-6bb2-4caf-a386-4de7346c7996":{"name":"T/N","character_uuid":"492eaa9a-03cc-472d-93e8-ff4bc8fc59b0","text":{"en":"","fr":"","es":"ª    , entiendo haré lo posible por ayudarte con ello"},"parent":"1b2e03fb-bb7a-47d7-b03e-76fa7bebd019"},"1b2e03fb-bb7a-47d7-b03e-76fa7bebd019":{"name":"Richard","character_uuid":"492eaa9a-03cc-472d-93e8-ff4bc8fc59b0","text":{"en":"","fr":"","es":"Solo me interesan los puntos extra que pueda ganar con el intercambio, no vengo a hacer amigos"},"parent":"348bfe10-9b5f-460e-a703-56f9a819647f","next":"2516619b-6bb2-4caf-a386-4de7346c7996"},"19a80600-2edd-4aa9-98f1-3010825239f8":{"name":"Richard","character_uuid":"492eaa9a-03cc-472d-93e8-ff4bc8fc59b0","text":{"en":"","fr":"","es":"Buenos dias, me presento, soy Richard Dickinson"},"parent":"4bd162d1-861e-4405-ab09-5268e96a12bd","next":"348bfe10-9b5f-460e-a703-56f9a819647f"},"348bfe10-9b5f-460e-a703-56f9a819647f":{"name":"Richard","character_uuid":"492eaa9a-03cc-472d-93e8-ff4bc8fc59b0","text":{"en":"","fr":"","es":"Soy estudiante del Eton College, Colegio de Nuestra Señora de Eton para vosotros..."},"parent":"19a80600-2edd-4aa9-98f1-3010825239f8","next":"1b2e03fb-bb7a-47d7-b03e-76fa7bebd019"},"e77bb2c9-5b05-4402-b6bd-3abaaf90d64f":{"name":"T/N","character_uuid":"492eaa9a-03cc-472d-93e8-ff4bc8fc59b0","text":{"en":"","fr":"","es":"en fin, ahora le toca a..."},"choices":[{"text":{"en":"","fr":"","es":"La chica de la boina"},"next":"11556918-3d90-431c-b1e7-03b27ff9d068","parent":"e77bb2c9-5b05-4402-b6bd-3abaaf90d64f"},{"text":{"en":"","fr":"","es":"La chica de la falda rosa"},"next":"1c65779a-26f3-4dba-aae4-165ed66bbb48","parent":"e77bb2c9-5b05-4402-b6bd-3abaaf90d64f"},{"text":{"en":"","fr":"","es":"El chico de la sudadera roja"},"next":"140c2300-6075-4c11-af69-190ffbb8cc6e","parent":"e77bb2c9-5b05-4402-b6bd-3abaaf90d64f"}]},"cec50225-0caf-44f2-95c0-082248255597":{"name":"T/N","character_uuid":"492eaa9a-03cc-472d-93e8-ff4bc8fc59b0","text":{"en":"","fr":"","es":"Un placer conocerte Camille, el siguiente sera..."},"parent":"cc1b3951-576c-4c9a-a0b0-13ea0c6148b2","choices":[{"text":{"en":"","fr":"","es":"La chica de la falda rosa"},"next":"ed79eb5e-9cff-4998-9dc7-e1cd834c0b86","parent":"cec50225-0caf-44f2-95c0-082248255597"},{"text":{"en":"","fr":"","es":"El chico de la sudadera roja"},"next":"08c4b939-55db-47de-8025-8209513c7cd6","parent":"cec50225-0caf-44f2-95c0-082248255597"}]},"11556918-3d90-431c-b1e7-03b27ff9d068":{"name":"Camille","character_uuid":"492eaa9a-03cc-472d-93e8-ff4bc8fc59b0","text":{"en":"","fr":"","es":"Me llamo Camille Durant, soy de Toulouse y vengo por obligación de mis padres"},"parent":"d201197a-5017-4ec3-a7b4-6bc7c12a740f","next":"cc1b3951-576c-4c9a-a0b0-13ea0c6148b2"},"cc1b3951-576c-4c9a-a0b0-13ea0c6148b2":{"name":"Camille","character_uuid":"492eaa9a-03cc-472d-93e8-ff4bc8fc59b0","text":{"en":"","fr":"","es":"De no ser por su insistencia seguiria en Toulouse y no en esta... curiosa...clase..."},"parent":"11556918-3d90-431c-b1e7-03b27ff9d068","next":"cec50225-0caf-44f2-95c0-082248255597"},"c3a0b5b9-3e5d-429c-86ff-1b438bf4bad4":{"name":"T/N","character_uuid":"492eaa9a-03cc-472d-93e8-ff4bc8fc59b0","text":{"en":"","fr":"","es":"Mucho gusto Delilah, ahora le toca a..."},"parent":"74a75f45-62d9-4643-91e6-6cb7b5474a4c","choices":[{"text":{"en":"","fr":"","es":"La chica de la boina"},"next":"2050ac71-645a-4369-95f7-44039f5856cd","parent":"c3a0b5b9-3e5d-429c-86ff-1b438bf4bad4"},{"text":{"en":"","fr":"","es":"El chico de la sudadera roja"},"next":"602db7d3-80e8-438d-8576-ffe3058ff8a3","parent":"c3a0b5b9-3e5d-429c-86ff-1b438bf4bad4"}]},"74a75f45-62d9-4643-91e6-6cb7b5474a4c":{"name":"Delilah","character_uuid":"492eaa9a-03cc-472d-93e8-ff4bc8fc59b0","text":{"en":"","fr":"","es":"He venido con mi mascota Guiko  desde Panabo, Filipinas"},"parent":"1c65779a-26f3-4dba-aae4-165ed66bbb48","next":"c3a0b5b9-3e5d-429c-86ff-1b438bf4bad4"},"1c65779a-26f3-4dba-aae4-165ed66bbb48":{"name":"Delilah","character_uuid":"492eaa9a-03cc-472d-93e8-ff4bc8fc59b0","text":{"en":"","fr":"","es":"Soy Delilah Medina, encantada de conoceros"},"parent":"1846d5d7-5caf-4a2c-a9c8-59dc907408ee","next":"74a75f45-62d9-4643-91e6-6cb7b5474a4c"},"18e63364-6a15-4ada-9b9d-88814ce5ba78":{"name":"T/N","character_uuid":"492eaa9a-03cc-472d-93e8-ff4bc8fc59b0","text":{"en":"","fr":"","es":"¿Por qué acabas de decir dos links enteros hablando?"},"parent":"84a3bb1a-3f67-4e02-be76-ff8d6bb72bde","next":"ff5e7f21-d613-4c4f-9e1e-ff421d11437d"},"84a3bb1a-3f67-4e02-be76-ff8d6bb72bde":{"name":"Matthew","character_uuid":"492eaa9a-03cc-472d-93e8-ff4bc8fc59b0","text":{"en":"","fr":"","es":"Seguidme en https://www.twitch.tv/mmatthewwttv y en https://twitter.com/mmatthewwttv"},"parent":"c669aaee-0a63-4078-9318-14ada689f560","next":"18e63364-6a15-4ada-9b9d-88814ce5ba78"},"c669aaee-0a63-4078-9318-14ada689f560":{"name":"Matthew","character_uuid":"492eaa9a-03cc-472d-93e8-ff4bc8fc59b0","text":{"en":"","fr":"","es":"Also, soy el mejor jungla de Michigan"},"parent":"140c2300-6075-4c11-af69-190ffbb8cc6e","next":"84a3bb1a-3f67-4e02-be76-ff8d6bb72bde"},"140c2300-6075-4c11-af69-190ffbb8cc6e":{"name":"Matthew","character_uuid":"492eaa9a-03cc-472d-93e8-ff4bc8fc59b0","text":{"en":"","fr":"","es":"Yo soy Matthew Roberts, el mejor streamer del mundo, soy challenger en el lol y  main reyna"},"parent":"b2cf7597-e233-4138-b048-c07a760f02c0","next":"c669aaee-0a63-4078-9318-14ada689f560"},"ff5e7f21-d613-4c4f-9e1e-ff421d11437d":{"name":"T/N","character_uuid":"492eaa9a-03cc-472d-93e8-ff4bc8fc59b0","text":{"en":"","fr":"","es":"en fin, ahora le toca a..."},"parent":"18e63364-6a15-4ada-9b9d-88814ce5ba78","choices":[{"text":{"en":"","fr":"","es":"La chica de la falda rosa"},"next":"0ff8adf2-3160-4481-97c1-96a66f4ab98b","parent":"ff5e7f21-d613-4c4f-9e1e-ff421d11437d"},{"text":{"en":"","fr":"","es":"La chica de la boina"},"next":"61f2c967-052b-4008-b24c-059470cd882c","parent":"ff5e7f21-d613-4c4f-9e1e-ff421d11437d"}]}}